full_text,clean_text,sentiment,confidence,label_final
bapaku di negri sendiri bisa hasilin 75jt sebulan🙏 #staydinegaraasu,bapaku di negri sendiri bisa hasilin jt sebulan staydinegaraasu,positif,33.78,positif
pergi lah ke tempat dimana kau di hargai,pergi lah ke tempat dimana kamu di hargai,netral,34.22,netral
iya bang q kmrn nyari kerja muter2 pdhl pingin bntu perekonomian kluarga tp susahnya 😭😭ya alloh..,iya bang q kemarin mencari kerja muter pdhl pingin bntu perekonomian keluarga tapi susahnya iya alloh,positif,34.59,positif
aamiinin aja dulu,aamiinin saja dulu,positif,34.82,positif
"mau juga, tapi kehalang restu ortu😅",mau juga tapi kehalang restu orang tua,positif,35.11,positif
"buat yg kerja di LN karena generasi sandwich, misal orang2 yg kalian tanggung ikut tinggal pindah brg kalian tapi ya ikut pindah aja, bukan ikut kerja, kalo di itung2 gaji kalian masih mencukupi dan tetep bisa nabung ga yaa?",buat yang kerja di ln karena generasi sandwich misal orang yang kalian tanggung ikut tinggal pindah bareng kalian tapi iya ikut pindah saja bukan ikut kerja kalau di hitung gaji kalian masih mencukupi dan tetep bisa nabung ga yaa,netral,35.2,netral
kita ckup menonton ya?,kita ckup menonton iya,netral,35.87,netral
Kalian kalo msh ada kesempatan buat milih kerja Mending kerja di luar negeri,kalian kalau masih ada kesempatan buat milih kerja lebih baik kerja di luar negeri,negatif,35.97,negatif
yg masi belain prabowo apalagi pmerentah cobain dah kerja ato tinggal di luar negeri wkwkwkw,yang masi belain prabowo apalagi pmerentah cobain deh kerja atau tinggal di luar negeri wkwkwkw,negatif,36.12,negatif
oke nice info bro makasih,oke nice informasi saudara laki-laki terima kasih,negatif,36.42,negatif
kami nasionalisme terhadap tanah air bukan para pejabat😂,kami nasionalisme terhadap tanah air bukan para pejabat,netral,37.07,netral
pngn tpi smih smp🗿,pngn tapi smih smp,netral,37.43,netral
@st4rjuyz Iya juga sih tapi tergantung negara mana gitu dan bahasanya beda beda coba aja cari website khusus kerja di luar negeri di Google kan banyak,iya juga sih tapi tergantung negara mana gitu dan bahasanya beda beda coba saja cari website khusus kerja di luar negeri di google kan banyak,netral,37.48,netral
"pengen kabur tapi udh terlanjur kuliah smt 2, semoga bisa lulus tepat waktu abis itu cuss #kaburajadulu aamiin",pengen kabur tapi udh terlanjur kuliah smt semoga bisa lulus tepat waktu habis itu cuss kaburajadulu aamiin,negatif,37.53,negatif
Sedang saya usahakan 😭Solusinya punya suami orang LN biar bisa bulak balik biar ga sengsara trus2an di indo🤣🤣,sedang saya usahakan solusinya punya suami orang ln biar bisa bulak balik biar ga sengsara trusan di indo,positif,37.78,positif
paris🤍🧎‍♀️,paris,negatif,37.86,negatif
harus bisa semua skill kalo bisa bang wkwkwk🤣🤣🤣,harus bisa semua skill kalau bisa bang wkwkwk,positif,38.09,positif
cita cita ku hidup 5thn dijepang tapi saat ini masih belum tercapai.,cita cita ku hidup tahun dijepang tapi saat ini masih belum tercapai,positif,38.21,positif
bahkan dia sama kamu ga apple to apple 😌🤏🏻,bahkan dia sama kamu ga apple to apple,netral,38.28,netral
"Aku meh nyang pluto pan, tenang koyone 😭",aku meh nyang pluto pan tenang koyone,netral,38.34,netral
oke sydney pemenangnya #KaburAjaDulu,oke sydney pemenangnya kaburajadulu,negatif,38.53,negatif
"mau juga tp, 🫴🏻💵",mau juga tapi,positif,38.7,positif
Banyak banget yang tanya Kak ngurusin berkas Ausbildung tuh ribet ya? Jujur prosesnya emang agak bikin clueless kalau ngurusinnya sendirian Tapi sini deh yuk kita bahas! #workabroad #kerjaluarnegeri #kaburajadulu #kerjajerman,banyak banget yang tanya kak ngurusin berkas ausbildung tuh ribet iya jujur prosesnya emang agak bikin clueless kalau ngurusinnya sendirian tapi sini deh yuk kita bahas workabroad kerjaluarnegeri kaburajadulu kerjajerman,negatif,38.8,negatif
"opini ku,kita perbaiki Indonesia jangan ninggalin Indonesia hanya karna negara kita lagi menghadapi masalah,Jangan bandingin negara indo lain kita perbaiki sama² lebih bijak memilih pemerintah",opini ku kita perbaiki indonesia jangan ninggalin indonesia hanya karena negara kita lagi menghadapi masalah jangan bandingin negara indo lain kita perbaiki sama² lebih bijak memilih pemerintah,positif,38.88,positif
ni ada studytwt tpi khusus buat fokus ngincer S2 di luar negeri kah? I seriously considering S2 abroad buat #kaburajadulu,ini ada studytwt tapi khusus buat fokus ngincer s di luar negeri kah i seriously considering s abroad buat kaburajadulu,netral,38.92,netral
@worksfess Mending freelance luar negeri aja nder temenku ada dan kerja di rumah lg.,lebih baik freelance luar negeri saja nder temenku ada dan kerja di rumah lagi,netral,38.93,netral
#KaburAjaDulu pernah ramai beberapa waktu lalu aku pun pernah mencobanya berharap hidup jadi lebih baik. Tapi sebenarnya apakah kabur adalah solusi yang tepat? Baca artikel Edwin selengkapnya di: https://t.co/UahGFOeLmL,kaburajadulu pernah ramai beberapa waktu lalu aku pun pernah mencobanya berharap hidup jadi lebih baik tapi sebenarnya apakah kabur adalah solusi yang tepat baca artikel edwin selengkapnya di,positif,38.96,positif
kata gua mba kun mas poci sama mbah wewe gombel mending #KaburAjaDulu deh,kata saya mbak kun mas poci sama mbah wewe gombel lebih baik kaburajadulu deh,negatif,39.08,negatif
ini ni👍,ini ini,netral,39.11,netral
Padahal gampang kok menjadikan Indonesia sejahtera. gratiskan mereka yang ingin kerja ke luar Negeri. TKI &amp; TKW yang pulang dapat diskon pajak. Gastrodiplomacy. STOP MBG Dorong PEMDA untuk perbaiki jalan &amp; jembatan. promosikan wisata lokal. tambah beasiswa,padahal gampang kok menjadikan indonesia sejahtera gratiskan mereka yang ingin kerja ke luar negeri tki amp tkw yang pulang dapat diskon pajak gastrodiplomacy stop mbg dorong pemerintah daerah untuk perbaiki jalan amp jembatan promosikan wisata lokal tambah beasiswa,positif,39.34,positif
"kerja di luar negeri itu bukan soal gaji lebih tinggi pengeluaran lebih tinggi, tp liat gimana fasilitas yang pemerintah sana berikan untuk warganya. dari sektor pendidikan, faskes, transum dll",kerja di luar negeri itu bukan soal gaji lebih tinggi pengeluaran lebih tinggi tapi lihat bagaimana fasilitas yang pemerintah sana berikan untuk warganya dari sektor pendidikan faskes transum dan lain-lain,netral,39.39,netral
Long tweet: Aksesibilitas Web modal #kaburajadulu Okay satu hal yang berbeda dengan ngikutin tutorial React buatan luar dengan tutorial dari dalam negeri adalah: di setiap fase dikasih tau soal aksesibilitas dari komponen yang bersangkutan gimana nambah aria dan bahkan https://t.co/sSV0yPXfd3,long tweet aksesibilitas web modal kaburajadulu okay satu hal yang berbeda dengan ngikutin tutorial react buatan luar dengan tutorial dari dalam negeri adalah di setiap fase dikasih tahu soal aksesibilitas dari komponen yang bersangkutan bagaimana nambah aria dan bahkan,positif,39.54,positif
bukan trem tapi kemauan diri sendiri,bukan trem tapi kemauan diri sendiri,netral,39.64,netral
Sebenernya umr aja cukup bng istri sama buat beli rumah yg menting tau takaran gaya kita dan circle kita bng cmiiw,sebenernya umr saja cukup bng istri sama buat beli rumah yang menting tahu takaran gaya kita dan circle kita bng correct me if i'm wrong,positif,39.7,positif
loh #KaburAjaDulu kan inspirasinya dari lu sendiri pas kabur ke Yordania https://t.co/D9gbLRnsYM,loh kaburajadulu kan inspirasinya dari kamu sendiri pas kabur ke yordania,positif,39.76,positif
@tanyarlfes Kalo ada kesempatan ke luar negeri (should be trusted ya please hati-hati) mending #kaburajadulu nder,kalau ada kesempatan ke luar negeri should be trusted iya please hati hati lebih baik kaburajadulu nder,netral,39.8,netral
"ikut, gua mau kek negara Amerika",ikut saya mau seperti negara amerika,negatif,40.09,negatif
Bissmillahirrahmanirrahim! akhir bulan COE turun sekalian visa. Gasss jepanggg😇 #kaburajadulu,bissmillahirrahmanirrahim akhir bulan coe turun sekalian visa gasss jepanggg kaburajadulu,positif,40.23,positif
"Kak semua orang bayar pajak, how to be respect, thats it. Attitude itu modal paling awal apalagi kalau kamu mau pergi ke luar negri",kak semua orang bayar pajak how to be respect thats it attitude itu modal paling awal apalagi kalau kamu mau pergi ke luar negri,negatif,40.28,negatif
Lah Bang samaa. Ya Allah izinkan hamba buat #kaburajadulu,lah bang samaa iya allah izinkan hamba buat kaburajadulu,negatif,40.44,negatif
ngasih kesempatan buat sampah bisa naik keatas tanpa persaingan,memberikan kesempatan buat sampah bisa naik keatas tanpa persaingan,netral,40.44,netral
@ThatSun510 @truthspace_ @hanan052020 @wannafigh yg belum bersih itu biasanya yang baru2 #kaburajadulu dan yang mau dan bisa membaur ama lokal.,yang belum bersih itu biasanya yang baru kaburajadulu dan yang mau dan bisa membaur sama lokal,negatif,40.48,negatif
gak punya duit tapi pingin kaburajadulu ayo belajar sampe bisa dapetin beasiswa dari luar 🙂,gak punya duit tapi pingin kaburajadulu ayo belajar sampai bisa dapetin beasiswa dari luar,positif,40.52,positif
iya bner termasuk sy ..,iya bner termasuk saya,netral,40.52,netral
"setalah mendengar berita itu, semangat ku untuk mengejar cita² ku menjadi semakin tinggi.",setalah mendengar berita itu semangat ku untuk mengejar cita² ku menjadi semakin tinggi,netral,40.6,netral
Udah kelar tinggal nyari kerja ke luar negeri untuk mengurangi pengangguran di Indonesia https://t.co/eXzVdH1jZQ,sudah kelar tinggal mencari kerja ke luar negeri untuk mengurangi pengangguran di indonesia,netral,40.81,netral
gwa juga pengin tapi gwa lidah jawa,gwa juga pengin tapi gwa lidah jawa,negatif,40.91,negatif
"anda selamat bang, disini 30th dh brasa jompo. mna serba pke duit mlu 😭😭😭",anda selamat bang disini th dh brasa jompo mna serba pke duit mlu,negatif,41.15,negatif
So perkenalkan ini teman lama saya. Pernah viral dan dimuat di majalah Chip sebagai freelancer 50 jt . Dulu ketemu ama beliau di Sabuga. Dulunya WebDev (dan mungkin masih) tapi setelah #KaburAjaDulu ke Talinn🇪🇪 ternyata malah ngerjain aplikasi dan bikin device untuk musik.,so perkenalkan ini teman lama saya pernah viral dan dimuat di majalah chip sebagai freelancer jt dulu ketemu sama beliau di sabuga dulunya webdev dan mungkin masih tapi setelah kaburajadulu ke talinn ternyata bahkan ngerjain aplikasi dan bikin device untuk musik,netral,41.27,netral
@Franken_blues #kaburajadulu yg penting umroh :),kaburajadulu yang penting umroh,positif,41.34,positif
"gaji umr, tapi skillnya harus bisa mengendalikan air,api,angin,dan tanah🥲",gaji umr tapi skillnya harus bisa mengendalikan air api angin dan tanah,positif,41.38,positif
"#kaburajadulu❌
#wajibkabur✔️",kaburajadulu wajibkabur,negatif,41.46,negatif
"Wkwkwk bener banget, klo bs cabut ya mending cabut dr Indo",wkwkwk benar banget kalau bisa pergi iya lebih baik pergi dr indo,negatif,41.47,negatif
@NanangIndra11 @DokterTifa @prabowo Yang bikin 100 pabrik investasi luar negeri itu presiden dan wapres.. 100 pabrik itu bakal ada tenaga kerja kang ojek warung nasi sekitar pabrik dan semua sektor ekonomi lainnya Anggaran MBG 300T bisa buat 100 pabrik bang,yang bikin pabrik investasi luar negeri itu presiden dan wapres pabrik itu bakal ada tenaga kerja kang ojek warung nasi sekitar pabrik dan semua sektor ekonomi lainnya anggaran mbg t bisa buat pabrik bang,positif,41.56,positif
bang ikut ndong😭😭😭,bang ikut ndong,netral,41.7,netral
@hansdavidian alumnus pertama #KaburAjaDulu,alumnus pertama kaburajadulu,netral,41.72,netral
WFHnya keluar negeri ya pak #KaburAjaDulu,wfhnya keluar negeri iya pak kaburajadulu,negatif,41.77,negatif
mending fokusin buat kerja ke luar negeri atau kuliah di ut sambil kerja,lebih baik fokusin buat kerja ke luar negeri atau kuliah di ut sambil kerja,netral,41.84,netral
yok penuhin luar negri dengan semua orang indo🗿🗿,yok penuhin luar negri dengan semua orang indo,negatif,41.85,negatif
inget yang punya orang tua woii,inget yang punya orang tua woii,positif,41.9,positif
@pandanlafte Skrg spesifikasi lamaran kerjaan makin makin mana ga bisa dipake langsung kalo mau kerja di luar negeri kayaknya lebih gampang jadi anggota lembaga legislatif yak drpd kerja sesuai jurusan ,skrg spesifikasi lamaran kerjaan makin makin mana ga bisa dipake langsung kalau mau kerja di luar negeri kayaknya lebih gampang jadi anggota lembaga legislatif yak drpd kerja sesuai jurusan,negatif,41.94,negatif
"Mintanya pengalaman, kalo gitu semua lah yg freshgraduate mau dapat pengalaman dimana 😭 blm ada umur dll juga",mintanya pengalaman kalau gitu semua lah yang freshgraduate mau dapat pengalaman dimana belum ada umur dan lain-lain juga,positif,41.94,positif
@worksfess Nyari kerja di Luar negeri ga semudah itu bahasa bisa dipelajari,mencari kerja di luar negeri ga semudah itu bahasa bisa dipelajari,negatif,41.95,negatif
Cone toll🗿🗿,cone toll,netral,41.96,netral
ngerti bahasa thailand gak?,mengerti bahasa thailand gak,positif,41.98,positif
sama lgi bg,sama lagi abang,positif,42.05,positif
100% bahkan puluhan persen klw kalian ada kesempatan mending kerja di luar negri untuk merubah nasib & membahagiakan orang tua.,bahkan puluhan persen kalau kalian ada kesempatan lebih baik kerja di luar negri untuk merubah nasib membahagiakan orang tua,negatif,42.07,negatif
"dan lu hrus inget jga , lu kalo udh ke amrik lu ga bakal bia balik ke indo sblum ad greend card, karna kalo lu blom ad lu memaksa ke indo bisa mines nya lu ga bisa balik ke amrik lg, grndcrd lm dpt ny",dan kamu harus inget juga kamu kalau udh ke amrik kamu ga bakal bia balik ke indo sblum ada greend card karena kalau kamu blom ada kamu memaksa ke indo bisa mines nya kamu ga bisa balik ke amrik lagi grndcrd lm dapat ny,positif,42.09,positif
"ya loe pergi sana,kalau loe mampu,",iya kamu pergi sana kalau kamu mampu,positif,42.18,positif
"tapi perlu digaris bawahi bahwa kerja di luar belum tentu lebih baik daripada di indo kalau hanya dilihat masalah gaji aja, soalnya papaku pernah kerja di US kurleb 10 thn di kapal pesiar",tapi perlu digaris bawahi bahwa kerja di luar belum tentu lebih baik daripada di indo kalau hanya dilihat masalah gaji saja soalnya papaku pernah kerja di us kurleb tahun di kapal pesiar,negatif,42.3,negatif
"Nasionalisme soal hati, bukan soal domisili.",nasionalisme soal hati bukan soal domisili,netral,42.33,netral
ahahah fr,ahahah fr,positif,42.33,positif
hati2 setiap masalah di negara manapun itu sama,hati setiap masalah di negara manapun itu sama,positif,42.33,positif
@KucengTerbanggg #kaburajadulu masih bisa gasih?,kaburajadulu masih bisa gasih,negatif,42.41,negatif
kalau punya akses pengen keluar negri,kalau punya akses pengen keluar negri,netral,42.42,netral
mau bgt sekeluarga tapi... 💵💵 nya belum kekumpul.. ☺,mau banget sekeluarga tapi nya belum kekumpul,positif,42.44,positif
@CNNIndonesia Pemerintah bilang bangun IKN ga pake APBN aja saya percaya.,pemerintah bilang bangun ikn ga pakai apbn saja saya percaya,netral,42.46,netral
@Serendipityflt_ citra penculik yg jadi pelopor #KaburAjaDulu ,citra penculik yang jadi pelopor kaburajadulu,positif,42.5,positif
selama nganggur tingkatin skill ka gpp sembari nunggu panggilan kerja,selama tidak punya pekerjaan tingkatin skill kakak tidak apa-apa sembari nunggu panggilan kerja,netral,42.51,netral
nah itu,nah itu,netral,42.56,netral
@ceoconan bentar doang tp setidaknya simulasi #kaburajadulu yakk,sebentar doang tapi setidaknya simulasi kaburajadulu yakk,netral,42.56,netral
gajinya pun 800rb paling tinggi 1jt an😂,gajinya pun rb paling tinggi jt an,negatif,42.58,negatif
Ini peluang utk #kaburajadulu,ini peluang untuk kaburajadulu,netral,42.59,netral
"Tergantung daerah juga pribadi
kalo emang hemat ngga aneh² kecil
pengalaman sendiri pngeluaran buat mkan 2jt+ jln²,dll sekitar 2jtan
dg gaji bersihku 16-18 msih bisa nabung 12-14
cuma ngga semua gini",tergantung daerah juga pribadi kalau emang hemat tidak aneh² kecil pengalaman sendiri pngeluaran buat mkan jt jln² dan lain-lain sekitar jtan dg gaji bersihku msih bisa nabung cuma tidak semua gini,positif,42.61,positif
akukalo ga terhalang anak dan suami kayanya akan aku usahakan kabur ke jepang,akukalo ga terhalang anak dan suami kayaknya akan aku usahakan kabur ke jepang,negatif,42.62,negatif
jadi kepikiran apakah emang kelas menengah indonesia baik filmmakernya maupun penontonnya senengnya either bikin/disajikan mimpi² khayalan² aspirasional #kaburajadulu dari catatan si boy hingga sore trus abis itu feeling pangs of middle class guilt decide to make/watch poverty..,jadi terpikirkan apakah emang kelas menengah indonesia baik filmmakernya maupun penontonnya senengnya either bikin disajikan mimpi² khayalan² aspirasional kaburajadulu dari catatan si boy hingga sore trus habis itu feeling pangs of middle class guilt decide to make watch poverty,positif,42.66,positif
Aku yo pengen pindah keluar negri... 😂🥰,aku iya pengen pindah keluar negri,positif,42.68,positif
@txtdrimedia Nyampur mint sevuah langkah kecil biar bisa #kaburajadulu https://t.co/8JdAarid3I,nyampur mint sevuah langkah kecil biar bisa kaburajadulu,netral,42.72,netral
"aku masih esdee, bahasa inggris udh aga lancarr, kalo chanel youtube yang ngajarin bahasa asing kira² apa yang bagus ya?? 😔",aku masih esdee bahasa inggris udh aga lancarr kalau chanel youtube yang ngajarin bahasa asing kira² apa yang bagus iya,positif,42.85,positif
aku sih yess bang pengen bgt ke luar ijin ke ortu gmn yaaak,aku sih yess bang pengen banget ke luar ijin ke orang tua gmn yaaak,positif,42.85,positif
yaudah si😹,ya sudah si,negatif,42.97,negatif
@tanyakanrl kalo travelling ke kota sebelah kotamu ok aja kalo udh keluar province ampe luar negeri mending km balik kerja lagi aja,kalau travelling ke kota sebelah kotamu ok saja kalau udh keluar province ampe luar negeri lebih baik kamu balik kerja lagi saja,negatif,42.98,negatif
@autumnaddict3 pengen ramein #KaburAjaDulu untuk kesekian kalinya,pengen ramein kaburajadulu untuk kesekian kalinya,positif,43.06,positif
mnrt aku semua pejabat indonesia di masa depan harus punya latar belakang debaters biar argumen sama statement mereka ga kosong 😭😭,mnrt aku semua pejabat indonesia di masa depan harus punya latar belakang debaters biar argumen sama statement mereka ga kosong,positif,43.08,positif
oke setelah lulus #kaburajadulu,oke setelah lulus kaburajadulu,negatif,43.08,negatif
last option,last option,netral,43.19,netral
kami di didik dengan adat bang..dari kecil☺️,kami di didik dengan adat bang dari kecil,negatif,43.26,negatif
REALISTIS LEBIH PENTING DARI PDA NASIONALIS!,realistis lebih penting dari pda nasionalis,negatif,43.29,negatif
@rizifahr To be rich. Siupaya #kaburajadulu,to be rich siupaya kaburajadulu,positif,43.3,positif
cuma damkar yg berguna,cuma damkar yang berguna,positif,43.31,positif
Halo #SobatSabar! Jangan mudah tergiur janji manis Penyalur kerja non-prosedural = Rawan TPPO! Ingat ya kerja ke luar negeri itu boleh tapi harus lewat jalur AMAN &amp; RESMI Demi keamanan dan masa depanmu yang lebih baik https://t.co/c2Gh5Dv62V,halo sobatsabar jangan mudah tergiur janji manis penyalur kerja non prosedural rawan tppo ingat iya kerja ke luar negeri itu boleh tapi harus lewat jalur aman amp resmi demi keamanan dan masa depanmu yang lebih baik,positif,43.33,positif
@seoyeohn Gak tau Kak gua orang Konoha. Info cara #KaburAjaDulu ke Amerika biar bisa nulis engagement dengan baik dan benar?,gak tahu kak saya orang konoha informasi cara kaburajadulu ke amerika biar bisa nulis engagement dengan baik dan benar,netral,43.35,netral
"padahal dulu aku mimpinya tuh lahir di cina,,,, ehh malah di pelosok tanahnya mulyono 🗿",padahal dulu aku mimpinya tuh lahir di cina ehh bahkan di pelosok tanahnya mulyono,netral,43.38,netral
OHH NOOOO!?! mama udah datang dan aku lum mandi SKSKSKSSO #helpme #semogasehat #kaburajadulu ‍️‍️‍️‍️,ohh noooo mama sudah datang dan aku belum mandi sksksksso helpme semogasehat kaburajadulu,positif,43.38,positif
Kayaknya emang harus #KaburAjaDulu baru bisa bikin mie ayam sendiri.,kayaknya emang harus kaburajadulu baru bisa bikin mie ayam sendiri,negatif,43.43,negatif
"aku janji ke diri sndri, lulus smk cari uang yg bnyk biar bisa #kaburajadulu",aku janji ke diri sndri lulus smk cari uang yang banyak biar bisa kaburajadulu,negatif,43.44,negatif
@as3pram Nah ini kondisinya nggak terpaksa sih cuma butuh getaway bentar aja kalo KUL kayaknya sekalian #kaburajadulu,nah ini kondisinya tidak terpaksa sih cuma butuh getaway sebentar saja kalau kul kayaknya sekalian kaburajadulu,positif,43.45,positif
"aku juga nyaranin anakku dua² nya kerja di LN
pendidikan & tenaga lebih dihargai di LN dari pada dinegeri sendiri😏",aku juga nyaranin anakku dua² nya kerja di ln pendidikan tenaga lebih dihargai di ln dari pada dinegeri sendiri,positif,43.57,positif
@baseconvo Congrats nder selanjutnya apply terus cvmu ke luar negeri soalnya in this economy lagi susah nyari kerja di negara yg wapresnya dibantu oleh paman.,congrats nder selanjutnya apply terus cvmu ke luar negeri soalnya in this economy lagi susah mencari kerja di negara yang wapresnya dibantu oleh paman,positif,43.64,positif
bonceng bang sekalian 🗿,bonceng bang sekalian,negatif,43.66,negatif
Pengen buat trend ini juga tpi kita gabisa brooo😌🙏🏻 jdi lo aja dehh,pengen buat trend ini juga tapi kita gabisa brooo jadi kamu saja dehh,negatif,43.66,negatif
apa hubungannga ke luar negri sama nasionalisme.,apa hubungannga ke luar negri sama nasionalisme,negatif,43.67,negatif
belajar memahami kalimat. biar kalau merantau gak dibego,belajar memahami kalimat biar kalau merantau gak dibego,negatif,43.7,negatif
"tinggi badan jg kadang:""",tinggi badan juga kadang,positif,43.71,positif
kapan ya bisa ikut trend #kaburajadulu hmnm,kapan iya bisa ikut trend kaburajadulu hmnm,netral,43.75,netral
That's A lot...but Ameeen 10 jt Monthly spend ( termasuk nabung dan buat lifestyle KPop udah termasuk) 2 jt Asuransi kesehatan (ga percaya sama pemerintah) Sisanya...Persiapan pensiun (renovasi rumah cicil kendaraan) Nabung Invest ..,that s a lot but ameeen jt monthly spend termasuk nabung dan buat lifestyle kpop sudah termasuk jt asuransi kesehatan ga percaya sama pemerintah sisanya persiapan pensiun renovasi rumah cicil kendaraan nabung invest,netral,43.76,netral
Weyyy lykyou lahir pas bapaknya kerja luar negeri bjir wkwkwk,weyyy lykyou lahir pas bapaknya kerja luar negeri bjir wkwkwk,positif,43.81,positif
Kok orang2 pada bisa liburan ke luar negeri sih... pada kerja apa kok duitnya bisa banyak2 bgt?? Pls tutor aku mau juga...,kok orang pada bisa liburan ke luar negeri sih pada kerja apa kok duitnya bisa banyak banget pls tutor aku mau juga,positif,43.83,positif
@worksfess kann banyak yang mau kerja di luar negeri,kann banyak yang mau kerja di luar negeri,netral,43.87,netral
aku pun kalo di bolehin udah dari dulu kerja ke luar negri,aku pun kalau di bolehin sudah dari dulu kerja ke luar negri,netral,43.89,netral
"lah yg bikin VT kan dukung Pragip waktu, yaudah nikmati tuh pilihannya. gak usah fomo² bikin VT gtu😅",lah yang bikin vt kan dukung pragip waktu ya sudah nikmati tuh pilihannya gak perlu fomo² bikin vt gtu,netral,43.91,netral
Kadang dan kerapkali ada anggota yg minta dibuatkan acara apalah di luar negeri sebagai dasar untuk kunjungan kerja . 5 hari kunker acara buatannya cuma 2 jam. Sisanya? Yaaaaagitu,kadang dan kerapkali ada anggota yang minta dibuatkan acara apalah di luar negeri sebagai dasar untuk kunjungan kerja hari kunker acara buatannya cuma jam sisanya yaaaaagitu,negatif,44.0,negatif
Gua tandain hari ini jadi api semangat. Ntar kalo udah di jepang gua komen lagi🤟🏻🇯🇵,saya tandain hari ini jadi api semangat nanti kalau sudah di jepang saya komen lagi,negatif,44.01,negatif
"loker es teh jumbo aja harus good looking dan umur di bawah 30th 😅🤣 kocak emg pdhl cm jualan es teh, kerja lebih dr 8jam gaji d bawah umr 🤣",loker es kakak perempuan jumbo saja harus good looking dan umur di bawah th kocak emg pdhl cm jualan es kakak perempuan kerja lebih dr jam gaji di bawah umr,netral,44.02,netral
"MAUUUU, TUNGGU SELESAI KULIAH BARU #KABURAJADULU",mauuuu tunggu selesai kuliah baru kaburajadulu,negatif,44.02,negatif
Masih panjang perjalanan gua buat #KaburAjaDulu,masih panjang perjalanan saya buat kaburajadulu,positif,44.1,positif
@cutieeinjunn boleh dong bebebb pasti kamu adalah salah satu org yg aku ajak buat #kaburajadulu versi ke negara khusus renjunlopersss,boleh dong bebebb pasti kamu adalah salah satu org yang aku ajak buat kaburajadulu versi ke negara khusus renjunlopersss,netral,44.15,netral
bjirr😂,bjirr,positif,44.22,positif
Gua tuh pengen idealis (((idealis))) mau ke luar negeri dan apply visanya pake uang hasil kerja gua. Tapi masih kurang beberapa lagi keknya in the end gua minta bantuan kakak gua HAHAHAH,saya tuh pengen idealis idealis mau ke luar negeri dan apply visanya pakai uang hasil kerja saya tapi masih kurang beberapa lagi kayaknya in the end saya minta bantuan kakak saya hahahah,positif,44.23,positif
gua nungguin Abang gua kerja kejepang 😂 nanti kalau bagus kerjaan nya bagian restauran gua coba belajar nanti nya😂,saya nungguin abang saya kerja kejepang nanti kalau bagus kerjaan nya bagian restauran saya coba belajar nanti nya,netral,44.28,netral
"gw nabung jg pengen keluar negeri...
tp umroh😭😭",saya nabung juga pengen keluar negeri tapi umroh,negatif,44.33,negatif
gw lulus gw usahain bikin trend ni😔,saya lulus saya usahain bikin trend ini,negatif,44.35,negatif
mari kita uasahakan #kaburajadulu,mari kita uasahakan kaburajadulu,positif,44.37,positif
untung abangnya GK lahir di korea Utara🗿,untung abangnya gk lahir di korea utara,positif,44.38,positif
nah ini,nah ini,netral,44.44,netral
semoga pola pikir negara berubah ya,semoga pola pikir negara berubah iya,positif,44.46,positif
sng ws 11 thn Pye Kii mas 😂,sng ws tahun pye kii mas,positif,44.55,positif
@odebukanpuisi Saatnya #KaburAjaDulu lagi de,saatnya kaburajadulu lagi adik,negatif,44.58,negatif
@tanyarlfes Apa aja bagus tp kerja di luar negeri kl di indo penting pny ordall,apa saja bagus tapi kerja di luar negeri kalau di indo penting pny ordall,positif,44.6,positif
H.55 PKM #KaburAjaDulu,h pkm kaburajadulu,netral,44.63,netral
"bgung mau mulainya bang
btuh tutor bang🙏",bgung mau mulainya bang btuh tutor bang,netral,44.68,netral
@tahuoncom_ HAII semoga kamu bisa dapetin ptln impian dan #kaburajadulu YAH! btw dipanggilnya siapa....,haii semoga kamu bisa dapetin ptln impian dan kaburajadulu yah ngomong-ngomong dipanggilnya siapa,netral,44.7,netral
generasi emas ngambang di kali,generasi emas ngambang di kali,netral,44.7,netral
real di lpngan 😂,real di lpngan,netral,44.71,netral
#kaburajadulu ampe dibahas khusus sama CNA Malah brain drainnya yang lebih ditekenin https://t.co/zaIuXOWg5W,kaburajadulu ampe dibahas khusus sama cna bahkan brain drainnya yang lebih ditekenin,negatif,44.73,negatif
"29 Pekerjaan Paling Dicari di Singapura, Bisa #kaburajadulu 
https://t.co/cY8rPP13a1",pekerjaan paling dicari di singapura bisa kaburajadulu,negatif,44.96,negatif
kalo punya duit mah langsung pergi keluar negeri ke Korea Jepang cina Filipina dan Mekah semuanya dahh 🗿✌,kalau punya duit mah langsung pergi keluar negeri ke korea jepang cina filipina dan mekah semuanya dahh,positif,44.96,positif
ngerti sih setelah tinggal di luar sendirian (belajar + kerja) gua juga jadi paham tinggal di luar negeri might not be for everyone. apalagi di jepang yg orang²nya kebanyakan lebih tertutup.. LDR jg ga semuanya bisa bikin keinget thread couple yg beberapa kali LDR jp id itu - s,mengerti sih setelah tinggal di luar sendirian belajar kerja saya juga jadi paham tinggal di luar negeri might not be for everyone apalagi di jepang yang orang²nya kebanyakan lebih tertutup ldr juga ga semuanya bisa bikin keinget thread couple yang beberapa kali ldr jp id itu s,negatif,44.96,negatif
@salam4jari Bahkan utk berwisata pun kita harus #kaburajadulu,bahkan untuk berwisata pun kita harus kaburajadulu,positif,45.03,positif
Rill ini Indonesia,rill ini indonesia,netral,45.06,netral
"wait"" santai🤣",wait santai,negatif,45.07,negatif
lulus SMP dulu cil,lulus smp dulu cil,netral,45.08,netral
@rizzzzzka⁷ kmn kita?,kmn kita,netral,45.09,netral
lgsg di ulti gitu wkwkw 😂,langsung di ulti gitu wkwkw,negatif,45.09,negatif
Selama masuk secara legal mah gpp,selama masuk secara legal mah tidak apa-apa,positif,45.1,positif
di indo bersaing cukup siapa yg paling banyak duitnya🤣🖕,di indo bersaing cukup siapa yang paling banyak duitnya,negatif,45.11,negatif
@harunatan27 Yok semangat #kaburajadulu ,yok semangat kaburajadulu,positif,45.4,positif
@beanzlime @dyanaputrin @ziziiyyy Ngga jga bisa di semua RS kok berobatnya dan tetep tercover mau di dlm dan luar negeri cma klo RS yg di luar kerja sama kantor tuh kita hrs nalangin dlu baru nanti diganti dan itu msh full cover,tidak juga bisa di semua rs kok berobatnya dan tetep tercover mau di dlm dan luar negeri cma kalau rs yang di luar kerja sama kantor tuh kita harus nalangin dulu baru nanti diganti dan itu masih full cover,negatif,45.45,negatif
@ixorauv Inii Preloved sebelum #kaburajadulu kh,inii preloved sebelum kaburajadulu kh,netral,45.54,netral
iya jg bang cuman minim kejadian sih,iya juga bang cuman minim kejadian sih,negatif,45.6,negatif
aku juga mw @oqjavzigeldjsgzyhs @🦄 #kaburajadulu,aku juga now watching kaburajadulu,netral,45.65,netral
"Old
#DiRumahAja
New
#KaburAjaDulu",old dirumahaja new kaburajadulu,negatif,45.69,negatif
lu tau apa cil wkwk🤭,kamu tahu apa cil wkwk,netral,45.69,netral
andai ajah gw punya duit banyak,andai ajah saya punya duit banyak,positif,45.69,positif
pelan pelan bg 😂,pelan pelan abang,negatif,45.73,negatif
kita harus cari uang yang banyakkk di masdep!!! supaya bisa ajak ortu,kita harus cari uang yang banyakkk di masdep supaya bisa ajak orang tua,negatif,45.75,negatif
"mnding english aja bang,abg kmna' klo bisa english uda enak,because itu bhsa internasional,but kli mandarin cma bisa di bbrpa negara aja,china misalnya",mnding english saja bang abg kmna kalau bisa english uda enak because itu bhsa internasional but kli mandarin cma bisa di bbrpa negara saja china misalnya,negatif,45.75,negatif
@hrdbacot Makanya sudah benar kok. Kl memang kuotanya sudah melebihi ya perusahaan harus cari sourcing minyak lokal. Gak bisa mengandalkan sourcing minyak dri luar negeri lagi. Ntah kerja sama dengan refinery2 Indonesia dll,makanya sudah benar kok kalau memang kuotanya sudah melebihi iya perusahaan harus cari sourcing minyak lokal gak bisa mengandalkan sourcing minyak dari luar negeri lagi ntah kerja sama dengan refinery indonesia dan lain-lain,positif,45.76,positif
😂😂😂😂 ini dia ini niiii😂😂😂,ini dia ini niiii,positif,45.82,positif
Allahumma shalli 'ala sayyidina Muhammad,allahumma shalli ala sayyidina muhammad,netral,45.84,netral
Memang lebih baik #KaburAjaDulu dengan persiapan ,memang lebih baik kaburajadulu dengan persiapan,positif,45.86,positif
kalo kmu punya skil GK perlu duit dulu..,kalau kmu punya skil gk perlu duit dulu,positif,45.86,positif
"Doa’ain aku ya teman2 supaya Visa ku ke approved secepat nya, aku juga mau kabur🙏🏻.",doa ain aku iya teman supaya visa ku ke approved secepat nya aku juga mau kabur,netral,45.87,netral
nah iy kan 🤣🤣🤣🤣🤣🤣 menyala pokonya,nah iy kan menyala pokonya,negatif,45.91,negatif
kamu juga ya kan 😂,kamu juga iya kan,positif,45.92,positif
"SYARAT UNTUK KERJA DI INDO
PAK JOKOWI HARUS JADI PRESIDEN LAGI SELAMANYA🙏",syarat untuk kerja di indo pak jokowi harus jadi presiden lagi selamanya,netral,45.92,netral
fakta ya mass,fakta iya mass,positif,45.93,positif
@tvOneNews Setelah pelatihan bahasa ada baiknya pencari kerja luar negeri jg di fasilitasi kira lembaga mana yg bisa bantu utk menjadi Pekerja di luar negeri jd biar rakyat tahu harus kmn langkah nya,setelah pelatihan bahasa ada baiknya pencari kerja luar negeri juga di fasilitasi kira lembaga mana yang bisa bantu untuk menjadi pekerja di luar negeri jadi biar rakyat tahu harus kmn langkah nya,netral,45.99,netral
@barengwarga @prabowo Ternyata lu juga begitu ya wo #KaburAjaDulu ,ternyata kamu juga begitu iya wo kaburajadulu,negatif,46.02,negatif
kak bnrrr jepang atau Australia nihhh,kak bnrrr jepang atau australia nihhh,negatif,46.04,negatif
Banyak warga Korea terutama generasi muda yang memilih pindah ke pulau ini. FYI artis pun ada yang #kaburajadulu ke pulau ini yaitu Lee Hyori dan Yuri SNSD. Lee Hyori bahkan menetap di Jeju bersama suaminya sejak menikah di tahun 2013. https://t.co/wybYeEPpTL,banyak warga korea terutama generasi muda yang memilih pindah ke pulau ini sebagai informasi artis pun ada yang kaburajadulu ke pulau ini yaitu lee hyori dan yuri snsd lee hyori bahkan menetap di jeju bersama suaminya sejak menikah di tahun,netral,46.06,netral
Kelas GRATIS Tes IELTS &amp; TOEFL buat kamu yang pemula mau daftar beasiswa/kerja di Luar Negeri Banyak yang masih bingung harus pilih IELTS atau TOEFL buat syarat studi atau karier. Kadang salah pilih tes bisa bikin waktu &amp; biaya terbuang sia-sia. https://t.co/vN5jqeV40p,kelas gratis tes ielts amp toefl buat kamu yang pemula mau daftar beasiswa kerja di luar negeri banyak yang masih bingung harus pilih ielts atau toefl buat syarat studi atau karier kadang salah pilih tes bisa bikin waktu amp biaya terbuang sia sia,negatif,46.13,negatif
hrus punya tmn jg sii,harus punya tmn juga sii,netral,46.23,netral
rata² kebanyakan org yg pindah mah orang² pinter 🤭,rata² kebanyakan org yang pindah mah orang² pinter,positif,46.27,positif
Karena BAHLIL dan JOKOWI,karena bahlil dan jokowi,positif,46.28,positif
Tergantung masing2 gimana gaya hidupnya kalau niatnya buat nabung ya bisa ngirit beli yg seperlunya aja,tergantung masing bagaimana gaya hidupnya kalau niatnya buat nabung iya bisa ngirit beli yang seperlunya saja,positif,46.3,positif
"gua punya duit,,gua punya kuasa💋",saya punya duit saya punya kuasa,netral,46.3,netral
#gapunyapaspor,gapunyapaspor,negatif,46.33,negatif
Semoga kalian yang mempunyai mimpi buat ngikutin trend kabur aja dulu semoga tercapai 🤲,semoga kalian yang mempunyai mimpi buat ngikutin trend kabur saja dulu semoga tercapai,netral,46.38,netral
Gas bang,gas bang,netral,46.43,netral
bg ramalan 2030 bener terjadi💀,abang ramalan benar terjadi,positif,46.44,positif
"ke India juga gpp kok😞
yg penting masak sndiri y KLO g bisa PUASA🔥",ke india juga tidak apa-apa kok yang penting masak sendiri ya kalau g bisa puasa,positif,46.46,positif
magang,magang,negatif,46.47,negatif
Mau ikutan #kaburajadulu Jadi persiapkan anak unk bisa sekolah di LN Semoga g telat Krn anak masih SMP https://t.co/PHhEs9pGRB,mau ikutan kaburajadulu jadi persiapkan anak unk bisa sekolah di ln semoga g terlambat karena anak masih smp,negatif,46.49,negatif
Beberapa poin menarik: 1. Rakyat Madagaskar memilih untuk #UsirAjaDulu penguasanya daripada rakyat yang harus #KaburAjaDulu. 2. Rakyat sipilnya kebetulan bisa satu agenda dengan militer Madagaskar. 3. Penguasa yang kabur ini kebetulan adalah keturunan Nusantara di Madagaskar.,beberapa poin menarik rakyat madagaskar memilih untuk usirajadulu penguasanya daripada rakyat yang harus kaburajadulu rakyat sipilnya kebetulan bisa satu agenda dengan militer madagaskar penguasa yang kabur ini kebetulan adalah keturunan nusantara di madagaskar,positif,46.54,positif
di indonesia cukup baca komik gk perlu sekolah Tinggi bisa jadi wapres,di indonesia cukup baca komik gk perlu sekolah tinggi bisa jadi wapres,netral,46.6,netral
y makanya belajar dari sekarang,ya makanya belajar dari sekarang,positif,46.6,positif
saya bulan depan ke Korea di ajak sama sodara kerja disana.. gaji sekitaran 23-255 jt belum termasuk lembur dan ini gaji buat pekerja yang baru masuk... #kaburajadulu,saya bulan depan ke korea di ajak sama sodara kerja disana gaji sekitaran jt belum termasuk lembur dan ini gaji buat pekerja yang baru masuk kaburajadulu,netral,46.63,netral
"Aku akan ke Jepang
#KABURAJADULU",aku akan ke jepang kaburajadulu,netral,46.63,netral
pengen banyak duit biar bisa ke jepang 🤭,pengen banyak duit biar bisa ke jepang,positif,46.65,positif
ingat aku tak reti beze ke. trend indo ni nak pindah negara tinggal kat luar bukan tourist,ingat aku tidak reti beze ke trend indo ini nak pindah negara tinggal kat luar bukan tourist,negatif,46.65,negatif
kalau ada revolusi yg ada tambah cheos,kalau ada revolusi yang ada tambah cheos,negatif,46.75,negatif
@ramakng satu²nya perawat luar negeri yg kumau adalah perawat TKHI kerja cuma 2 bulan dpt gaji dan bisa naik haji tanpa antri,satu²nya perawat luar negeri yang kumau adalah perawat tkhi kerja cuma bulan dapat gaji dan bisa naik haji tanpa antri,netral,46.77,netral
"2026 bismillah ikut
#kaburajadulu",bismillah ikut kaburajadulu,positif,46.8,positif
@Juyeonc Weittsss otw intip majalahnya dulu! Keluar negeri juga bisa asalkan gak bolos kerja Cuma tuh belum ada planning ke luar negeri....,"weittsss on the way, sedang di jalan intip majalahnya dulu keluar negeri juga bisa asalkan gak bolos kerja cuma tuh belum ada planning ke luar negeri",positif,46.83,positif
Hallo budak,hallo budak,positif,46.87,positif
"mo kerja dsni aja byk x syarat nya, 30thn dah di anggap jompo",mau kerja dsni saja banyak x syarat nya tahun deh di anggap jompo,positif,46.92,positif
hubungan mindsetnya drimna? orng kerja buat cari uangg tapi syarat kerjanya ga ngotak dan ujung ujungnya pake ordal + kasih uang. jadi mindset bagian mana yg lu maksud?,hubungan mindsetnya drimna orng kerja buat cari uangg tapi syarat kerjanya ga ngotak dan ujung ujungnya pakai ordal kasih uang jadi mindset bagian mana yang kamu maksud,netral,46.92,netral
cari cinta yang setara guys😊😅,cari cinta yang setara teman-teman,negatif,47.02,negatif
saatnya...menjajah balik? #kaburajadulu,saatnya menjajah balik kaburajadulu,positif,47.05,positif
hati hati ya breee,hati hati iya breee,negatif,47.06,negatif
Mau ngerasain liburan sebulan di negara orang terus beneran #kaburajadulu ,mau ngerasain liburan sebulan di negara orang terus beneran kaburajadulu,positif,47.1,positif
"ku tunggu 10 thn, gimana kabarnya",ku tunggu tahun bagaimana kabarnya,netral,47.1,netral
pelan pelan bang🗿,pelan pelan bang,negatif,47.12,negatif
"yaa kalo saya, andai waktu bisa di putar, saya lebih memilih kerja di luar negeri😅",yaa kalau saya andai waktu bisa di putar saya lebih memilih kerja di luar negeri,positif,47.14,positif
umur 40 lebih masih bisa #kaburajadulu gak,umur lebih masih bisa kaburajadulu gak,netral,47.18,netral
duh lagi mikir kerja apa lagi ya biar bisa nonton seventeen NEW_ tour di luar negeri ,aduh lagi mikir kerja apa lagi iya biar bisa nonton seventeen new_ tour di luar negeri,positif,47.2,positif
"ho'oh 🤣😂 suamiku kdg klo Winter blg, yukkkk get out from stupid freezing 🥶🤣😂🤣😂",ho oh suamiku kdg kalau winter bilang yukkkk get out from stupid freezing,netral,47.22,netral
negeri kita subur dan makmur hanya sebuah lagu🫢🫢🫢,negeri kita subur dan makmur hanya sebuah lagu,netral,47.24,netral
Menyala... 😹,menyala,negatif,47.24,negatif
@MiM_One @WilliamAndals @worksfess kakk spill cara kerja di luar negeri dongg,kakk spill cara kerja di luar negeri dongg,netral,47.26,netral
Di Indonesia saya biasanya tidur sekitar jam 11 malem. Kemarin2 di Singapore saya tidur sekitar jam 11 malem. Bedanya di Indonesia harus bangun jam 4.30 pagi sedangkan di Singapore 5.30 pagi. Berarti panjang tidur saya lebih ok di sana. Apakah berarti harus #kaburajadulu?,di indonesia saya biasanya tidur sekitar jam malam kemarin di singapore saya tidur sekitar jam malam bedanya di indonesia harus bangun jam pagi sedangkan di singapore pagi berarti panjang tidur saya lebih ok di sana apakah berarti harus kaburajadulu,negatif,47.27,negatif
Mau jadi content creator mau jadi WN Australia mau jadi apa aja terserah mau pindah kerjaan berkali kali gapapa ngga ada ikatan apapun layaknya program LPK di berbagai negara ya mau ngejar 10M per tahun silahkan banget ya #whv #australia #kaburajadulu,mau jadi content creator mau jadi wn australia mau jadi apa saja terserah mau pindah kerjaan berkali kali gapapa tidak ada ikatan apapun layaknya program lpk di berbagai negara iya mau ngejar m per tahun silahkan banget iya whv australia kaburajadulu,negatif,47.28,negatif
gimana caranyaaa aaaa,bagaimana caranyaaa aaaa,positif,47.29,positif
tunggu ada uang😔,tunggu ada uang,netral,47.37,netral
ga nabung doang bg bljr bahasa negaranya juga harus,ga nabung doang abang bljr bahasa negaranya juga harus,netral,47.38,netral
@henderypunya The real #KaburAjaDulu mana kita belum pernah meet ,the real kaburajadulu mana kita belum pernah meet,negatif,47.41,negatif
kalo mau dipertahanin yaa perbaiki hubungan jngan digantungg boyy,kalau mau dipertahanin yaa perbaiki hubungan jngan digantungg boyy,positif,47.42,positif
@urfuuni yokla yok😭🤣,yokla yok,netral,47.43,netral
nah itu salah satu yg harus di tegas kan oleh pemerintah,nah itu salah satu yang harus di tegas kan oleh pemerintah,netral,47.44,netral
"rill,perlahan lahan tapi pasti",rill perlahan lahan tapi pasti,positif,47.44,positif
@anndaikan tahun depan coba lagi siapa tau dapat #kaburajadulu,tahun depan coba lagi siapa tahu dapat kaburajadulu,positif,47.45,positif
"bismillah tidak tahun ini ya tahun depan
Australia/korea i'm coming
#kaburaajadulu",bismillah tidak tahun ini iya tahun depan australia korea i m coming kaburaajadulu,negatif,47.45,negatif
kalo umur masih 30 kebawah mending ke jepang atau ke negara lain ambil job pertanian #kaburajadulu,kalau umur masih kebawah lebih baik ke jepang atau ke negara lain ambil job pertanian kaburajadulu,netral,47.47,netral
Kalo kakek masih hidup aku udah minta diajarin bahasa belanda seenggaknya ada bekal dikit kalo mau #KaburAjaDulu,kalau kakek masih hidup aku sudah minta diajarin bahasa belanda seenggaknya ada bekal dikit kalau mau kaburajadulu,positif,47.53,positif
umur 22 bukan berarti terlambat untuk mulai belajar tapi titik sadar untuk menyala lebih terang! #KaburAjaDulu,umur bukan berarti terlambat untuk mulai belajar tapi titik sadar untuk menyala lebih terang kaburajadulu,negatif,47.57,negatif
pengen klo g ad skill ya prcuma lh kocag😹,pengen kalau g ada skill iya prcuma lh kocag,negatif,47.59,negatif
🤣. iyain,iyain,positif,47.62,positif
@goraici Di Indonesia mau makan mi gacoan jam 3 pagi juga bisa tapi kayanya karyawan mereka kalo punya pilihan mereka akan pilih #kaburajadulu gak sih? CMIIW ,di indonesia mau makan mi gacoan jam pagi juga bisa tapi kayaknya karyawan mereka kalau punya pilihan mereka akan pilih kaburajadulu gak sih correct me if i'm wrong,negatif,47.64,negatif
@meldaasitepu @🌻 gimana,bagaimana,positif,47.65,positif
"ķan justru gk bisa, mkannya yg mau pergi mhon di segerakan. biar berkurng saingannya, tnpa harus di singkirkan udh nyingkir sndrikan gk perlu repot bang.",ķan justru gk bisa mkannya yang mau pergi mhon di segerakan biar berkurng saingannya tnpa harus di singkirkan udh nyingkir sndrikan gk perlu repot bang,positif,47.67,positif
Dear you kamu kalau ga percaya bahwa komunikasi yang baik adalah kunci supaya keadaan ga ruwet dan berantakan lihat tuh cara komunikasi pemerintah kita. Ttd. Minbakum,dear you kamu kalau ga percaya bahwa komunikasi yang baik adalah kunci supaya keadaan ga ruwet dan berantakan lihat tuh cara komunikasi pemerintah kita ttd minbakum,positif,47.67,positif
qw si yes bang 🐒,qw si yes bang,netral,47.76,netral
Sudah menuju al malhamah mungkin udah waktunya manasik di padang mahsyar. Yang benar ya ikutin kata nabi. #KaburAjaDulu ke desa. Persiapkan bekal pasca al malhamah. Ga ada yang tahu kita dikasih hidup atau mati setelahnya.,sudah menuju al malhamah mungkin sudah waktunya manasik di padang mahsyar yang benar iya ikutin kata nabi kaburajadulu ke desa persiapkan bekal pasca al malhamah ga ada yang tahu kita dikasih hidup atau mati setelahnya,negatif,47.84,negatif
emang kalau kita punya jiwa nasionalisme semua dipermudah?... ngak kan yaudah 🗿,emang kalau kita punya jiwa nasionalisme semua dipermudah ngak kan ya sudah,positif,47.84,positif
Perjuangan #KaburAjaDulu lewat berburu visa WHV ke Australia ternyata seniat itu dari Surabaya dan Papua bahkan ke Jakarta demi akses internet cepat https://t.co/clufZzFacA,perjuangan kaburajadulu lewat berburu visa whv ke australia ternyata seniat itu dari surabaya dan papua bahkan ke jakarta demi akses internet cepat,positif,47.87,positif
pengen banget tapi anak udah 2,pengen banget tapi anak sudah,netral,47.88,netral
"lahh, nantangin pak?🥰 doain ya mentemen🥰",lahh nantangin pak doain iya mentemen,positif,47.9,positif
masih ko,masih ko,positif,47.91,positif
Lapangan bola kali ah,lapangan bola kali ah,positif,47.91,positif
ini persyaratan yang paling kocak sih. mana persyaratan umurnya yang 20an. umur 20an masih cari kerja eh pas melamar persyaratan nya harus ada pengalaman 🙂.,ini persyaratan yang paling kocak sih mana persyaratan umurnya yang an umur an masih cari kerja eh pas melamar persyaratan nya harus ada pengalaman,positif,47.98,positif
#kaburajadulu tulungagung,kaburajadulu tulungagung,negatif,47.98,negatif
di Australia kan😅,di australia kan,netral,48.03,netral
harus punya rasinggan mengalah akatsuki🗿,harus punya rasinggan mengalah akatsuki,positif,48.2,positif
@erganteng Iya Bye Indonesia #KaburAjaDulu,iya bye indonesia kaburajadulu,negatif,48.22,negatif
biarla dorg aku tu ditujukan utk yg berdokumen tau tk? aku ni pun x support pati,biarla dorg aku tu ditujukan untuk yang berdokumen tahu tk aku ini pun x support pati,negatif,48.26,negatif
Ga kepikiran juga #kaburajadulu jalur ngidol hmmm ak masih cocok g y‍,ga terpikirkan juga kaburajadulu jalur ngidol hmmm saya masih cocok g ya,negatif,48.27,negatif
banyak di luar negeri.,banyak di luar negeri,positif,48.3,positif
kata bapaknya 11000 lapangan pekerjaan ghoib 🤣🤣🤣,kata bapaknya lapangan pekerjaan ghoib,negatif,48.35,negatif
@Quillencea @muncorner AMIN biar bisa #kaburajadulu tapi cukup N3 aja...,amin biar bisa kaburajadulu tapi cukup dan saja,positif,48.36,positif
"jangan ilang dulu, sebelum aku ikutan trend ini",jangan hilang dulu sebelum aku ikutan trend ini,negatif,48.36,negatif
"macam2 ada dek, pabrik ada, rumah tangga ada, panti jompo ada, yg enak tu jga lansia kerja 20% 80% skrol hp 🤣 (tp ya gak semuaaa RATA²)",macam ada adik pabrik ada rumah tangga ada panti jompo ada yang enak tu juga lanjut usia kerja skrol hp tapi iya gak semuaaa rata²,netral,48.42,netral
"nah apalagi di Amrik, London lagi, wajib Mateng Mateng bener soal biaya Ama tujuan nya",nah apalagi di amrik london lagi wajib mateng mateng benar soal biaya sama tujuan nya,negatif,48.44,negatif
Wah kesempatan #KaburAjaDulu buat finbros nihh https://t.co/ep9crVMK5g,wah kesempatan kaburajadulu buat finbros nihh,netral,48.46,netral
@txtdaribogor Jadi lumayan mau #KaburAjaDulu. Lumayan doang sih.,jadi lumayan mau kaburajadulu lumayan doang sih,positif,48.51,positif
prancis,prancis,netral,48.51,netral
DEMI APAPUN INI BENER😭,demi apapun ini benar,negatif,48.51,negatif
"#kabur aja dulu
tapi aku tidak akan melupakan tanah air ku tercinta",kabur saja dulu tapi aku tidak akan melupakan tanah air ku tercinta,negatif,48.52,negatif
Tahun besok udah harus pindah kerja dan dikasih pilihan mau di kantor DIY atau Jatim which means MASIH DEKET . kenapa ga ada opsi ke luar negeri aja ,tahun besok sudah harus pindah kerja dan dikasih pilihan mau di kantor diy atau jatim which means masih deket kenapa ga ada opsi ke luar negeri saja,netral,48.52,netral
lulusan s1 pgsd kalo susah cari kerja di indo #kaburajadulu ga si,lulusan s pgsd kalau susah cari kerja di indo kaburajadulu ga si,netral,48.53,netral
di taiwan gaji serius kerja main2 😭😭😭,di taiwan gaji serius kerja main,netral,48.57,netral
wajib bisa bahasa Inggris masalah kerja mau umur berapa pun di erop mah gampang masih sma aj bisa kerja kek spiderman,wajib bisa bahasa inggris masalah kerja mau umur berapa pun di erop mah gampang masih sama saja bisa kerja seperti spiderman,positif,48.57,positif
asli ga tau bahasa inggris pas tau dikit tiba² lancar. I want to go to Switzerland because it's peaceful there,asli ga tahu bahasa inggris pas tahu dikit tiba² lancar i want to go to switzerland because it s peaceful there,negatif,48.57,negatif
Justru karena beliau pernah merasakan gak enaknya #KaburAjaDulu makanya beliau berbicara berdasarkan fakta yg dirasakan.,justru karena beliau pernah merasakan gak enaknya kaburajadulu makanya beliau berbicara berdasarkan fakta yang dirasakan,netral,48.58,netral
@BebySoSweet Sesuai arahan ketua Si LUTUT #KaburAjaDulu,sesuai arahan ketua si lutut kaburajadulu,netral,48.58,netral
@masaktahuu Natcha aja aku pliss. #kaburajadulu,natcha saja aku pliss kaburajadulu,netral,48.61,netral
klo punya uang si oke oke aja,kalau punya uang si oke oke saja,netral,48.63,netral
umur 26 bisa,umur bisa,positif,48.65,positif
chef kah pak,chef kah pak,positif,48.69,positif
sebuah upaya revitalisasi bencana agar misi #kaburajadulu saya dari indo ini terealisasikan kebangetan baiknya sih yee HR nya kalo email seminggu lebih teranggurkan masih dibales mah https://t.co/uf7Q5LICLm,sebuah upaya revitalisasi bencana agar misi kaburajadulu saya dari indo ini terealisasikan kebangetan baiknya sih yee hari nya kalau email seminggu lebih teranggurkan masih dibales mah,negatif,48.7,negatif
y ky saya buat nabung buat buka usah sendiri,ya seperti saya buat nabung buat buka perlu sendiri,netral,48.7,netral
@PRABOWO SUBIANTO @gerindra,subianto,positif,48.71,positif
aku janji lulus SMA bakal cari kerja terus belajar bahasa Korea tunggu aku Korea🇰🇷🇰🇷🇰🇷,aku janji lulus sama bakal cari kerja terus belajar bahasa korea tunggu aku korea,positif,48.72,positif
ke kamboja aja pasti dapat kerja,ke kamboja saja pasti dapat kerja,netral,48.74,netral
enaknya kenapa bang. spil dong,enaknya kenapa bang spil dong,positif,48.76,positif
Hai Sahabat Mido ! Pastikan kamu kerja di Luar Negeri dengan Pasor dan Visa yang Legal dan sesuai dengan peraturan keimigrasian ya ! Jangan percaya oleh janji manis di awal karena kamu akan menyesal pada akhir nya . #imigrasiindonesia #kanwilditjenimlampung https://t.co/1uDPsrnyjy,hai sahabat mido pastikan kamu kerja di luar negeri dengan pasor dan visa yang legal dan sesuai dengan peraturan keimigrasian iya jangan percaya oleh janji manis di awal karena kamu akan menyesal pada akhir nya imigrasiindonesia kanwilditjenimlampung,netral,48.78,netral
@Justajourn @akunyakul Kerja dibidang apa kak? Paling kalo mentok coba cari kerja ke yg owner nya non Indo ato ya coba apply ke luar negeri. Karna kalo di Indo mentok pasti bakal dibikin jadi managerial kalo udah experience &gt; 8 tahun.,kerja dibidang apa kak paling kalau mentok coba cari kerja ke yang owner nya non indo atau iya coba apply ke luar negeri karena kalau di indo mentok pasti bakal dibikin jadi managerial kalau sudah experience begitu tahun,negatif,48.79,negatif
masi sekolahhh 😞😞😞,masi sekolahhh,positif,48.8,positif
whenn yahh dapet kerja di luar negeri,whenn yahh dapat kerja di luar negeri,negatif,48.82,negatif
"tp ga berlaku buat aku yg uang gajian nya untuk hidupin keluarga, selamat menikmati hidup ya ka 🙂",tapi ga berlaku buat aku yang uang gajian nya untuk hidupin keluarga selamat menikmati hidup iya kakak,positif,48.83,positif
kalau aku lebih setuju ganti rakyat 😭🤣,kalau aku lebih setuju ganti rakyat,positif,48.84,positif
@yappingfess beliau memilih #kaburajadulu,beliau memilih kaburajadulu,positif,48.85,positif
@h @liuuiuuu nh ini CK ini trend ny tu,nh ini ck ini trend ny tu,positif,48.86,positif
FBS juga bre😅 syukur masih nafas,fbs juga bre syukur masih nafas,positif,48.86,positif
ryoukai sengku🔥,ryoukai sengku,netral,48.86,netral
hiduplah dengan kemauan mu sendiri bukan orang lain.,hiduplah dengan kemauan mu sendiri bukan orang lain,negatif,48.87,negatif
apakah begitu lucu?,apakah begitu lucu,positif,48.87,positif
@bayinyabubi Ayang nggak punya passport yah ngga bisa #KaburAjaDulu,sayang tidak punya passport yah tidak bisa kaburajadulu,netral,48.87,netral
ku kira Marcello njir 🗿,ku kira marcello njir,negatif,48.88,negatif
"iya bng,gua udah nguasai b ing sedikit tinggal tabung uang ngurus semua persyaratan terus berangkat dah",iya bng saya sudah nguasai b ing sedikit tinggal tabung uang mengurus semua persyaratan terus berangkat deh,positif,48.9,positif
Salah satu orang pemerintah di komunikasi daerah Sulawesi ga percaya kalau modal dorking google bisa dapat database Percayalah wa 20% database marketing dari dorkingan google (malah kadang ada yg naruh di Scribd + ada yg naruh di github) wkwkwkwk,salah satu orang pemerintah di komunikasi daerah sulawesi ga percaya kalau modal dorking google bisa dapat database percayalah wa database marketing dari dorkingan google bahkan kadang ada yang naruh di scribd ada yang naruh di github wkwkwkwk,positif,48.91,positif
ini fakta boy,ini fakta boy,negatif,48.91,negatif
Masih dalam eps #KaburAjaDulu ke Singapore. Kami udah ngangkut 3-4 orang dari Indonesia untuk pindah ke Singapore sampai hari ini dan klien masih nyari 2-3 orang lagi. Please send your email to mikke@satriocs.com. Thank you! https://t.co/4eP0jJHwCv,masih dalam eps kaburajadulu ke singapore kami sudah ngangkut orang dari indonesia untuk pindah ke singapore sampai hari ini dan klien masih mencari orang lagi please send your email to mikke com thank you,netral,48.92,netral
i mean this korup country doesn't deserve me ajg #kaburajadulu is my dream YAALLAH TOLONG JABAHKAN DOA HAMBA,i mean this korupsi country doesn t deserve me ajg kaburajadulu is my dream yaallah tolong jabahkan doa hamba,positif,48.95,positif
"jadi pengen tau siapa yg pertama bikin tagar ini, tapi klw di x udh ga kaget 🤣",jadi pengen tahu siapa yang pertama bikin tagar ini tapi kalau di x udh ga kaget,positif,48.96,positif
Prabowo dulu jg #kaburajadulu jd kita harus ikut langkahnya juga,prabowo dulu juga kaburajadulu jadi kita harus ikut langkahnya juga,netral,48.96,netral
"ngak bang,, minimal kuliah 2 tahun+lancar bhsa inggris",ngak bang minimal kuliah tahun lancar bhsa inggris,netral,49.02,netral
@nadabacabicara Jangan tergoda sama sembarangan loker dari negara asean. kudu jelas alurnya jelas visanya. Meskipun visa masuk free sebulan tapi visa kerja mesti diurus dulu. Inget kerja legal di luar negeri ada visa kerja bukan visa turis,jangan tergoda sama sembarangan loker dari negara asean harus jelas alurnya jelas visanya meskipun visa masuk free sebulan tapi visa kerja mesti diurus dulu inget kerja legal di luar negeri ada visa kerja bukan visa turis,negatif,49.03,negatif
Padahal beliau adalah pelopor #kaburajadulu Ke Yordania,padahal beliau adalah pelopor kaburajadulu ke yordania,netral,49.05,netral
"pengen kejar trend Joanna?
maka ikuti trend #kaburajadulu",pengen kejar trend joanna maka ikuti trend kaburajadulu,netral,49.09,netral
klo gw punya duit dah lah gw berangkat,kalau saya punya duit deh lah saya berangkat,negatif,49.12,negatif
skrg karena Masih sehat dan tenaga ya masih d perlukan..nanti KLW SDH berumur pasti blik kandang lagi..,skrg karena masih sehat dan tenaga iya masih di perlukan nanti kalau sdh berumur pasti blik kandang lagi,positif,49.12,positif
gimn caranya bang😳😳😳,gimn caranya bang,netral,49.13,netral
@Ary_PrasKe2 @Anak__Ogi @AntoniusCDN @BebySoSweet @LexMarteg @NgkongRoses @rifqi32bgr @sami86pilang @seruanhl @Urrangawak @newIding30 Harus bayar juga kalau pakai lagu luar negeri. Kita terikat perjanjian internasional. Kita punya kerja sama dengan luar negeri dan kita juga membayar ke sana kata Dharma. Beneran dibayar ke pihak LN? Gmn kontrolnya? Jgn² elu pungut tapi gak elu setor? Siapa yg cek?,harus bayar juga kalau pakai lagu luar negeri kita terikat perjanjian internasional kita punya kerja sama dengan luar negeri dan kita juga membayar ke sana kata dharma beneran dibayar ke pihak ln gmn kontrolnya jgn² kamu pungut tapi gak kamu setor siapa yang cek,negatif,49.13,negatif
Indonesia kebanyakan kerja harus ada pengalaman dan kebanyakan tamatan SMA juga semua fresh graduate,indonesia kebanyakan kerja harus ada pengalaman dan kebanyakan tamatan sama juga semua fresh graduate,netral,49.14,netral
@yongbosk @bfgrent Tolong.... Saya literally put Avatar di top 4 letterboxd saya karena SECINTA ITU SAMA AVATAR. Kalo bisa #Kaburajadulu ke pandora saya udah pindah ke pandora deh asli. Way of water kebetulan waktu itu saya nonton 4dxnya dan fire and ash rencananya jg mau nonton 4dx https://t.co/EEJihhCS00,tolong saya literally put avatar di top letterboxd saya karena secinta itu sama avatar kalau bisa kaburajadulu ke pandora saya sudah pindah ke pandora deh asli way of water kebetulan waktu itu saya nonton dxnya dan fire and ash rencananya juga mau nonton dx,netral,49.19,netral
punya skill apa bro? yakin nih bisa bersaing?,punya skill apa saudara laki-laki yakin ini bisa bersaing,positif,49.23,positif
2030 msih trend g yh? 😭🤝,msih trend g yh,negatif,49.24,negatif
insyaallah nanti aku nyusul 3 tahun kemudian 🥰,insyaallah nanti aku nyusul tahun kemudian,netral,49.25,netral
omongan mu mewakili banget bang...,omongan mu mewakili banget bang,negatif,49.26,negatif
Indonesia 6 musim,indonesia musim,positif,49.28,positif
"Sederhana aja sebenarnya, kita butuh uang bos dengan gaji 2 jt di indo ditambah kita masih punya orangtua, adek2 kita masih sekolah,apabisaaa dengan 2 jt sebulan, belum lagi nikah butuh modal bos, kita yang tidak terlahir dari orang kaya 10tahun nyicil rumah yang harganya 400jt gk bakalan dpt coba ke jepang 400jt mungkin 3-4 thn kelar, mungkin bisa ngirimin 2jt perbulan ke ortu, bayarin sekolah adek, nabung buat nikah",sederhana saja sebenarnya kita butuh uang bos dengan gaji jt di indo ditambah kita masih punya orangtua adek kita masih sekolah apabisaaa dengan jt sebulan belum lagi nikah butuh modal bos kita yang tidak terlahir dari orang kaya tahun mencicil rumah yang harganya jt gk akan dapat coba ke jepang jt mungkin tahun kelar mungkin bisa ngirimin jt perbulan ke orang tua bayarin sekolah adek nabung buat nikah,negatif,49.29,negatif
wah bisa-bisa Kazakhstan 🇰🇿 tujuan baru tech bros #KaburAjaDulu,wah bisa bisa kazakhstan tujuan baru tech bros kaburajadulu,netral,49.29,netral
"tueaaaaaaa, ayo sini ke Taiwan semua weee😆",tueaaaaaaa ayo sini ke taiwan semua weee,netral,49.33,netral
2/7 cucu yangkung dah di luar negeri. Kata ak yang 5 nyusul dah #kaburajadulu,cucu yangkung deh di luar negeri kata saya yang nyusul deh kaburajadulu,positif,49.33,positif
@TrappedYerim Yaudah besok jadwalnya jumatan di masjid Thailand biar sekalian #kaburajadulu.,ya sudah besok jadwalnya jumatan di masjid thailand biar sekalian kaburajadulu,negatif,49.33,negatif
kita harus bisa ngereformasi lagi negara ini!!,kita harus bisa ngereformasi lagi negara ini,netral,49.34,netral
"CUKUP JAWAB YANG BERMANFAAT, BERMAKNA, ATAU INFORMASI. ALIH ALIH JUDGE ""FOMO"" 🗿. DAN GAK GUWE SURUH LU KOMEN SELALU JAWABIN MEREKA 😂. ""ALIH ALIH LU NULIS FOMO SAMA SAMA NULIS MENDING HAL BAIK"" PAHA",cukup jawab yang bermanfaat bermakna atau informasi alih alih judge fomo dan gak guwe suruh kamu komen selalu jawabin mereka alih alih kamu nulis fomo sama sama nulis lebih baik hal baik paha,positif,49.34,positif
paspor? nyawa?,paspor nyawa,netral,49.35,netral
#kaburajadulu yang cocok kemana yaaa ~,kaburajadulu yang cocok kemana yaaa,positif,49.35,positif
@fallenforwishes haloo kaakk boleh nanya buat kaya syarat apply visa german gimanaa? soalnya kalau ke USA atau Canada tu harus ada tabungan gitu kan kak? BTW CONGRATS KAAAA I HOPE I CAN #kaburajadulu ASAP,haloo kaakk boleh bertanya buat kaya syarat apply visa german gimanaa soalnya kalau ke usa atau canada tu harus ada tabungan gitu kan kak ngomong-ngomong congrats kaaaa i hope i belum kaburajadulu sesegera mungkin,positif,49.39,positif
Mulai dari pengolahan smpah plastik di Indonesia membuka lapangan kerja mengurangi impor BBM dri luar negeri mendukung Net Zero Emission &amp; bnyak lgi mngkin. Pemerintah mngkin bisa aja mencoba program ini mulai dari 1 desa untuk melihat apa dmpak -,mulai dari pengolahan smpah plastik di indonesia membuka lapangan kerja mengurangi impor bbm dari luar negeri mendukung net zero emission amp bnyak lagi mngkin pemerintah mngkin bisa saja mencoba program ini mulai dari desa untuk melihat apa dmpak,netral,49.39,netral
malah bahas cinta cintaan😭,bahkan bahas cinta cintaan,netral,49.39,netral
santay dlu gasih 😁,santay dulu gasih,positif,49.39,positif
tapi mau banget disana kak. ada tutorialnya gasih? biar dapet sertifikat dan perizinan kerja di sana,tapi mau banget disana kak ada tutorialnya gasih biar dapat sertifikat dan perizinan kerja di sana,netral,49.4,netral
5 bulan tuh mau liburan apa #kaburajadulu kak?,bulan tuh mau liburan apa kaburajadulu kak,negatif,49.41,negatif
kalau ke Meksiko gak dulu deh,kalau ke meksiko gak dulu deh,netral,49.42,netral
cukup anak presiden..ga usah sekolah tinggi ..bisa jadi waprex,cukup anak presiden ga perlu sekolah tinggi bisa jadi waprex,netral,49.42,netral
"Dari semenjak SMA emang udah punya 'mimpi' berkeluarga di luar Indonesia, karena ada salah satu saudara di Jepang yang jadi panutan role model gitu. Lalu fase resign kantor dan birrul walidain mulai doa lagi mau keluar indo, masyaallah beneran keluar Indo saat #kaburajadulu viral",dari semenjak sama emang sudah punya mimpi berkeluarga di luar indonesia karena ada salah satu saudara di jepang yang jadi panutan role model gitu lalu fase resign kantor dan birrul walidain mulai doa lagi mau keluar indo masyaallah beneran keluar indo saat kaburajadulu viral,positif,49.44,positif
Fenomena investor institusi asing #KaburAjaDulu juga udah berlangsung dari beberapa tahun yang lalu. Sekarang porsi investor institusi asing porsinya hanya 18 5% dari puncaknya di April 2019 yang mencapai 29%. https://t.co/Ebkr29lQpz,fenomena investor institusi asing kaburajadulu juga sudah berlangsung dari beberapa tahun yang lalu sekarang porsi investor institusi asing porsinya hanya dari puncaknya di april yang mencapai,negatif,49.44,negatif
 #kuhp #kuhap bahwa pemuda ini mlakukan bela diri yg baik secara syariat hakikat makrifat toriqot jg sesuai Islam adlah halal dan diwajibkan membunuh pelaku kezaliman #kaburajadulu #revolusipolri,kuhp kuhap bahwa pemuda ini mlakukan bela diri yang baik secara syariat hakikat makrifat toriqot juga sesuai islam adalah halal dan diwajibkan membunuh pelaku kezaliman kaburajadulu revolusipolri,negatif,49.45,negatif
Dari nenek yamal kita harus belajar #KaburAjaDulu,dari nenek yamal kita harus belajar kaburajadulu,negatif,49.45,negatif
Work! Abis ngeliat video tiktok kakak ini jd termotivasi buat nyari kerja wfh di linkedin. Dari kalian yg lg ada di posisi ini ada saran dan masukan ga pas nyari kerjaan modelan wfh luar negeri di linkedin? Makasih https://t.co/btZhtQaFFC,work habis melihat video tiktok kakak ini jadi termotivasi buat mencari kerja wfh di linkedin dari kalian yang lagi ada di posisi ini ada saran dan masukan ga pas mencari kerjaan modelan wfh luar negeri di linkedin terima kasih,netral,49.46,netral
i wish i could,i wish i could,positif,49.49,positif
indo naik pajak nya,indo naik pajak nya,netral,49.52,netral
"ajarin lah kak , bagi bagi ilmunya 🌝",ajarin lah kak bagi bagi ilmunya,positif,49.53,positif
@SLOM83014476 gapapa donk wkwkkwkw bagus #KaburAjaDulu,gapapa donk wkwkkwkw bagus kaburajadulu,negatif,49.54,negatif
@iwanfals Idem Lagi nunggu siaran ulang Bang. #kaburajadulu https://t.co/7NGQTQ9Fw0,idem lagi nunggu siaran ulang bang kaburajadulu,netral,49.54,netral
#KaburAjaDulu koplok,kaburajadulu koplok,negatif,49.55,negatif
Setiap org punya pilihan hidupnya sendiri,setiap org punya pilihan hidupnya sendiri,netral,49.56,netral
Kak? Ikuttt,kak ikuttt,netral,49.56,netral
cakeeeepp...kita masih semangat kerja perusahaan ga ada yg mau Nerima karena alasan usia.. bagaimana ini@gerindra,cakeeeepp kita masih semangat kerja perusahaan ga ada yang mau nerima karena alasan usia bagaimana ini,positif,49.57,positif
Gue dari TK sampe SMA di sekolah swasta. SMA-nya nasional plus sekarang udah jadi sekolah internasional. Kuliah di luar negeri. Kerja mostly pake bahasa Inggris. Hidup kurang lebih comfortably middle class. I ll be the first to acknowledge that I m hella privileged beneran.,saya dari tk sampai sama di sekolah swasta sama nya nasional plus sekarang sudah jadi sekolah internasional kuliah di luar negeri kerja mostly pakai bahasa inggris hidup kurang lebih comfortably middle class i ll be the first to acknowledge that i m hella privileged beneran,positif,49.58,positif
ang ang ang😹,ang ang ang,positif,49.58,positif
Banyak persyaratannya bg 🤣 di indonesia harus bisa menguasai berbagai elmen dan gaji umr🤣,banyak persyaratannya abang di indonesia harus bisa menguasai berbagai elmen dan gaji umr,positif,49.59,positif
tutorial nya bang😭😭🙏,tutorial nya bang,netral,49.59,netral
@tanyakanrl pindah kerja sekalian jalan jalan ke luar negeri tapi jgn resign dulu sebelum dapet job yg baru,pindah kerja sekalian jalan jalan ke luar negeri tapi jangan resign dulu sebelum dapat job yang baru,negatif,49.59,negatif
@tanyakanrl Kak. Percaya Tuhan ege! Lu ga jauh beda ama pemerintah kalo pemikiranny masih begini astaga. Kita punya agama woi punya Tuhan!,kak percaya tuhan ege kamu ga jauh beda sama pemerintah kalau pemikiranny masih begini astaga kita punya agama woi punya tuhan,positif,49.59,positif
Anak muda udah membuktikan apa yang mereka bisa capai kok. Buktinya tagar #kaburajadulu merambat ke seluruh sosial media kan? Butuh bukti apa lagi kalo anak muda itu cari jalan/kerja demi kehidupan yg lebih baik?,anak muda sudah membuktikan apa yang mereka bisa capai kok buktinya tagar kaburajadulu merambat ke seluruh sosial media kan butuh bukti apa lagi kalau anak muda itu cari jalan kerja demi kehidupan yang lebih baik,positif,49.6,positif
fakta banget ya 👍,fakta banget iya,negatif,49.63,negatif
"la ya iya baru 1 taon tpi ya wajarnya harus umr lah,hotel melati?",lah iya iya baru taon tapi iya wajarnya harus umr lah hotel melati,negatif,49.63,negatif
"semua tergantung mindset Qt sendiri,,,",semua tergantung mindset kita sendiri,netral,49.63,netral
@PANCAotomotive @Street Autopart,autopart,netral,49.64,netral
ok gas ok gas ok gas 😹😹naikin pajak,ok gas ok gas ok gas naikin pajak,netral,49.65,netral
gais beasiswa di negara lain buat SMA itu cocoknya di mana ya?,gais beasiswa di negara lain buat sama itu cocoknya di mana iya,netral,49.66,netral
memang bnyk tp hrs ada org dalam br di pertimbangin.,memang banyak tapi harus ada org dalam baru di pertimbangin,negatif,49.69,negatif
@tilehopper gw pernah bos gw bilang di sini kalian gak bisa kaya tapi kalian bisa hidup bisa beli susu anak bisa makan harusnya kalian bersyukur. dia ngomong begitu karena dia punya harley dan anak anaknya sekolah di luar negeri. harusnya dia yang bersyukur orang2 mau kerja dengan upah,saya pernah bos saya bilang di sini kalian gak bisa kaya tapi kalian bisa hidup bisa beli susu anak bisa makan harusnya kalian bersyukur dia bicara begitu karena dia punya harley dan anak anaknya sekolah di luar negeri harusnya dia yang bersyukur orang mau kerja dengan upah,negatif,49.69,negatif
@worksfess Waiter aja klo aku. Karna skill nya bisa di pake utk kerja di luar negeri,waiter saja kalau aku karena skill nya bisa di pakai untuk kerja di luar negeri,positif,49.71,positif
intinya ketika kau diatas kau yg atur semua coy😂🤣🤭,intinya ketika kamu diatas kamu yang atur semua coy,netral,49.75,netral
gpp yg penting #KaburAjaDulu,tidak apa-apa yang penting kaburajadulu,positif,49.75,positif
"Dipake propaganda termul 😂

Yg susah dari tinggal di luar negeri ya dapetin dan bayar visanya, karena rakyat dari negara dunia ke tiga, gara2 pemerintah inkompeten ini.

Kalo bisa dapetin visanya, #kaburajadulu itu memudahkan hidup.

I know the guy personally, and he'd agree.",dipake propaganda termul yang susah dari tinggal di luar negeri iya dapetin dan bayar visanya karena rakyat dari negara dunia ke tiga gara pemerintah inkompeten ini kalau bisa dapetin visanya kaburajadulu itu memudahkan hidup i know the guy personally and he di agree,negatif,49.77,negatif
"buat apa, impian gw ke kuar negri 🤭",buat apa impian saya ke kuar negri,positif,49.79,positif
Bismillah manifesting 🙏🏻,bismillah manifesting,netral,49.81,netral
"inggris bisa, udah lumayan fasih, negara udah ada, UANG nya gaada",inggris bisa sudah lumayan fasih negara sudah ada uang nya tidak ada uang,negatif,49.83,negatif
ini yg ga punya uang buat ikut tren #kaburajadulu ada bantuan ga buat bisa ikut tren nya khususnya buat anak sekolah ataupun yg udah lulus sekolah. serius nanya semoga dijawab😭🙏🙏,ini yang ga punya uang buat ikut trend kaburajadulu ada bantuan ga buat bisa ikut trend nya khususnya buat anak sekolah ataupun yang sudah lulus sekolah serius bertanya semoga dijawab,netral,49.83,netral
banggg ikuttttt,banggg ikuttttt,negatif,49.84,negatif
nnti d taiwan kuliah sambil kerja part time banyak,nnti di taiwan kuliah sambil kerja part time banyak,netral,49.84,netral
wajib pintar bahasa ga bg?,wajib pintar bahasa ga abang,negatif,49.85,negatif
@Uki23 kan pemerintah juga sering rilis data dgn angka2 yg ajaib pula baik secara resmi or melalui buzzer2 .... biarkan rakyat bebas memilih lebih percaya kemana ..... kalo mayoritas rakyat lebih percaya data asing berarti pemerintah harus evalusi diri ... ga ribet asal mau n jujur.,kan pemerintah juga sering rilis data dengan angka yang ajaib pula baik secara resmi or melalui buzzer biarkan rakyat bebas memilih lebih percaya kemana kalau mayoritas rakyat lebih percaya data asing berarti pemerintah harus evalusi diri ga ribet asal mau dan jujur,positif,49.86,positif
Yok bisa yok #KaburAjaDulu ,yok bisa yok kaburajadulu,netral,49.87,netral
@Surgandi putra ananda 😭,putra ananda,positif,49.88,positif
Nasionalisme emg perlu tapi realistis lebih dibutuhkan,nasionalisme emg perlu tapi realistis lebih dibutuhkan,netral,49.89,netral
bnr bgt bang 😂 tp ttp aq cinta indo 😭 wlw ribet persyaratan nya,bnr banget bang tapi ttp saya cinta indo wlw ribet persyaratan nya,negatif,49.91,negatif
smoga kdpannya Ini d lirik Pemrintah dan smua syaratw loker d ubah,smoga kdpannya ini di lirik pemrintah dan smua syaratw loker di ubah,netral,49.91,netral
Rasa Ingin Ke Jepang📈📈,rasa ingin ke jepang,netral,49.92,netral
@caroIinespark kita #kaburajadulu ke jp untuk meninggalkan rezim dan experiencing lagu jp enha live,kita kaburajadulu ke jp untuk meninggalkan rezim dan experiencing lagu jp enha live,negatif,49.93,negatif
: Aku sempat bilang ke Joss kalau suatu hari dia punya konser sendiri aku bakal datang buat ambil foto. Tapi pas akhirnya Joss beneran bikin konser aku malah harus kerja ke luar negeri... tapi ngga apa-apa : Terakhir ngobrol sama Joss pas outing dia bilang nanti mau,aku sempat bilang ke joss kalau suatu hari dia punya konser sendiri aku bakal datang buat ambil foto tapi pas akhirnya joss beneran bikin konser aku bahkan harus kerja ke luar negeri tapi tidak apa apa terakhir ngobrol sama joss pas outing dia bilang nanti mau,positif,49.94,positif
Definisi cry for help wkwkwkwk If i survive this madness tolong mudahkan jalanku untuk #kaburajadulu ya allah https://t.co/xXNIh3lUMQ,definisi cry for help wkwkwkwk if i survive this madness tolong mudahkan jalanku untuk kaburajadulu iya allah,negatif,49.98,negatif
@Puspen_PKI &gt; Siap mempertanggungjawabkan &gt; #KaburAjaDulu ke Yordania,begitu siap mempertanggungjawabkan begitu kaburajadulu ke yordania,positif,50.0,positif
bisa ga sih prabowo &amp; dpr kasih statement tegas langkah nyata untuk meredam ini? bukan hanya evaluasi atau minta rakyat percaya ke pemerintah?,bisa ga sih prabowo amp dpr kasih statement tegas langkah nyata untuk meredam ini bukan hanya evaluasi atau minta rakyat percaya ke pemerintah,negatif,50.0,negatif
guru paud yang penting buat pondasi anak-anak di masa depan aja gurunya sebulan 150k wee😭😭😭,guru paud yang penting buat pondasi anak anak di masa depan saja gurunya sebulan ke wee,positif,50.0,positif
@prabowo Usul Pak sebaiknya jabatan wakil Menteri Tenaga Kerja tidak usah ada penggantinya biarkan kosong saja sdh ada Menteri Teanaga Kerja &amp; para Dirjen sudah cukup. Malah lebih hemat Anggaran &amp; Ramping. Wakil Menteri hanya perlu buat pos tertentu misal Luar Negeri Keuangan. https://t.co/5U5OdQcaxZ,usul pak sebaiknya jabatan wakil menteri tenaga kerja tidak perlu ada penggantinya biarkan kosong saja sdh ada menteri teanaga kerja amp para dirjen sudah cukup bahkan lebih hemat anggaran amp ramping wakil menteri hanya perlu buat pos tertentu misal luar negeri keuangan,netral,50.0,netral
tapi ko bisa sampe 50? TG itu lebih murah biayanya dibanding magang,tapi ko bisa sampai tg itu lebih murah biayanya dibanding magang,negatif,50.01,negatif
@tanyakanrl bapaknya temen gua isilop katanya tiap hari emang ngatain pemerintah mulu. gua kenal bapaknya &amp; beliau emang one in a million of 'polisi baik' open minded juga. well ga bisa 100% percaya juga si,bapaknya teman saya isilop katanya tiap hari emang ngatain pemerintah melulu saya kenal bapaknya amp beliau emang one in a million of polisi baik open minded juga well ga bisa percaya juga si,negatif,50.02,negatif
andai aku bisa dan lancar bahasa Inggris maka aku akan pergi ke sana,andai aku bisa dan lancar bahasa inggris maka aku akan pergi ke sana,positif,50.04,positif
Hanya kaum middle class yg paham 🙏🏻,hanya kaum middle class yang paham,netral,50.06,netral
@tanyarlfes ini yang mau #KaburAjaDulu jadi warlok Taiwan ada loker kontrak 3 tahun gaji kurleb 18jt perbulan program pemerintah. Langsung cek aja di instagram mereka ya. Syaratnya ga ribet dan minimal lulusan SMA. https://t.co/K9WljGtxPD,ini yang mau kaburajadulu jadi warlok taiwan ada loker kontrak tahun gaji kurleb jt perbulan program pemerintah langsung cek saja di instagram mereka iya syaratnya ga ribet dan minimal lulusan sama,netral,50.08,netral
10 Negara dengan Gaji Tertinggi per Tahun! Swiss tetap di puncak dengan gaji tahunan tembus Rp2 M+ . Kalau kamu ingin kerja di luar negeri negara mana yang jadi incaran? Yuk FOLLOW untuk tips dunia kerja lainnya! Good luck! #InfoLoker https://t.co/wJS1gT7pMV,negara dengan gaji tertinggi per tahun swiss tetap di puncak dengan gaji tahunan tembus rp m kalau kamu ingin kerja di luar negeri negara mana yang jadi incaran yuk follow untuk tips dunia kerja lainnya good luck infoloker,positif,50.09,positif
dapat gaji dibawah UMR 😹,dapat gaji dibawah umr,netral,50.12,netral
semoga sehabis lulus S1 nanti bisa langsung kerja ke Jepang 😭😭,semoga sehabis lulus s nanti bisa langsung kerja ke jepang,netral,50.14,netral
"gass, bismillah",gass bismillah,positif,50.14,positif
@ajiehatadji @prabowo Padahal influencer #KaburAjaDulu paling berpengaruh tuh ini https://t.co/kwvGhWDeFA,padahal influencer kaburajadulu paling berpengaruh tuh ini,negatif,50.15,negatif
"ada bang, banyak ini yg dicari",ada bang banyak ini yang dicari,netral,50.16,netral
@Naz_lira Saya kan kerja di luar negeri...sebelum saya bikin visa kerja persyaratannya semua ijazah harus di apostile ke @kemenkum bahwa ijizah ini asli. Lalu kenapa bukan Kemenkum yang memeriksa? ,saya kan kerja di luar negeri sebelum saya bikin visa kerja persyaratannya semua ijazah harus di apostile ke bahwa ijizah ini asli lalu kenapa bukan kemenkum yang memeriksa,negatif,50.16,negatif
q mlh pingin pindh negra pak😂😂😂,q mlh pingin pindh negra pak,netral,50.16,netral
"cari peluang dlu bisa dpt lowongan dimana, crita keuntungan sm kerugian kerja disitu sm biaya ekonomi disana cocok ga dgn penghasilan nya klo ga di korea di Jepang, klo cina jgn",cari peluang dulu bisa dapat lowongan dimana crita keuntungan sm kerugian kerja disitu sm biaya ekonomi disana cocok ga dengan penghasilan nya kalau ga di korea di jepang kalau cina jangan,negatif,50.17,negatif
Semoga aku segera sembuh semoga aku segera diterima kerja di luar kota atau negeri pun gapapa. Biar mama gw ga liat eksistensiku selama mungkin,semoga aku segera sembuh semoga aku segera diterima kerja di luar kota atau negeri pun gapapa biar mama saya ga lihat eksistensiku selama mungkin,negatif,50.18,negatif
"lagi bujuk suami buat #kaburajadulu
bismillah, semoga di lancarkan ya Allah 😇",lagi bujuk suami buat kaburajadulu bismillah semoga di lancarkan iya allah,positif,50.18,positif
MAU KERJA DI LUAR NEGERI AJA HUHUHUHU PLZ,mau kerja di luar negeri saja huhuhuhu plz,negatif,50.19,negatif
Barter sama yang #KaburAjaDulu ...,barter sama yang kaburajadulu,netral,50.2,netral
Bener banget #kaburajadulu,benar banget kaburajadulu,positif,50.2,positif
pengen #kaburajadulu tp liat kondisi gini merasa terpanggil masih punya kemampuan buat bantu ,pengen kaburajadulu tapi lihat kondisi gini merasa terpanggil masih punya kemampuan buat bantu,netral,50.21,netral
haha iya sebenernya dah planning dri dlu,tertawa iya sebenernya deh planning dari dulu,negatif,50.22,negatif
"dia enak ngomong gt karena udah banyak duit, hidup enak, uang ga abis2,, lha kita sbg masyarakat yg serba susah, selama negara lain lebih menjamin lebih menjanjikan.. kenapa tidak??",dia enak bicara begitu karena sudah banyak duit hidup enak uang ga habis lha kita sbg masyarakat yang serba susah selama negara lain lebih menjamin lebih menjanjikan kenapa tidak,negatif,50.22,negatif
"warga asing kerja utk org malaysia sbb org malaysia bnyk open bisnis la bg,",warga asing kerja untuk org malaysia sebagai berikut org malaysia banyak open bisnis lah abang,positif,50.22,positif
@PartaiSocmed Lebih percaya pemerintah mau mengurangi beban subsidi krn ingin efisiensi anggaran. Btw itu berita tahun 2017 apa msh relevan utk skrg? Apa pertamina ga mengubah strategi bisnisnya dengan dinamika di lapangan? https://t.co/JrN1G2fldz,lebih percaya pemerintah mau mengurangi beban subsidi karena ingin efisiensi anggaran ngomong-ngomong itu berita tahun apa masih relevan untuk skrg apa pertamina ga mengubah strategi bisnisnya dengan dinamika di lapangan,positif,50.23,positif
Gapernah percaya dengan per e e e an pemerintah. E ktp aja kaga ada tuh berasa elektroniknya masi fotocopy juga input nama ttl dsb manual ga integrated at all,gapernah percaya dengan per e e e an pemerintah e ktp saja tidak ada tuh berasa elektroniknya masi fotocopy juga input nama ttl dsb manual ga integrated at all,netral,50.25,netral
Coba tebak si Sahroni di mana? #KaburAjaDulu #sahroni #dprbebannegara #bubarkanDPR #IndonesiaGelap #ahmadsahroni #sahronidulu https://t.co/9L3gk2kYUz,coba tebak si sahroni di mana kaburajadulu sahroni dprbebannegara bubarkandpr indonesiagelap ahmadsahroni sahronidulu,negatif,50.25,negatif
lulus sma mnding lanjut kuliah apa magang ke Jepang?,lulus sama mnding lanjut kuliah apa magang ke jepang,netral,50.26,netral
@basehayday Seandainya semua aset di Hay Day itu beneran real bs sy miliki naah br sy kaya raya Walopun saat ini msh ngayal babu setidaknya sy punya tempat pelarian dr penatnya hidup di negeri tercinta ini. Jd utk saat ini br bs #kaburajadulu nya ke Hay Day aja ,seandainya semua aset di hay day itu beneran real bisa saya miliki naah baru saya kaya raya walopun saat ini masih ngayal babu setidaknya saya punya tempat pelarian dr penatnya hidup di negeri tercinta ini jadi untuk saat ini baru bisa kaburajadulu nya ke hay day saja,negatif,50.26,negatif
malaysia,malaysia,netral,50.27,netral
"sabar, nabung dulu nanti otw #kaburajadulu","sabar nabung dulu nanti on the way, sedang di jalan kaburajadulu",netral,50.27,netral
"Dimana pun lu kerja itu tergantung diri lu,gw pernah kerja di jepang,ya gajinya emang gede kalo di Rp in,tapi kalo di sana mah tetep ngerasa kecil,sama aja kek lu gaji 2 jt di sini,dan kalo mau nabung",dimana pun kamu kerja itu tergantung diri kamu saya pernah kerja di jepang iya gajinya emang gede kalau di rp in tapi kalau di sana mah tetep ngerasa kecil sama saja seperti kamu gaji jt di sini dan kalau mau nabung,positif,50.28,positif
@LordAutizmoo @tubbirfess #KaburAjaDulu bareng imroatus,kaburajadulu bareng imroatus,netral,50.28,netral
PUBG bro🔥,pubg saudara laki-laki,negatif,50.29,negatif
Anak SMA juga bisa #kaburajadulu loh! 16% pengangguran berasal dari kategori 24 tahun kbawah? Sebelum daftar sekolah atau kerja ke luar negeri dokumenmu harus siap dulu. Rubah Bahasa bisa bantu urus #kaburajadulu #PenerjemahTersumpah #Apostille #Beasiswa https://t.co/sWu7L3xo6R,anak sama juga bisa kaburajadulu loh pengangguran berasal dari kategori tahun kbawah sebelum daftar sekolah atau kerja ke luar negeri dokumenmu harus siap dulu rubah bahasa bisa bantu urus kaburajadulu penerjemahtersumpah apostille beasiswa,negatif,50.29,negatif
Inget yah guys kalo pengen #kaburajadulu tuh MINIMAL BANGET ngikutin berita politiknya https://t.co/zJOte5rfpL,inget yah teman-teman kalau pengen kaburajadulu tuh minimal banget ngikutin berita politiknya,netral,50.32,netral
otwe ke jepang ah,otwe ke jepang ah,positif,50.32,positif
@TxtdariHI Dgn kondisi yg kayak gini emang paling bener #KaburAjaDulu ️,dengan kondisi yang kayak gini emang paling benar kaburajadulu,positif,50.32,positif
sekarang gimana ka?,sekarang bagaimana kakak,negatif,50.33,negatif
Emangnya lu pasti lulus 🗿,memangnya kamu pasti lulus,negatif,50.35,negatif
"bs dong,, eropa sanaa",bisa dong eropa sanaa,negatif,50.35,negatif
Sometime kita-kita lupa luar biasanya kerja sama itu adalah pusaka agung kita. Mari praktikkan dalam rutinitas harian untuk pelihara negara dan capai kebahagiaan universal. Bersatu Jaga Negeri,sometime kita kita lupa luar biasanya kerja sama itu adalah pusaka agung kita mari praktikkan dalam rutinitas harian untuk pelihara negara dan capai kebahagiaan universal bersatu jaga negeri,negatif,50.36,negatif
Wkwkwk iya lagi,wkwkwk iya lagi,netral,50.36,netral
insyaallah aku menyusull❤,insyaallah aku menyusull,netral,50.36,netral
@Rilkeansm Ash... kalau tanggungannya untuk pimpin negara ini. Kayaknya aku akan milih untuk #kaburajadulu instead. ,ash kalau tanggungannya untuk pimpin negara ini kayaknya aku akan milih untuk kaburajadulu instead,negatif,50.37,negatif
saya disini sultan. dan saya masih sekolah. ntar kalo sudah lulus insyaallah kabur. sekarang lagi belajar bahasa Inggris dan Arab.,saya disini sultan dan saya masih sekolah nanti kalau sudah lulus insyaallah kabur sekarang lagi belajar bahasa inggris dan arab,netral,50.37,netral
yg bener kak? kerja apaan udah lansia,yang benar kak kerja apa sudah lanjut usia,netral,50.37,netral
Semuanya gak bisa dilihat 0 dan 1 nggak bisa diwarna hitam dan putih. Mari kita berefleksi diri dan gak denial... #kaburajadulu,semuanya gak bisa dilihat dan tidak bisa diwarna hitam dan putih mari kita berefleksi diri dan gak denial kaburajadulu,positif,50.39,positif
bismillah tahun depan terbang ke Korea,bismillah tahun depan terbang ke korea,netral,50.39,netral
@SeputarTetangga Terakhir punya mobil tahun 2018 sebelum #kaburajadulu. Skrg kalo mudik either pinjam mobil ortu/mertua. Kami bantu untuk upgrade mobil mereka biar senang dan kami nyaman. Tapi kalau ke luar kota kami mendingan sewa mobil.,terakhir punya mobil tahun sebelum kaburajadulu skrg kalau mudik either pinjam mobil orang tua mertua kami bantu untuk upgrade mobil mereka biar senang dan kami nyaman tapi kalau ke luar kota kami mendingan sewa mobil,netral,50.4,netral
@Cresjendo yoii kan join trend #Kaburajadulu wkwk,yoii kan join trend kaburajadulu wkwk,positif,50.4,positif
dia lah trendsetter #KaburAjaDulu,dia lah trendsetter kaburajadulu,positif,50.43,positif
"one day, just one day japan.",one day just one day japan,netral,50.44,netral
"banyak tp harus ada orang dlm.. dan pelicinya gede pula, gaji nya jg ga seberapa",banyak tapi harus ada orang dlm dan pelicinya gede pula gaji nya juga ga seberapa,positif,50.44,positif
pelan pelan mang🔥😭,pelan pelan mang,negatif,50.45,negatif
Halo ndes sender lagi bingung nih fresh graduate banget rencana mau ambil kerja di Luar negeri ada info engga buat lulusan S1 buat kerja dikeluarkan negeri atau agent terpercaya makasih banyak,halo ndes sender lagi bingung ini fresh graduate banget rencana mau ambil kerja di luar negeri ada informasi engga buat lulusan s buat kerja dikeluarkan negeri atau agent terpercaya terima kasih banyak,netral,50.46,netral
@리도 ayo jon,ayo jon,positif,50.48,positif
Siapa yg menjamin?,siapa yang menjamin,negatif,50.48,negatif
Kadang kita ingin #KaburAjaDulu karena lelah. Generasi muda boleh rehat tapi jangan pernah lepas arah. Karna Indonesia butuh kita yang bertumbuh bukan yang benar-benar pergi 🇮🇩️ #upnveteranjawatimur #upnkampusbelanegara #mkuupnjatim https://t.co/klOa4bom9R,kadang kita ingin kaburajadulu karena lelah generasi muda boleh rehat tapi jangan pernah lepas arah karena indonesia butuh kita yang bertumbuh bukan yang benar benar pergi upnveteranjawatimur upnkampusbelanegara mkuupnjatim,netral,50.49,netral
@handarugemes Gas #KaburAjaDulu ke Harmonia,gas kaburajadulu ke harmonia,netral,50.49,netral
Alhamdulillah. Visa approved #KaburAjaDulu jalur pendidikan (beasiswa). Bismillah. https://t.co/zJ9O830N1C,alhamdulillah visa approved kaburajadulu jalur pendidikan beasiswa bismillah,positif,50.5,positif
@borryshasian Pake https://t.co/5ZBvBanB4b bisa mas dulu saya sering pakai. Dia ada homepage nya juga biasa promosikan acaranya. Cuma untuk promo marketing harus promo sendiri nampaknya. Bila tertarik ada komunitas #KaburAjaDulu sih untuk promosi nya.,pakai bisa mas dulu saya sering pakai dia ada homepage nya juga biasa promosikan acaranya cuma untuk promo marketing harus promo sendiri nampaknya bila tertarik ada komunitas kaburajadulu sih untuk promosi nya,positif,50.51,positif
ngak pa pa asalkan timnas Indonesia ke piala dunia 🗿,ngak pa pa asalkan timnas indonesia ke piala dunia,netral,50.51,netral
Kuma anjeun 🙏🏻 @Bahlil Lahadalia,kuma anjeun lahadalia,negatif,50.52,negatif
cinta indonesia gak bikin anda bisa makan tiap hari 😂,cinta indonesia gak bikin anda bisa makan tiap hari,positif,50.53,positif
"aku udah nikah,kyknya pgn punya rmh cmn mimpi ya,karna gajih UMR utk anak 2 itu cukup aja udh Alhamdulillah..
kemaren rame jepang butuh warga,kefikiran bgt apa iya harus kesana biar bisa punya rmh 🥺",aku sudah nikah kyknya pgn punya rumah cmn mimpi iya karena gajih umr untuk anak itu cukup saja udh alhamdulillah kemarin ramai jepang butuh warga kefikiran banget apa iya harus kesana biar bisa punya rumah,positif,50.55,positif
taiwan 🥰🥰🥰,taiwan,netral,50.56,netral
FAKTA oyyyyyyyyyy,fakta oyyyyyyyyyy,positif,50.57,positif
nama potongan rambutnya apa bang??,nama potongan rambutnya apa bang,negatif,50.59,negatif
@punho @ATEEZofficial haii bang nael aku kmaren abis dr Chicago ikutan loolapazoola trus sekarang keluar negri lagi buat fansign demn apakah ak sdh #kaburajadulu iya?,haii bang nael aku kmaren habis dr chicago ikutan loolapazoola trus sekarang keluar negri lagi buat fansign demn apakah saya sdh kaburajadulu iya,negatif,50.6,negatif
@alyaanrhyt @LottiesxWorld @sprinkleskeik inilah saatnya #KaburAjaDulu,inilah saatnya kaburajadulu,negatif,50.61,negatif
mau kbur juga🥺,mau kbur juga,positif,50.61,positif
@yusufgunawan @KAI121 @infomalang Penting banget kayanya tuh lomba. Mungkin setelah lomba selesai hutang luar negeri Indonesia bisa lunas kali ya. Makanya super maha penting sampai harus dilaksanakan di hari kerja. Kalau orang kerja mah apa lah hasilnya paling cuma bayar pajak yang katanya masih kuraanggg...,penting banget kayaknya tuh lomba mungkin setelah lomba selesai hutang luar negeri indonesia bisa lunas kali iya makanya super maha penting sampai harus dilaksanakan di hari kerja kalau orang kerja mah apa lah hasilnya paling cuma bayar pajak yang katanya masih kuraanggg,negatif,50.61,negatif
Ngomong-ngomong soal Kabur Aja Dulu sempat kami bahas bareng ideolog @EXCOPARTAIBURUH #KaburAjaDulu Buat yg belom nonton silakan. https://t.co/sB0xfp0GWi,bicara bicara soal kabur saja dulu sempat kami bahas bareng ideolog kaburajadulu buat yang belum nonton silakan,negatif,50.62,negatif
@takaichi_sanae Untuk saudara-saudariku bangsa Indonesia yang sedang di Jepang atau bermimpi ingin #KaburAjaDulu ke Jepang saya bagikan kembali analisa lama saya ya Setidaknya bisa jadi bahan berpikir https://t.co/hYiWu9qnqp,untuk saudara saudariku bangsa indonesia yang sedang di jepang atau bermimpi ingin kaburajadulu ke jepang saya bagikan kembali analisa lama saya iya setidaknya bisa jadi bahan berpikir,negatif,50.63,negatif
🥺 bang doa in gue juga supaya bisa nyusul eluu🙏🥺,bang doa in saya juga supaya bisa nyusul eluu,netral,50.63,netral
Semeton Mido jangan mudah tergiur tawaran kerja di luar negeri tanpa proses resmi ya! Banyak kasus perdagangan manusia bermula dari memberikan keterangan tidak benar saat wawancara pengurusan paspor! Dalam permohonan paspor kamu WAJIB memberikan keterangan yang benar. https://t.co/UWntmXW18x,semeton mido jangan mudah tergiur tawaran kerja di luar negeri tanpa proses resmi iya banyak kasus perdagangan manusia bermula dari memberikan keterangan tidak benar saat wawancara pengurusan paspor dalam permohonan paspor kamu wajib memberikan keterangan yang benar,netral,50.66,netral
@nazallynne Ada yang bilang kalau Yunseok sibuk kerja di luar negeri terus jarang pulang baru ketemuan pas sama temen-temen itu wkwkwk (positif thinking hehe) Soalnya di cerita lain yang tentang pemilu disana Jadoo Yunseok serumah ,ada yang bilang kalau yunseok sibuk kerja di luar negeri terus jarang pulang baru ketemuan pas sama teman teman itu wkwkwk positif thinking he soalnya di cerita lain yang tentang pemilu disana jadoo yunseok serumah,negatif,50.66,negatif
@hrdbacot Sekarang lagi proses menuju #kaburajadulu kebetulan kerja di worldwide company. Skrg usaha untuk bangun portofolio sama banyakin koneksi. Target 2-3 tahun lagi pindah ke Head office. Company besar ketika masuk ke indo gajinya ga ikut besar karena base minimum kita kecil bgt,sekarang lagi proses menuju kaburajadulu kebetulan kerja di worldwide company skrg usaha untuk bangun portofolio sama banyakin koneksi target tahun lagi pindah ke head office company besar ketika masuk ke indo gajinya ga ikut besar karena base minimum kita kecil banget,negatif,50.66,negatif
"GIMANA GAK SUSAH CARI KERJA
sekelas anak presiden aja di CARI in kerja Sama BAPAK nya",bagaimana gak susah cari kerja sekelas anak presiden saja di cari in kerja sama bapak nya,positif,50.71,positif
Ya wis ndap popo... yg penting hasil nyangkul di sana bisa buat beli kebun berhektar di sini. haha Sesekali sampeyan share tip kerja di luar biar arek2 di X ini ndak asal #KaburAjaDulu sampai di luar bukannya bisa beli kebun malah stress banting tulang.,iya wis ndap popo yang penting hasil nyangkul di sana bisa buat beli kebun berhektar di sini tertawa sesekali sampeyan share tip kerja di luar biar arek di x ini tidak asal kaburajadulu sampai di luar bukannya bisa beli kebun bahkan stress banting tulang,negatif,50.76,negatif
@RakhaRakha45 @fernandez171778 @satUrn_usZz Sebenernya poin gua bukan menitikberatkan di observasi pribadi gua //smh. Poin gua gua melakukan observasi untuk melihat emang bener? . Ya kalau masih ga percaya ya sila tanya aja ke pemerintah,sebenernya poin saya bukan menitikberatkan di observasi pribadi saya smh poin saya saya melakukan observasi untuk melihat emang benar iya kalau masih ga percaya iya sila tanya saja ke pemerintah,negatif,50.76,negatif
@intinyadeh Monggo yang mau #kaburajadulu ke malaysia,monggo yang mau kaburajadulu ke malaysia,negatif,50.77,negatif
"setuju,, gw pengen keluar negri abis S1 ini,, setidaknya bisa ngembaliin uang ortu yang gw pakai buat pendidikan",setuju saya pengen keluar negri habis s ini setidaknya bisa ngembaliin uang orang tua yang saya pakai buat pendidikan,positif,50.79,positif
"Semoga aku bisa tahun ini, lewat jalur langit dlu aja😔",semoga aku bisa tahun ini lewat jalur langit dulu saja,positif,50.79,positif
"Setuju bangettt dan ini fakta
#KaburAjaDulu",setuju bangettt dan ini fakta kaburajadulu,positif,50.81,positif
gak ada modal di awal pun juga bisa kog kak☺️,gak ada modal di awal pun juga bisa kok kak,netral,50.82,netral
aku pinter b ing. kek ny ak mw pergi ke U.S ajaa,aku pinter b ing seperti ny saya now watching pergi ke kamu s ajaa,positif,50.84,positif
gwe lgi proses nih,gwe lagi proses ini,netral,50.84,netral
@sisthaaaaa Tips buat #kaburajadulu https://t.co/V92Lkfita9,tips buat kaburajadulu,positif,50.85,positif
"klo ada duit, lbih baik ke luar negeri & ke tempat yg dmn petani dihargai dan emg ada bbrpa negara yg kasih gaji gde untuk petani #KaburAjaDulu",kalau ada duit lbih baik ke luar negeri ke tempat yang dmn petani dihargai dan emg ada bbrpa negara yang kasih gaji gde untuk petani kaburajadulu,positif,50.85,positif
tbtb pengen jadi orang kaya kerja di kantoran trus lagi liburan di luar negeri pakai tabungan sendiri night drive city lights.. when yh :(,tbtb pengen jadi orang kaya kerja di kantoran trus lagi liburan di luar negeri pakai tabungan sendiri night drive city lights when yh,netral,50.85,netral
S 1 gaji di bawah UMR banyak di sini😭,s gaji di bawah umr banyak di sini,netral,50.88,netral
bhs Inggris aj gpp ka. bhs Inggris umum d gunakan klo berkunjung ke negara lain,bhs inggris saja tidak apa-apa kakak bhs inggris umum di gunakan kalau berkunjung ke negara lain,negatif,50.88,negatif
@tanyarlfes Mau jadi warga Amerika soalnya pacarku org amrik. Tp prefer kerja WFH perusahaan LN tinggalnya di indo. Kalo duit cukup liburan ke luar negeri ,mau jadi warga amerika soalnya pacarku org amrik tapi prefer kerja wfh perusahaan ln tinggalnya di indo kalau duit cukup liburan ke luar negeri,netral,50.88,netral
@tanyarlfes maulah #kaburajadulu,maulah kaburajadulu,positif,50.9,positif
wahh niatku muncul lagi🙂,wahh niatku muncul lagi,negatif,50.9,negatif
kejepang🗿,kejepang,netral,50.9,netral
mau pulang ke arab,mau pulang ke arab,netral,50.9,netral
"Aamiin, semoga di permudah proses nya ya kak🥰",aamiin semoga di permudah proses nya iya kak,netral,50.92,netral
"di LN bisa jadi #generasiemas
di DN bisa jadi #generasicemas",di ln bisa jadi generasiemas di dn bisa jadi generasicemas,netral,50.93,netral
niat mau pensiun malah makin kocak negri sendiri,niat mau pensiun bahkan makin kocak negri sendiri,negatif,50.94,negatif
Sy tak tau kalau soal permit .. biasa nya permit melaui agency .. dan agency selalu nya dari negara asal kita ..,saya tidak tahu kalau soal permit biasa nya permit melaui agency dan agency selalu nya dari negara asal kita,negatif,50.96,negatif
ini langsung praktek hastag #kaburajadulu,ini langsung praktek hastag kaburajadulu,negatif,50.96,negatif
skrg si masih baru 6 bulan tapi syukur aja Bisa Dsni,skrg si masih baru bulan tapi syukur saja bisa dsni,netral,50.97,netral
@AnnaPretends MINAT. Kita #KaburAjaDulu ya dd! ,minat kita kaburajadulu iya dd,negatif,50.97,negatif
"lebih ke ""pov kamu #lagibanyakduit""",lebih ke pov kamu lagibanyakduit,negatif,50.98,negatif
Bismillah 2026 hidup di jepang atau gk inggris ya Allah😭😭😭😭,bismillah hidup di jepang atau gk inggris iya allah,positif,50.98,positif
"Sma kak, sampai dpt calon org sgp, sush mau blik🤣🤣🤣🤣",sama kak sampai dapat calon org sgp sush mau blik,netral,50.99,netral
lah saya SMP gajinya 2 digit di ln,lah saya smp gajinya digit di ln,netral,51.0,netral
@IhsanRizki_48 @salam4jari Doain aku ya semoga secepatnya bisa #kaburajadulu,doain aku iya semoga secepatnya bisa kaburajadulu,netral,51.0,netral
bahkan gaji 800 rb pun ada njirr😭🙏,bahkan gaji rb pun ada njirr,netral,51.01,netral
pelan2 bg jan langsung di ulti 😭🤣,pelan abang jan langsung di ulti,negatif,51.03,negatif
pengen join juga dehh😭,pengen join juga dehh,netral,51.03,netral
"setelah kuliah gass ke jepang, JEPANG TUNGGU GUWAAAA🔥
#kaburajadulu",setelah kuliah gass ke jepang jepang tunggu guwaaaa kaburajadulu,positif,51.04,positif
pengen ikut #kaburajadulu tapi masih sekolah,pengen ikut kaburajadulu tapi masih sekolah,netral,51.06,netral
petantang petenteng pas ditantang malah kayak ayam sayur #kaburajadulu https://t.co/8wzrSs8U3v,petantang petenteng pas ditantang bahkan kayak ayam sayur kaburajadulu,negatif,51.08,negatif
"mewakilii suara hatii sekalii bang, ijin repost bang yak",mewakilii suara hatii sekalii bang ijin repost bang yak,netral,51.08,netral
abis brp bang total 30 sampe? trus ente pas lpk ada dana talang kah?,habis berapa bang total sampai trus ente pas lpk ada dana talang kah,netral,51.11,netral
"Semua juga kalau punya kesempatan pasti milih kabur. ya gimana diluar cari kerja gampang, gaji tinggi, biaya hidup terjangkau, pajak yg dibayar bisa dirasakan. dan msh bnyk +++++ lagi kalau diluar",semua juga kalau punya kesempatan pasti milih kabur iya bagaimana diluar cari kerja gampang gaji tinggi biaya hidup terjangkau pajak yang dibayar bisa dirasakan dan masih banyak lagi kalau diluar,positif,51.11,positif
#KaburAjaDulu Anies: Kita Butuh Lebih Banyak WNI yang Bekerja di Luar Negeri sebagai Representasi Indonesia. We need more. Karena jika kita berbicara tentang proporsi kewarganegaraan di lembaga internasional lihat saja asal negaranya. https://t.co/fMD3HdbrZd https://t.co/JOpIG0mqap,kaburajadulu anies kita butuh lebih banyak wni yang bekerja di luar negeri sebagai representasi indonesia we need more karena jika kita berbicara tentang proporsi kewarganegaraan di lembaga internasional lihat saja asal negaranya,netral,51.12,netral
@OrenjiRenOren @yahyasahri @fahmi_fadzil Sama lah kat DBKL tu. Klu tengok orang luar je ramai. Yg mykad 14 dan 56 berapa kerat je dalam DBKL tu. Aku pun tak fhm klu kt negeri lain tak dpt lah anak negeri lain nak kerja dlm sektor awam negeri tu tp di DBKL lain semua negeri ada disitu teruramanya dr negeri tutttt....,sama lah kat dbkl tu klu menjenguk orang luar je ramai yang mykad dan berapa kerat je dalam dbkl tu aku pun tidak fhm klu kita negeri lain tidak dapat lah anak negeri lain nak kerja dlm sektor awam negeri tu tapi di dbkl lain semua negeri ada disitu teruramanya dr negeri tutttt,negatif,51.12,negatif
Beberapa waktu terakhir media sosial ramai dengan tagar #KaburAjaDulu. Ungkapan ini menggambarkan keinginan banyak anak muda Indonesia untuk meninggalkan tanah air baik demi studi kerja atau sekadar mencari hidup yang lebih layak di luar negeri,beberapa waktu terakhir media sosial ramai dengan tagar kaburajadulu ungkapan ini menggambarkan keinginan banyak anak muda indonesia untuk meninggalkan tanah air baik demi studi kerja atau sekadar mencari hidup yang lebih layak di luar negeri,negatif,51.13,negatif
tips &amp; trik nya adalah #kaburajadulu,tips amp trik nya adalah kaburajadulu,netral,51.13,netral
hadir Ngawi,hadir ngawi,positif,51.13,positif
sayang nya modal pling kecil 50jt untuk dpet job...,sayang nya modal pling kecil jt untuk dpet job,positif,51.13,positif
"kak, aku udh pasport, tapi gaada duit buat pergi kesana ☹️",kak aku udh pasport tapi tidak ada uang duit buat pergi kesana,negatif,51.13,negatif
dapet angin,dapat angin,negatif,51.14,negatif
"nanti bang, lulus kuliah dulu, tanggung doalnya😭",nanti bang lulus kuliah dulu tanggung doalnya,negatif,51.14,negatif
Dapet bahlil itu,dapat bahlil itu,positif,51.16,positif
Waktunya wujudkan berkarir ke luar negeri di sektor Pehotelan! Bekerja dng gaji yg lebih pantas n peluang besar! Tunggu apa lagi.. Hubungi kami di : 081252230289 082136101306 The best way for sure! #Kaburajadulu https://t.co/lchFdNQubM,waktunya wujudkan berkarir ke luar negeri di sektor pehotelan bekerja dng gaji yang lebih pantas dan peluang besar tunggu apa lagi hubungi kami di the best way for sure kaburajadulu,netral,51.17,netral
"berarti pemotongan anggaran, dan kelangkaan gas lpg kemarin salah nya anis ya?",berarti pemotongan anggaran dan kelangkaan gas lpg kemarin salah nya anis iya,negatif,51.18,negatif
sma bang,sama bang,positif,51.18,positif
maaf sy ibu2,maaf saya ibu,negatif,51.18,negatif
kerja di indonesia bilangnya bagian admin gongnya setelah ke terima harus multitasking malah kerjaan yg harusnya bukan kerjaan kita di eh kita yg kerjaan. udah gitu loyalitasnya itu loh kadang 😌,kerja di indonesia bilangnya bagian admin gongnya setelah ke terima harus multitasking bahkan kerjaan yang harusnya bukan kerjaan kita di eh kita yang kerjaan sudah gitu loyalitasnya itu loh kadang,negatif,51.18,negatif
@JhonSitorus_18 Infokan kalo ketemu ga percaya lagi sama lembaga pemerintah. Lebih percaya sama rakyat,infokan kalau ketemu ga percaya lagi sama lembaga pemerintah lebih percaya sama rakyat,negatif,51.18,negatif
pergilah ke tempat dimana kamu dihargai,pergilah ke tempat dimana kamu dihargai,netral,51.19,netral
@sighyam udah waktunya gue #kaburajadulu ke thai,sudah waktunya saya kaburajadulu ke thai,negatif,51.19,negatif
@tolethedude Gordo aph tidak mau #KaburAjaDulu dari Indo? Nanti ak ikut,gordo aph tidak mau kaburajadulu dari indo nanti saya ikut,negatif,51.2,negatif
@Jatosint lah abang udah bisa #kaburajadulu kok malah mau balik? wkwk,lah abang sudah bisa kaburajadulu kok bahkan mau balik wkwk,negatif,51.22,negatif
@tanyabiartahu @barbieburuh @ppibelanda Akar permasalahannya adalah praktik eksploitasi mahasiswa Indonesia di luar negeri sebagai tenaga kerja informal tanpa kontrak asuransi atau perlindungan hukum saat mendampingi kunjungan pejabat publik yang berujung pada risiko kesehatan seperti yang dialami Muhammad Athaya,akar permasalahannya adalah praktik eksploitasi mahasiswa indonesia di luar negeri sebagai tenaga kerja informal tanpa kontrak asuransi atau perlindungan hukum saat mendampingi kunjungan pejabat publik yang berujung pada risiko kesehatan seperti yang dialami muhammad athaya,netral,51.23,netral
mending keluar negri kalo ada jobnya..,lebih baik keluar negri kalau ada jobnya,positif,51.23,positif
pengen ikut trend #kaburajadulu versi ke makkah,pengen ikut trend kaburajadulu versi ke makkah,netral,51.24,netral
lihat lagi banyak phk massal dikantor gede yg berkontribusi buat sosial,lihat lagi banyak phk massal dikantor gede yang berkontribusi buat sosial,negatif,51.27,negatif
"dalam islam cinta negara juga sebagian dari iman,tp klo negaranya ke ini?😞",dalam islam cinta negara juga sebagian dari iman tapi kalau negaranya ke ini,negatif,51.29,negatif
"anak2 saya udah saya doktrin sedari dini mba : usahakan nnt besar, bisa sekolah/kerja/tinggal diluar negeri aja ya nak🤣🙏",anak saya sudah saya doktrin sedari dini mbak usahakan nnt besar bisa sekolah kerja tinggal diluar negeri saja iya nak,netral,51.3,netral
gas belajarrr...😁😁,gas belajarrr,positif,51.32,positif
Bagi yang mau #KaburAjaDulu atau merantau ke Jepang mungkin pikir-pikir dulu ya. Winter is coming in the Land of Rising Sun. For the Iron Lady of the East now in charge https://t.co/4yXwYyglyf,bagi yang mau kaburajadulu atau merantau ke jepang mungkin pikir pikir dulu iya winter is coming in the land of rising sun for the iron lady of the east now in charge,netral,51.34,netral
aku mau pndh ke luar negri asal hdup makmur dsna 😂,aku mau pndh ke luar negri asal hdup makmur dsna,positif,51.35,positif
Anyink ngakak co story tmn gw yg pada mau brgkt pindah kerja di luar Mnjdi rakyat berbakti #KaburAjaDulu https://t.co/R3jgofaS6f,anyink tertawa co story tmn saya yang pada mau brgkt pindah kerja di luar mnjdi rakyat berbakti kaburajadulu,negatif,51.36,negatif
@gerindra ingat tren ini keluar hanya dijaman Prabowo,ingat trend ini keluar hanya dijaman prabowo,netral,51.36,netral
"tisu magic, bang. Yg magic-nya cepet ilang😂😂😂 canda🤣",tisu magic bang yang magic nya cepat hilang canda,positif,51.37,positif
faktor politik,faktor politik,negatif,51.37,negatif
"ouh gtu, thanks info nya bang😁🙏",ouh gtu terima kasih informasi nya bang,netral,51.38,netral
daftar di mana bang.?,daftar di mana bang,negatif,51.38,negatif
"boleh beritahu , kenapa warga Indonesia nak kabur??",boleh beritahu kenapa warga indonesia nak kabur,negatif,51.39,negatif
#kaburajadulu buat yang punya duit lebih dan pernah ke negara tersebut sebelumnya gak sih? 😄,kaburajadulu buat yang punya duit lebih dan pernah ke negara tersebut sebelumnya gak sih,netral,51.39,netral
"Sekeluarga udah ada rencana kaburajadulu buat ke korea,tapi gatau kapan",sekeluarga sudah ada rencana kaburajadulu buat ke korea tapi gatau kapan,netral,51.39,netral
same temen gw lg kerja di luar negeri intinya dia nge-story indonesia chaos sementara gw lg makan ini disini ,same teman saya lagi kerja di luar negeri intinya dia nge story indonesia chaos sementara saya lagi makan ini disini,negatif,51.39,negatif
duduk tempat sendiri,duduk tempat sendiri,negatif,51.41,negatif
pemerintah ga jelas.. rw g jelas.. rt juga.. ya gw percaya cuma Allah SWT,pemerintah ga jelas rw g jelas rt juga iya saya percaya cuma allah swt,negatif,51.45,negatif
#Senin vibes: mau kerja ke luar negeri tapi dokumen belum siap Rasanya sama kayak nunggu sidang DPR: lama ribet ujungnya pusing wkwk A Thread: TIPS biar urus visa &amp; working permit gak korupsi waktu,senin vibes mau kerja ke luar negeri tapi dokumen belum siap rasanya sama kayak nunggu sidang dpr lama ribet ujungnya pusing wkwk a thread tips biar urus visa amp working permit gak korupsi waktu,negatif,51.45,negatif
curhat disini aja kak😁,curhat disini saja kak,netral,51.45,netral
BANGG JOINN BANGG TUNGGU GUAA LULUS SEKOLAH YA BANGG,bangg joinn bangg tunggu guaa lulus sekolah iya bangg,negatif,51.46,negatif
yeee kocak lu aja ikutan trend #KaburAjaDulu,yeee kocak kamu saja ikutan trend kaburajadulu,positif,51.46,positif
#KaburAjaDulu dianggap negatif sekarang malah disuruh cari kerja di luar negeri. Mahasiswa mulai khawatir yang kuliah aja susah cari kerja. Nonton #MetroTVKontroversi PARA PENCARI KERJA selengkapnya di YouTube https://t.co/VAYA97rN97 #pencarikerja #lowongankerja #loker https://t.co/LBepVgIOn5,kaburajadulu dianggap negatif sekarang bahkan disuruh cari kerja di luar negeri mahasiswa mulai khawatir yang kuliah saja susah cari kerja nonton metrotvkontroversi para pencari kerja selengkapnya di youtube pencarikerja lowongankerja loker,negatif,51.46,negatif
Cara nya gimana si?😔 Yang tanpa calo,cara nya bagaimana si yang tanpa makelar,negatif,51.47,negatif
@aniesbaswedan @MutiaraBaswedan @feryfarhati #kaburajadulu ya dek Ibrahim,kaburajadulu iya adik ibrahim,netral,51.48,netral
gas bng,gas bng,negatif,51.48,negatif
"ga ah.. enak kok tinggal di LN.. ada bude gw dan kel.pindah ke kanada.disana mereka bahagia bngt.dan 1 lagi kalo kita kelebihan bayar pajak kelebihan dikembalikan ke kita kok.trus di kanada biaya sekolah sampai kuliah ditanggung negaranya,biaya kesehatan di tanggung sama negara juga.dan bude gw udh bbrp kali menyuruh gw pindah ke Kanada.",ga ah enak kok tinggal di ln ada bude saya dan kelurahan pindah ke kanada disana mereka bahagia bngt dan lagi kalau kita kelebihan bayar pajak kelebihan dikembalikan ke kita kok trus di kanada biaya sekolah sampai kuliah ditanggung negaranya biaya kesehatan di tanggung sama negara juga dan bude saya udh bbrp kali menyuruh saya pindah ke kanada,negatif,51.51,negatif
gimana caranya untuk anak SMP kaya aku?? ☹️☹️,bagaimana caranya untuk anak smp kaya aku,negatif,51.51,negatif
Kerja di luar negeri dengan gaji ekspat itu baru bisa dinikmati di bulan2 berikutnya krn lo hrs bertahan dgn gaji tempat asal kita yg mungil itu ,kerja di luar negeri dengan gaji ekspat itu baru bisa dinikmati di bulan berikutnya karena kamu harus bertahan dengan gaji tempat asal kita yang mungil itu,negatif,51.52,negatif
@strootsys Masih ada round 5 ya. Tapi musuh nya pasti lebih GG. Fokus ke pembinaan saja. Naikin rank fifa agar lebih bisa berkembang di luar negeri. Kerja sama dengan negara lain untuk pelatihan anak muda berbakat,masih ada round iya tapi musuh nya pasti lebih gg fokus ke pembinaan saja naikin rank fifa agar lebih bisa berkembang di luar negeri kerja sama dengan negara lain untuk pelatihan anak muda berbakat,positif,51.53,positif
oke bang cel,oke bang cel,netral,51.55,netral
trend yang harus gua ikutin,trend yang harus saya ikutin,netral,51.55,netral
yunani turkey belanda dan msh banyak lain lg kak 😁,yunani turkey belanda dan masih banyak lain lagi kak,netral,51.58,netral
iya mending lpk jepang,iya lebih baik lpk jepang,negatif,51.58,negatif
@somexthread Sahroni: #kaburajadulu,sahroni kaburajadulu,negatif,51.6,negatif
bayar pajak 🔥,bayar pajak,positif,51.6,positif
"di luar negri yang di cari skill
di konoha yang di cari robot berbentuk manusia😹",di luar negri yang di cari skill di konoha yang di cari robot berbentuk manusia,netral,51.61,netral
apa contohnya,apa contohnya,negatif,51.63,negatif
Jgn nasihat saya jgn balik utk jumpa keluarga xpe tpi balik utk kerja dinegara sendiri better jgn kalau negara yg baru more confie better stay.kalau rindu keluarga balik sekejap shj👍,jangan nasihat saya jangan balik untuk jumpa keluarga xpe tapi balik untuk kerja dinegara sendiri better jangan kalau negara yang baru more confie better stay kalau rindu keluarga balik sekejap shj,negatif,51.63,negatif
di grup katanya nggak jadi😞😞,di grup katanya tidak jadi,netral,51.63,netral
moga tahun depan bisa join 🙏🙏,moga tahun depan bisa join,netral,51.64,netral
Ngga boleh #KaburAjaDulu bawa anak,tidak boleh kaburajadulu bawa anak,negatif,51.66,negatif
"ingat yah,Semua itu gk se lancar itu,mereka jga study bahasa yg akan di datangin,Bukan tiba2 pergi yah,Mereka jga harus punya perusahaan tujuan,Biar gk jdi pengangguran disana trs gk pulang",ingat yah semua itu gk se lancar itu mereka juga study bahasa yang akan di datangin bukan tiba pergi yah mereka juga harus punya perusahaan tujuan biar gk jadi pengangguran disana terus gk pulang,negatif,51.67,negatif
tunggu lulus sekolah gw ikut trend #kaburajadulu,tunggu lulus sekolah saya ikut trend kaburajadulu,negatif,51.67,negatif
@politikana Artinya peluang tetap ada (bikin pesimistis) vs #kaburajadulu dengan optimisme ,artinya peluang tetap ada bikin pesimistis vs kaburajadulu dengan optimisme,negatif,51.67,negatif
coba pemerintah bisa ngebenahi setiap permasalahan di Indonesia dan mau dengerin rakyat.. kita juga percaya sih kalo ada buktinya. nyatanya udah sering banget dikecewakan jadi kaya ga ada harapan buat optimis sih @prabowo,coba pemerintah bisa ngebenahi setiap permasalahan di indonesia dan mau dengerin rakyat kita juga percaya sih kalau ada buktinya nyatanya sudah sering banget dikecewakan jadi kaya ga ada harapan buat optimis sih,negatif,51.68,negatif
pengin sih tpi gabisa basa inggris😭,pengin sih tapi gabisa basa inggris,negatif,51.69,negatif
Sometime kita terlupa luar biasanya kerja sama itu adalah warisan luhur kita. Mari praktikkan dalam kehidupan sehari-hari untuk jaga negara dan realisasikan kemakmuran kolektif. Bersatu Jaga Negeri https://t.co/WvD06yUzII,sometime kita terlupa luar biasanya kerja sama itu adalah warisan luhur kita mari praktikkan dalam kehidupan sehari hari untuk jaga negara dan realisasikan kemakmuran kolektif bersatu jaga negeri,positif,51.7,positif
"pinter² ngatur finansial aja menurut gw, soalnya kebanyakan orang dulu kerja diluar pasti yg dibeli, rumah+mobil+ motor, padahal kalo dipikir mending buat beli tanah+kebun+emas",pinter² ngatur finansial saja menurut saya soalnya kebanyakan orang dulu kerja diluar pasti yang dibeli rumah mobil motor padahal kalau dipikir lebih baik buat beli tanah kebun emas,netral,51.7,netral
"di indo tuh bukan cari karyawan manusia ,melainkan cari karyawan malaikat😌🗿kuduuu sempurnaa🗿",di indo tuh bukan cari karyawan manusia melainkan cari karyawan malaikatkuduuu sempurnaa,negatif,51.71,negatif
Ga usah Inggris...kan bisa kerja di Korea Selatan.,ga perlu inggris kan bisa kerja di korea selatan,positif,51.71,positif
Dari pada pindah pulau/provinsi mending #KaburAjaDulu ,dari pada pindah pulau provinsi lebih baik kaburajadulu,positif,51.71,positif
"sy baru matching job bang di jepang. alhamdulillah, semoga lancar kedepn mau bawa anak dan suami jg. #kabursekeluarga",saya baru matching job bang di jepang alhamdulillah semoga lancar kedepn mau bawa anak dan suami juga kabursekeluarga,negatif,51.71,negatif
Sabar mungkin karena situasi nasional belum sepenuhnya stabil tetapi bukankah Kapolri kita beberapa waktu lulu sebelum demo terjadi sudah turut mengupayakan ribuan tenaga kerja korban PHK untuk mendapat pekerjaan baru baik di dalam atau di luar negeri. ,sabar mungkin karena situasi nasional belum sepenuhnya stabil tetapi bukankah kapolri kita beberapa waktu lulu sebelum demo terjadi sudah turut mengupayakan ribuan tenaga kerja korban phk untuk mendapat pekerjaan baru baik di dalam atau di luar negeri,negatif,51.72,negatif
5/ Investasi luar negeri tumbuh pesat membuka lapangan kerja baru. Prabowo Inspektur Upacara menjadi simbol bahwa Indonesia dipercaya dunia #Dirgahayu80NKRI,investasi luar negeri tumbuh pesat membuka lapangan kerja baru prabowo inspektur upacara menjadi simbol bahwa indonesia dipercaya dunia dirgahayunkri,netral,51.72,netral
hanya cinta dan malam,hanya cinta dan malam,netral,51.73,netral
SEMANGAT YAA NGONTENNYA KK JANGAN LUPA MAMPIR KE AKUN KU YAA BANTU LIKE VT TERBARU AKU MAKASIHH🫵😆‼️💯💯‼️,semangat yaa ngontennya kakak jangan lupa mampir ke akun ku yaa bantu like vt terbaru aku makasihh,netral,51.73,netral
@Hilmi28 Program Mbg ini sebenernya bagus tp kalo sektor2 lain sudah tertata pembangunan udah merata kesenjangan sosial udah ga terllau senjang karena saya percaya orang2 tua di indonesia ga semiskin itu sampe harus ngendelin makan anaknya ke pemerintah,program mbg ini sebenernya bagus tapi kalau sektor lain sudah tertata pembangunan sudah merata kesenjangan sosial sudah ga terllau senjang karena saya percaya orang tua di indonesia ga semiskin itu sampai harus ngendelin makan anaknya ke pemerintah,positif,51.73,positif
biasa nama nya juga konoha🤣😆🥱,biasa nama nya juga konoha,netral,51.75,netral
@andiputrarelpansi bikinlah vidio begini😂,bikinlah vidio begini,netral,51.75,netral
ko kecil ya mba..aku kira kalau di luar 20+....,ko kecil iya mbak aku kira kalau di luar,negatif,51.76,negatif
setu bang👍,setu bang,positif,51.76,positif
bahkan gw pernah liat jaga stand es teh solo gitu harus good looking sama ada batasan tb,bahkan saya pernah lihat jaga stand es kakak perempuan solo gitu harus good looking sama ada batasan tb,netral,51.77,netral
kalo punya ini mo belajar basing lbh giat dan cari peruntungan di luar negeri kerja di luar aja dgn tabungan segini,kalau punya ini mau belajar basing lbh giat dan cari peruntungan di luar negeri kerja di luar saja dengan tabungan segini,netral,51.77,netral
tunggu bang aku 1 setengah tahun lagi kesana nyusul😁🤲,tunggu bang aku setengah tahun lagi kesana nyusul,netral,51.79,netral
gw punya pesan nih ya yg mau #kaburajadulu harus dibanyak banyakin #sadardiriajadulu nya😂😂,saya punya pesan ini iya yang mau kaburajadulu harus dibanyak banyakin sadardiriajadulu nya,negatif,51.79,negatif
kalo nanti pas bikin paspor ditanya mau kemana boleh gak jawabnya mau #KaburAjaDulu ,kalau nanti pas bikin paspor ditanya mau kemana boleh gak jawabnya mau kaburajadulu,negatif,51.8,negatif
tikus aman bg ?,tikus aman abang,positif,51.81,positif
@utfess Nder aku jg kmrn sempet kepikiran keknya gabut bnr kalo udh lulus balik kerja gaada kegiatan wkwkw. Aku kepikiran pgn ambil s1 jurusan lain d UT lg tp gatau ya msh pgn usahain k luar negeri sih kalo bisa,nder aku juga kemarin sempat terpikirkan kayaknya gabut bnr kalau udh lulus balik kerja tidak ada uang kegiatan wkwkw aku terpikirkan pgn ambil s jurusan lain di ut lagi tapi gatau iya masih pgn usahain ke luar negeri sih kalau bisa,negatif,51.81,negatif
"real jir
kohona=Indonesia.",real anjing kohona indonesia,netral,51.82,netral
@Wonyouns aah aku juga mau bangett pastinya jalan jalan kerja di luar negeri bareng wony huhuhu! :( tapi bukannya wony lagi sibuk yaah belakangan ini makanya engga bisa aku ajaak? atauu adek mau nyusulin akuu engga cayaang? ,aah aku juga mau bangett pastinya jalan jalan kerja di luar negeri bareng wony huhuhu tapi bukannya wony lagi sibuk yaah belakangan ini makanya engga bisa aku ajaak atauu adek mau nyusulin akuu engga cayaang,negatif,51.83,negatif
Dan sampai kapan🤭🤭🤭,dan sampai kapan,negatif,51.83,negatif
real cuy gua kerja 10bln kaga dapet bpjs🗿,real cuy saya kerja bulan tidak dapat bpjs,netral,51.83,netral
@catsandkatzen tempo hari baca diskursus #kaburajadulu versi wni dengan gaji 35 100++ gives me another perspective tbh tapi kepentok fakta bahwa SESULIT itu buat dapet well-paid job di sini. it takes special skills real luck and the right opportunity (and or maybe link).,tempo hari baca diskursus kaburajadulu versi wni dengan gaji gives me another perspective tbh tapi kepentok fakta bahwa sesulit itu buat dapat well paid job di sini it takes special skills real luck and the right opportunity and or maybe link,positif,51.84,positif
"pengen gini, but i cant leave my lovings behind 🥹",pengen gini but i cant leave my lovings behind,netral,51.84,netral
aku baru ngerti nande bang 😭,aku baru mengerti nande bang,positif,51.87,positif
ikut Lpk apa bang kesana?,ikut lpk apa bang kesana,negatif,51.88,negatif
@trufflenanban @survacei @FOOD_FESS org yg mindset begitu knp ya pdhl di luar negeri sana pun pas gue jalan² masi banyak lansia yg pada kerja..,org yang mindset begitu kenapa iya pdhl di luar negeri sana pun pas saya jalan² masi banyak lanjut usia yang pada kerja,netral,51.88,netral
"tunggu aku lulus SMP, akan ku usahakan aku bersekolah di SMA jepang",tunggu aku lulus smp akan ku usahakan aku bersekolah di sama jepang,positif,51.89,positif
Tolong diperhatiin Pak @PRABOWO,tolong diperhatiin pak,netral,51.91,netral
biasanya yang mampu mah langsung brangkat tanpa koar koar😈,biasanya yang mampu mah langsung brangkat tanpa teriak teriak,netral,51.93,netral
@sepuhun iyaaa soalnya ini bagian dari #kaburajadulu meskipun aku udah kabur kesini dari 2017 wkwkwk aight!! ditunggu disini yah,iyaaa soalnya ini bagian dari kaburajadulu meskipun aku sudah kabur kesini dari wkwkwk aight ditunggu disini yah,positif,51.94,positif
dari sekian banyak trend yg pengen bgt di ikutin cuma ini😭,dari sekian banyak trend yang pengen banget di ikutin cuma ini,positif,51.95,positif
@e100ss inilah sebab nya pelajaran 5 sehat lagi sempurna tidak lagi diajarkan di sekolah2 tujuan nya biar makanan apapun di terima klo di cap bergizi ya percaya lah masa pemerintah bo;ong ? sawit kan tanaman hijau juga bisa ganti hutan tuh kan ga bo;ong,inilah sebab nya pelajaran sehat lagi sempurna tidak lagi diajarkan di sekolah tujuan nya biar makanan apapun di terima kalau di cap bergizi iya percaya lah masa pemerintah bo ong sawit kan tanaman hijau juga bisa ganti hutan tuh kan ga bo ong,negatif,51.96,negatif
jangan dibandingin idr sama usd bang beda jauh dan biaya hidupnya pun udah beda kalo di negara us. klo orang us dapet $1 mereka merasa itu kecil tapi menurut kita itu lumayan karna 16ribu,jangan dibandingin idr sama usd bang beda jauh dan biaya hidupnya pun sudah beda kalau di negara us kalau orang us dapat mereka merasa itu kecil tapi menurut kita itu lumayan karena ribu,positif,51.96,positif
Kita sambut the OG #KaburAjaDulu,kita sambut the og kaburajadulu,netral,51.97,netral
@mieeewl 2 Thun lagi kita ikutin trennya kak🫵🏻,thun lagi kita ikutin trennya kak,netral,51.97,netral
Saya sudah 14 tahun di Taiwan nggk mau pulang 😅,saya sudah tahun di taiwan nggk mau pulang,negatif,51.98,negatif
jangan abis dulu plis masih belajar grammar inggris 😭 accent nya,jangan habis dulu plis masih belajar grammar inggris accent nya,negatif,51.99,negatif
bener bang u juga disana gak bakalan sama sama yg lulusan SMP/SMA .gak ada yg sia2 bang gak ada kata PERCUMA,benar bang kamu juga disana gak akan sama sama yang lulusan smp sama gak ada yang sia bang gak ada kata percuma,negatif,52.01,negatif
ungu tuh tulisan 🗿,ungu tuh tulisan,positif,52.02,positif
"ga ada yg mempermasalahkan perihal nasionalisme mbak,saya hanya tanya tentang pendapatan dan pengeluaran disana,terimakasih ada yg jawab lumayan detail",ga ada yang mempermasalahkan perihal nasionalisme mbak saya hanya tanya tentang pendapatan dan pengeluaran disana terimakasih ada yang jawab lumayan detail,netral,52.08,netral
hytam bg🗿,hytam abang,negatif,52.09,negatif
@jondhez @barengwarga Nah ini gw setuju banget. Kalau kita ga percaya sama DPR ya bikin aja tandingannya diluar pemerintah. Ga bisa bikin kebijakan tapi punya cukup power buat neken mereka bikin kebijakan. Syukur2 bisa jadi cetak biru DPR kedepannya. Biar partai2 bisa disingkirkan,nah ini saya setuju banget kalau kita ga percaya sama dpr iya bikin saja tandingannya diluar pemerintah ga bisa bikin kebijakan tapi punya cukup power buat neken mereka bikin kebijakan syukur bisa jadi cetak biru dpr kedepannya biar partai bisa disingkirkan,positif,52.09,positif
@mujafit @emakjulidd Ya gimana ya kita yg biasa tinggal di LN tangan udah otomatis gerak sendiri bukan fomo jd pas balik kampung kebiasaan itu masih nempel salah? Galah malah seneng bantu jd karyawan tinggal lap mejanya...as simple as that looh..#kaburajadulu biar faham ️,iya bagaimana iya kita yang biasa tinggal di ln tangan sudah otomatis gerak sendiri bukan fomo jadi pas balik kampung kebiasaan itu masih nempel salah galah bahkan seneng bantu jadi karyawan tinggal lap mejanya as simple as that looh kaburajadulu biar faham,negatif,52.09,negatif
"Bilang pasien mu mbakk, kl belum selesai ma hidupnya, g usah sok ngurus negara, kl lelah n stress jd WNI mgkn dia bisa coba peruntungan nya yg kemarin mereka speak up
#kaburajadulu",bilang pasien mu mbakk kalau belum selesai ma hidupnya g perlu sok mengurus negara kalau lelah dan stress jadi wni mungkin dia bisa coba peruntungan nya yang kemarin mereka speak up kaburajadulu,positif,52.11,positif
yg klo ada order baru gajian nyimak,yang kalau ada order baru gajian nyimak,netral,52.11,netral
genersai 🗣️🔥,genersai,positif,52.12,positif
"gue malah dari sd berangan-angan bisa tinggal di US, tapi pas udah gede sekarang pindah wish jadi pengen ke negara kalo nggak Belanda, Norwey, or germ",saya bahkan dari sd berangan angan bisa tinggal di us tapi pas sudah gede sekarang pindah wish jadi pengen ke negara kalau tidak belanda norwey or germ,negatif,52.13,negatif
Ramainya kasus Pekerja Migran Indonesia (PMI) yang tertipu lowongan kerja ke luar negeri disinyalir karena terlalu mudah percaya dengan iklan-iklan yang beredar di media sosial khususnya Facebook. Deputi Bidang Koordinasi Pemberdayaan Ekonomi Masyarakat dan Perlindungan Pekerja https://t.co/TtakZw6HhY,ramainya kasus pekerja migran indonesia pmi yang tertipu lowongan kerja ke luar negeri disinyalir karena terlalu mudah percaya dengan iklan iklan yang beredar di media sosial khususnya facebook deputi bidang koordinasi pemberdayaan ekonomi masyarakat dan perlindungan pekerja,netral,52.14,netral
dia tau kapasitasnya loh bang😂,dia tahu kapasitasnya loh bang,netral,52.15,netral
dan semoga giliranku segera tiba😊,dan semoga giliranku segera tiba,netral,52.17,netral
Makanya pada kerja ke luar negeri,makanya pada kerja ke luar negeri,negatif,52.17,negatif
@luckyfist2 @kura2giok @kidoolwarlog siap pegawai yang kerja di luar negeri,siap pegawai yang kerja di luar negeri,netral,52.18,netral
"karir sy di negara kaya, bisa aja tuh jd manager...dengan income 10X dr indo dengan posisi yg smaa 🤣🤣",karir saya di negara kaya bisa saja tuh jadi manager dengan income x dr indo dengan posisi yang smaa,negatif,52.21,negatif
di luwar negri ega sekolah pun gai 15 juta,di luwar negri ega sekolah pun gai juta,positif,52.23,positif
lil bahlil benerin dulu lapangan kerja modal nasionalisme doang ga bisa makan🙏,lil bahlil benerin dulu lapangan kerja modal nasionalisme doang ga bisa makan,negatif,52.24,negatif
plis rama kerja di luar negeri aja ajak aku,plis rama kerja di luar negeri saja ajak aku,negatif,52.24,negatif
Gk saggup bg perasaan gua gk enk jauh dari org tua gk papa uang pas pasan yg penting cukup kebutuhan,gk saggup abang perasaan saya gk enk jauh dari org tua gk papa uang pas pasan yang penting cukup kebutuhan,negatif,52.24,negatif
"Doain bisa kaburajadulu,, baru kekumpul 45rbu",doain bisa kaburajadulu baru kekumpul rbu,positif,52.25,positif
biayanya gmn hayo 😹🔥,biayanya gmn hayo,netral,52.28,netral
Pingin #kaburajadulu tapi keluarga semuanya ada disini :'),pingin kaburajadulu tapi keluarga semuanya ada disini,netral,52.28,netral
@username @mo.gandi,gandi,netral,52.29,netral
"enak, kerja capek tapi ada hasil buat nabung gede..disini? mau foya2 aja ga cukup gajinya",enak kerja capek tapi ada hasil buat nabung gede disini mau foya saja ga cukup gajinya,negatif,52.29,negatif
tebak destinasi #kaburajadulu https://t.co/g7EgWNgDlh,tebak destinasi kaburajadulu,negatif,52.36,negatif
Aku mau asbun dulu mudah2an jadi doa yg ke kabul. tahun 2026 aku udah pindah ke luar negeri krn dapat kerja disana.,aku mau asal bunyi dulu mudahan jadi doa yang ke kabul tahun aku sudah pindah ke luar negeri karena dapat kerja disana,positif,52.37,positif
@rotibakair abah when pimpin negeri ini? #kaburajadulu,abah when pimpin negeri ini kaburajadulu,positif,52.38,positif
"lah iya, dipikir pikir kenapa ya harus ada syarat good looking. 😭",lah iya dipikir pikir kenapa iya harus ada syarat good looking,positif,52.39,positif
@FathMuhammad97 @velosheraptor Mungkin sedikit menjawab ya. Bikin movement yg efektif tu butuh proses lama. Gabisa dikebut kaya 17+8. Sudah banyak yg mengkaji ini. Kalo ga percaya coba kasih saya bukti gerakan yg dibikin cepet dan efektif menekan pemerintah trus habis tu masyarakat²nya jadi lebih sejahtera,mungkin sedikit menjawab iya bikin movement yang efektif tu butuh proses lama gabisa dikebut kaya sudah banyak yang mengkaji ini kalau ga percaya coba kasih saya bukti gerakan yang dibikin cepat dan efektif menekan pemerintah trus habis tu masyarakat²nya jadi lebih sejahtera,positif,52.4,positif
"masuk kerja harus lewat calo, klo di indo kalo ga pake calo ga akan keterima mana di minta adm 8-20jt 😂",masuk kerja harus lewat makelar kalau di indo kalau ga pakai makelar ga akan keterima mana di minta adm jt,netral,52.42,netral
Saranku. Kalo modal kurang cukup. Usahakan kabur ke negeri tetangga dulu sambil belajar bahasa dan kumpulin modal.,saranku kalau modal kurang cukup usahakan kabur ke negeri tetangga dulu sambil belajar bahasa dan kumpulin modal,netral,52.42,netral
"minta tolong banget yang tau apa itu RUU TNI jelasin dengan bahasa yang mudah dipahami, aku nyari dimana² ga paham",minta tolong banget yang tahu apa itu ruu tni jelasin dengan bahasa yang mudah dipahami aku mencari dimana² ga paham,negatif,52.44,negatif
ke luar negeri bukan buat kerja klo ini tpi honeymoon #taekook https://t.co/b4QKrwYsA4,ke luar negeri bukan buat kerja kalau ini tapi honeymoon taekook,netral,52.44,netral
gaji di malaysia 6jtan ya,gaji di malaysia jtan iya,negatif,52.45,negatif
Bye indo beneran gw mau kerja di luar negeri aj pindah deh gw asli https://t.co/6pFjyvOJ6a,bye indo beneran saya mau kerja di luar negeri saja pindah deh saya asli,negatif,52.45,negatif
@kegblgnunfaedh Dulu sempat tren hashtag #kaburajadulu. Ehh ternyata malah mereka yang kabur ,dulu sempat trend hashtag kaburajadulu ehh ternyata bahkan mereka yang kabur,negatif,52.45,negatif
buat yang bertanya bagaimana kehidupanku setelah resign aku sibuk mempersiapkan ini guys doain lolos yah biar bisa #kaburajadulu :3 anyway jgn lupa nonton like n suskrep n komen sangkyu!!!! https://t.co/ucGfx2E7LB https://t.co/oSD7TV8lzN,buat yang bertanya bagaimana kehidupanku setelah resign aku sibuk mempersiapkan ini teman-teman doain lolos yah biar bisa kaburajadulu anyway jangan lupa nonton like dan suskrep dan komen sangkyu,positif,52.47,positif
terserah nak,terserah nak,negatif,52.47,negatif
@babufess ayo kita kerja di luar negeri agar bisa welkin tumpuk 10 ,ayo kita kerja di luar negeri agar bisa welkin tumpuk,netral,52.48,netral
Bismillah bisa😭 akan kuusahakan,bismillah bisa akan kuusahakan,positif,52.48,positif
AKU JUGA HARUS BISA!!,aku juga harus bisa,netral,52.5,netral
bangg ikut,bangg ikut,negatif,52.5,negatif
terpantau @userr333 terdiam dan tertabrak fakta 😹🔥🔥,terpantau terdiam dan tertabrak fakta,negatif,52.5,negatif
@kompascom Iya Pak! Betul! Tambah anggaran lagi Pak! Buat pertahanan! Beli tank yang banyak sekalian oh ya sama ini bikin pelatihan-pelatihan apa kek gitu biar keliatan kerja kalo bisa plesir ke luar negeri diperbanyak Pak! Biar bisa liat gimana negara lain ye kaaann?!,iya pak betul tambah anggaran lagi pak buat pertahanan beli tank yang banyak sekalian oh iya sama ini bikin pelatihan pelatihan apa seperti gitu biar kelihatan kerja kalau bisa plesir ke luar negeri diperbanyak pak biar bisa lihat bagaimana negara lain ye kaaann,positif,52.51,positif
mau kabur tpi uang sisa 5 rb,mau kabur tapi uang sisa rb,negatif,52.51,negatif
"visa nya jepang jga ga tralu sulit, jadi lu nabung dr skrg + bljr bhs jp dkt dkt aj, kek gw🗿 dh niat sih mau kesana cm gw lebih milih ausie aj biar g ribt bhs 🗿",visa nya jepang juga ga tralu sulit jadi kamu nabung dr skrg bljr bhs jp dkt dkt saja seperti saya dh niat sih mau kesana cm saya lebih milih ausie saja biar g ribt bhs,positif,52.52,positif
ssheeesshhhh😂,ssheeesshhhh,negatif,52.53,negatif
"#KaburAjaDulu benefit everyone because negara tujuan kabur get fresh labour, yang kabur get better paying jobs, yang stay punya chance untuk ngisi job yang ditinggal yang kabur, dan negara berkurang tingkat penganggurannya 🫶🏼🥰",kaburajadulu benefit everyone because negara tujuan kabur get fresh labour yang kabur get better paying jobs yang stay punya chance untuk mengisi job yang ditinggal yang kabur dan negara berkurang tingkat penganggurannya,positif,52.53,positif
aku mau bang,aku mau bang,netral,52.53,netral
"Jepang,korea,dan negara lainnya yg tdk ada RUU TNI tolong pungut aku aku bersedia belajar atau sekolah dinegara kalian dgn rajin rajin agar dpt beasiswa FULL",jepang korea dan negara lainnya yang tidak ada ruu tni tolong pungut aku aku bersedia belajar atau sekolah dinegara kalian dengan rajin rajin agar dapat beasiswa full,negatif,52.53,negatif
wkwk pengusaha pinter mengakali maksud anda😅😅😅,wkwk pengusaha pinter mengakali maksud anda,negatif,52.54,negatif
tenaga mereka lebih di hargai di luar negeri dari pada negara nya sendiri,tenaga mereka lebih di hargai di luar negeri dari pada negara nya sendiri,negatif,52.54,negatif
@Mian Situmorang,situmorang,netral,52.56,netral
"Udah 2 tahun kabur 😹usia 22 tahun 300juta sudah aman di tabungan,gua sampe gak mau pulang sampe gua usia 30 tahun pokoknya .",sudah tahun kabur usia tahun juta sudah aman di tabungan saya sampai gak mau pulang sampai saya usia tahun pokoknya,negatif,52.57,negatif
dan semua biayanya di tangung dari pemerintahnya,dan semua biayanya di tangung dari pemerintahnya,netral,52.57,netral
"ikutan doa ya Allah
please kabul aamiin 😩🤲🏻",ikutan doa iya allah please kabul aamiin,positif,52.57,positif
AFFILIATE TIKTOK SINI AKU BACK SMUA‼️🫵🏻🔥,affiliate tiktok sini aku back smua,netral,52.59,netral
Kita sama,kita sama,netral,52.59,netral
ajak akuu,ajak akuu,netral,52.59,netral
#dinegaraorangajadulu,dinegaraorangajadulu,positif,52.6,positif
another day another liat orang ke luar negeri cuma buat konseran. minimal sebulan sekali pasti bakal ke LN apalagi klo favenya lg world tour. pada kerja apa sih ya allah bagi lokernya dongg mau jugaa ,another day another lihat orang ke luar negeri cuma buat konseran minimal sebulan sekali pasti bakal ke ln apalagi kalau favenya lagi world tour pada kerja apa sih iya allah bagi lokernya dongg mau jugaa,positif,52.6,positif
 Didalam tubuh yang sehat terdapat jiwa yang kuat . Sehat-sehat terus Keluarga Besar LPK Yoshimura Training Center #kaburajadulu #lpk #lpkjepang #magang #tokuteiginou #lokerjepang #fyp #viral #trend https://t.co/Zocn3x8nuD,didalam tubuh yang sehat terdapat jiwa yang kuat sehat sehat terus keluarga besar lpk yoshimura training center kaburajadulu lpk lpkjepang magang tokuteiginou lokerjepang fyp viral trend,netral,52.62,netral
guanyusul nanti di usia 23😄,guanyusul nanti di usia,positif,52.63,positif
Sebenarnya lahir aja kalo milih jg mau di konoha 😭,sebenarnya lahir saja kalau milih juga mau di konoha,negatif,52.63,negatif
Lebih minat ke jepang sih bro,lebih minat ke jepang sih saudara laki-laki,netral,52.64,netral
"Nasionalisme itu bukan kata-kata, tapi perbuatan. Untuk pejabat lakukan hal-hal baik; tidak KKN, buka lapangan kerja, patuh pada hukum, dan jalankan tugas dan kewajiban dgn sebaik-baiknya. Rakyat tidak akan kabur, kalau negara sudah mampu memberikan kesejahteraan...",nasionalisme itu bukan kata kata tapi perbuatan untuk pejabat lakukan hal hal baik tidak kkn buka lapangan kerja patuh pada hukum dan jalankan tugas dan kewajiban dengan sebaik baiknya rakyat tidak akan kabur kalau negara sudah mampu memberikan kesejahteraan,negatif,52.65,negatif
"lah? makan dan minum juga bayar, lo kira dia minta²?",lah makan dan minum juga bayar kamu kira dia minta²,netral,52.66,netral
@kompascom Kalo gw masih muda dan nganggur tertarik juga pengen gawe kesana. #kaburajadulu in action nih guys,kalau saya masih muda dan tidak punya pekerjaan tertarik juga pengen kerja kesana kaburajadulu in action ini teman-teman,negatif,52.66,negatif
"Kalau Gen Z mau keluar negeri, pasti ada alasannya. Misalnya, kalau ada yang takut karena isu perdagangan manusia, itu sebenarnya tergantung pada kita sendiri. Di video-video dijelaskan cara menghindarinya, misalnya dengan beasiswa kuliah atau cara lain yang aman. Intinya, kalau ada orang yang mau keluar negeri, jangan langsung disalahkan atau dihujat. Dukung saja dengan memberikan informasi yang benar dan cara yang aman.😁",kalau gen z mau keluar negeri pasti ada alasannya misalnya kalau ada yang takut karena isu perdagangan manusia itu sebenarnya tergantung pada kita sendiri di video video dijelaskan cara menghindarinya misalnya dengan beasiswa kuliah atau cara lain yang aman intinya kalau ada orang yang mau keluar negeri jangan langsung disalahkan atau dihujat dukung saja dengan memberikan informasi yang benar dan cara yang aman,positif,52.67,positif
nah ini good question,nah ini good question,negatif,52.69,negatif
tak kusangga bisa bertemu denganmu disini😏,tidak kusangga bisa bertemu denganmu disini,negatif,52.7,negatif
Kadang kita-kita melupakan luar biasanya kerja sama itu adalah peninggalan berharga kita. Mari implementasikan dalam kehidupan sehari-hari untuk jaga negara dan realisasikan kemakmuran kolektif. Bersatu Jaga Negeri,kadang kita kita melupakan luar biasanya kerja sama itu adalah peninggalan berharga kita mari implementasikan dalam kehidupan sehari hari untuk jaga negara dan realisasikan kemakmuran kolektif bersatu jaga negeri,positif,52.7,positif
@sn•w_anisah Jdi pen healing,w_anisah jadi pen healing,netral,52.71,netral
pokoknya trend ini hrs ttp ada sampe gua ikutan✌,pokoknya trend ini harus ttp ada sampai saya ikutan,positif,52.71,positif
mereka balik aja ada hashtagnya udah kaya ratu pulang kerja dinas ke luar negeri aja~ WELCOME FREENBECKY BACK HOME #ประเทศไทยมีฟรีนเบคแล้วจ้า,mereka balik saja ada hashtagnya sudah kaya ratu pulang kerja dinas ke luar negeri saja welcome freenbecky back home ประเทศไทยม ฟร นเบคแล วจ า,negatif,52.74,negatif
orang ko bisa ya kerja di luar negeri soon semoga aku juga bisaa‍↕️,orang ko bisa iya kerja di luar negeri soon semoga aku juga bisaa,netral,52.75,netral
"lulus smk langsung ke Jepang
#kaburajadulu",lulus smk langsung ke jepang kaburajadulu,negatif,52.76,negatif
Kalau denger rencana orang sekolah lagi dan excited w ikut excited. Kalau nih ada kehidupan kedua wkw berusaha dah penempatan jkt biar bisa eksten ke yu-ai Engga deng harusnya lebih berusaha keterima di nus atau ntu habis sma pake beasiswa #KaburAjaDulu ,kalau denger rencana orang sekolah lagi dan excited w ikut excited kalau ini ada kehidupan kedua wkw berusaha deh penempatan jakarta biar bisa eksten ke yu ai engga deng harusnya lebih berusaha keterima di nus atau ntu habis sama pakai beasiswa kaburajadulu,positif,52.76,positif
Pegiat #KaburAjaDulu: - Nabi Muhammad - Raden Wijaya - Sun Yat Sen - Vladimir Lenin - Muhammad Hatta - Sumitro Djojohadikusumo - Osama Bin Laden - Prabowo Subianto #KaburAjaDulu nanti bisa balik lagi untuk mengubah negara kok ,pegiat kaburajadulu nabi muhammad raden wijaya sun yat sen vladimir lenin muhammad hatta sumitro djojohadikusumo osama bin laden prabowo subianto kaburajadulu nanti bisa balik lagi untuk mengubah negara kok,netral,52.76,netral
"ga masuk sehari dipotong 500k, istirahat cmn 30 menit🥰",ga masuk sehari dipotong ke istirahat cmn menit,netral,52.78,netral
"kk aja mau ke turki bng ,cari kerja ,semntara sepupu sma adek ibu dah stay di usa ,skitar 25 thn,dan ga mau balik,mslhnya dah pindh warga ngra,skrng mau di bwa anak cucunya ke usa,.",kakak saja mau ke turki bng cari kerja semntara sepupu sama adek ibu deh stay di usa skitar tahun dan ga mau balik mslhnya deh pindh warga ngra skrng mau di bwa anak cucunya ke usa,negatif,52.78,negatif
"Pdhal skrg mau beli apa² udh pda naik hrganya, tpi gaji masih segitu2 aja😭",pdhal skrg mau beli apa² udh pda naik hrganya tapi gaji masih segitu saja,netral,52.79,netral
tutorr bg🗿,tutorr abang,negatif,52.79,negatif
@piecesofloves Omeprazole jangan pernah pergi ... Kakak Yaya semoga bisa pergi #KaburAjaDulu,omeprazole jangan pernah pergi kakak yaya semoga bisa pergi kaburajadulu,netral,52.8,netral
Gak gitu juga x dari president mana2 juga sama kata gue sih bukan Salah president nya tapi yang mengelola dan calo nya 😂😂😂😂😂😂😂😂,gak gitu juga x dari president mana juga sama kata saya sih bukan salah president nya tapi yang mengelola dan makelar nya,negatif,52.8,negatif
"lebih kurang mcm korang jugak, sama je",lebih kurang mcm korang jugak sama je,netral,52.84,netral
"kedepan mungkin lebih tren,mengingat negara maju sekarang penduduknya diambang kepunahan,krn regenerasi yg kecil",kedepan mungkin lebih trend mengingat negara maju sekarang penduduknya diambang kepunahan karena regenerasi yang kecil,negatif,52.84,negatif
In this economic global uda brapa orang yg #KaburAjaDulu ke LN ?,in this economic global uda brapa orang yang kaburajadulu ke ln,netral,52.84,netral
cek menyala weeee,cek menyala weeee,positif,52.85,positif
di chat senin di balas hari pembalasan,di chat senin di balas hari pembalasan,negatif,52.88,negatif
Paris tunggu akuuu,paris tunggu akuuu,positif,52.89,positif
Bismillah ya #kaburajadulu,bismillah iya kaburajadulu,netral,52.89,netral
Sis I'm single too. Ada ga teman lelaki yang single dan baik? Kalau bisa yang setampan s.coups (tidak wajib). I can drive I can cook (simple dish). I have a degree but still have no job i love read books too. #carijodoh #KaburAjaDulu,sis i m single too ada ga teman lelaki yang single dan baik kalau bisa yang setampan s coups tidak wajib i belum drive i belum cook simple dish i have a degree but masih have no job i love read books too carijodoh kaburajadulu,positif,52.91,positif
Yoii para founder startup ini orang2 pinter dan gak kaleng2 strateginya pasti (dijamin). Begitu mereka gelagatnya keliatan mau exit. Ya saya waktu itu juga langsung siap2 exit dong. Makanya di 2022 saya #KaburAjaDulu,yoii para founder startup ini orang pinter dan gak kaleng strateginya pasti dijamin begitu mereka gelagatnya kelihatan mau exit iya saya waktu itu juga langsung siap exit dong makanya di saya kaburajadulu,positif,52.92,positif
@itsmeovv mereka gatau soonho itu relasi nya seluas apa sebagai GM. kerjaan dia hampir tiap bulan ke luar negeri. dalam dunia kerja relasi itu penting. even ngelamar kerja aja butuh relasi. bahkan haerin newjeans pun bisa jadi BA dior karena ada relasi.,mereka gatau soonho itu relasi nya seluas apa sebagai gm kerjaan dia hampir tiap bulan ke luar negeri dalam dunia kerja relasi itu penting even melamar kerja saja butuh relasi bahkan haerin newjeans pun bisa jadi ba dior karena ada relasi,positif,52.93,positif
masih ada tren #kaburajadulu? https://t.co/YM85rwEMe7,masih ada trend kaburajadulu,positif,52.94,positif
pass nih komennya 40.000 gak usah ditambah🔥,pass ini komennya gak perlu ditambah,positif,52.95,positif
iya bang,iya bang,netral,52.95,netral
@Dandhy_Laksono Sedang mencoba #KaburAjaDulu,sedang mencoba kaburajadulu,negatif,52.95,negatif
ini dia waktunya untuk #KaburAjaDulu,ini dia waktunya untuk kaburajadulu,negatif,52.95,negatif
@NativeEdm87843 @kegblgnunfaedh Fenomena tambah kerja tanpa tambah gaji (scope creep) umum di seluruh dunia bukan hanya Indonesia. Di luar negeri gaji rata-rata lebih tinggi (misalnya AS ~Rp100jt/bulan vs Indonesia ~Rp12jt) jadi potensi penghasilan sampingan bisa lebih besar tergantung negara skill dan,fenomena tambah kerja tanpa tambah gaji scope creep umum di seluruh dunia bukan hanya indonesia di luar negeri gaji rata rata lebih tinggi misalnya as rpjt bulan vs indonesia rpjt jadi potensi penghasilan sampingan bisa lebih besar tergantung negara skill dan,positif,52.96,positif
@pipinyaJinny Member #kaburajadulu batch brp ya ini?,member kaburajadulu batch berapa iya ini,negatif,52.96,negatif
"gaji dinegara mana darii pagi ampe tengah malam gaji cuma 1,5jt",gaji dinegara mana darii pagi ampe tengah malam gaji cuma jt,netral,52.97,netral
Satire cocok buat para pejabat elit politik di indonesia #icw #kkn @officialMKRI @KPK_RI @BangOjiSukses #kaburajadulu https://t.co/GXkPH5OYar,satire cocok buat para pejabat elit politik di indonesia icw kkn kaburajadulu,positif,53.01,positif
bukan masalah nasionalisme pak jadi rakyat indo juga kalo kerja trus apa2 mahal gaji gak sesuai sama harga bahan pangan kalo mereka mau ke luar buat cari yg lebih ya it's oke lah,bukan masalah nasionalisme pak jadi rakyat indo juga kalau kerja trus apa mahal gaji gak sesuai sama harga bahan pangan kalau mereka mau ke luar buat cari yang lebih iya it s oke lah,negatif,53.02,negatif
"#kaburajadulu menurut gw nggak tinggal di negara lain selamanya hanya sementara, dari kakek sampe bapak gw, keluarga gw yang lain, orang² yg gw kenal pergi ngerantau keluar negri dari Asia sampe Eropa. balik2 bikin usaha + memperkerjakan orang, ngasih orang minjem, ngejar pendidikan, sedekah dll. Duit itu perlu untuk kesejahteraan diri, kalau udah puas dengan diri sendiri kita berbagi ke orang lain. ngerti kan. idealis itu penting kalau lu gak mikirin perut lagi😏.",kaburajadulu menurut saya tidak tinggal di negara lain selamanya hanya sementara dari kakek sampai bapak saya keluarga saya yang lain orang² yang saya kenal pergi ngerantau keluar negri dari asia sampai eropa balik bikin usaha memperkerjakan orang memberikan orang minjem ngejar pendidikan sedekah dan lain-lain duit itu perlu untuk kesejahteraan diri kalau sudah puas dengan diri sendiri kita berbagi ke orang lain mengerti kan idealis itu penting kalau kamu gak mikirin perut lagi,negatif,53.02,negatif
@itsaurena Aamiin kak aku bantu do a ya. Semoga bisa #KaburAjaDulu,aamiin kak aku bantu do a iya semoga bisa kaburajadulu,netral,53.03,netral
doain gw dapet kerja di negara maju dong pls udah pengen bgt #kaburajadulu dari orang2 toxic enih,doain saya dapat kerja di negara maju dong pls sudah pengen banget kaburajadulu dari orang toxic enih,positif,53.04,positif
gaji tukang sampah di amerika>Gaji PNS diindonesia😂,gaji tukang sampah di amerika gaji pns diindonesia,netral,53.05,netral
"ati ati buat yang mau kabur, gua stay di indo aja, silahkan🗿",ati ati buat yang mau kabur saya stay di indo saja silahkan,negatif,53.08,negatif
Spechless knp ka?,spechless kenapa kakak,positif,53.09,positif
@•*⁀➷Berlinn𓆙 ayokk,berlinn𓆙 ayokk,netral,53.09,netral
Perkuat KEMITRAAN GLOBAL Terbaik kita bersama bisa peroleh manfaat dari kemitraan luar negeri! Lapangan kerja bertambah teknologi mutakhir dtg desa2 tumbuh. Yuk support!,perkuat kemitraan global terbaik kita bersama bisa peroleh manfaat dari kemitraan luar negeri lapangan kerja bertambah teknologi mutakhir datang desa tumbuh yuk support,positif,53.1,positif
bang sbnrnya gw adek lu yg ilang dlu,bang sbnrnya saya adek kamu yang hilang dulu,netral,53.14,netral
"ya Allah semoga tahun ini aku lulus, aku bisa punya banyak uang dan bisa #kaburajadulu, udh cape sama negara ini😔",iya allah semoga tahun ini aku lulus aku bisa punya banyak uang dan bisa kaburajadulu udh capek sama negara ini,negatif,53.14,negatif
evaluasi ❌ nyalahin masyarakat nya ✅,evaluasi nyalahin masyarakat nya,positif,53.14,positif
"You guys, yang usia sudah lbh dari 30 dan pada nanya di dm bisa enggak ke Jerman. Bisa ya guys, salah satunya lewat program BFD spt kk yg lulus visa BFD ini. Usianya sudah 40thn. So yg mau #kaburajadulu ke Jerman, yuk pertimbangkan ikut program ini. Setelahnya nanti bisa lanjut",you teman-teman yang usia sudah lbh dari dan pada bertanya di dm bisa tidak ke jerman bisa iya teman-teman salah satunya lewat program bfd seperti kakak yang lulus visa bfd ini usianya sudah tahun so yang mau kaburajadulu ke jerman yuk pertimbangkan ikut program ini setelahnya nanti bisa lanjut,netral,53.14,netral
"dan ternyata taun depan gue, yang bangun keluarga di korea",dan ternyata tahun depan saya yang bangun keluarga di korea,positif,53.14,positif
mending Xiaomi 14t pro.,lebih baik xiaomi t profesional,positif,53.14,positif
tapi takdir kita berbeda²kawan😇,tapi takdir kita berbeda²kawan,netral,53.15,netral
"Di Indonesia gaji 2,5jt itu hrs jd superman, batman, spiderman",di indonesia gaji jt itu harus jadi superman batman spiderman,netral,53.16,netral
Itulah. Kenapa. Kalian. Harus. Mempertimbangkan. Buat. #KaburAjaDulu Capek beneran. *T&amp;C applied,itulah kenapa kalian harus mempertimbangkan buat kaburajadulu capek beneran t amp c applied,negatif,53.16,negatif
@ARSIPAJA Bapak sedang berbagi pengalaman tentang #kaburajadulu. Tapi yang kabur gak sedikit dapat kehidupan yg jauh lebih baik.,bapak sedang berbagi pengalaman tentang kaburajadulu tapi yang kabur gak sedikit dapat kehidupan yang jauh lebih baik,positif,53.17,positif
aku juga mau! trendnya harus nungguin aku sampai ikutan.,aku juga mau trendnya harus nungguin aku sampai ikutan,netral,53.17,netral
"gua pengen ke jepang aja,jadi aktor 🗿",saya pengen ke jepang saja jadi aktor,netral,53.18,netral
"dapat bule kk😭apalagi bule Australia, Jerman.",dapat bule kkapalagi bule australia jerman,negatif,53.21,negatif
"📅 #KaburAjaDulu Language Club Weekly Calendar ✨

Kamu lagi nyari kelas gratis atau komunitas belajar bareng berbagai bahasa? Di minggu ini, komunitas discord kita bakal ngadain berbagai kelas bahasa, dari bahasa Arab sampai Inggris! Skuy kepoin infonya 👇 [1/2] https://t.co/zLtoUZRBTk",kaburajadulu language club weekly calendar kamu lagi mencari kelas gratis atau komunitas belajar bareng berbagai bahasa di minggu ini komunitas discord kita bakal ngadain berbagai kelas bahasa dari bahasa arab sampai inggris skuy kepoin infonya,netral,53.21,netral
"dikit lagi bang, semoga lancar sampe akhir ya",dikit lagi bang semoga lancar sampai akhir iya,netral,53.23,netral
bisaa,bisaa,netral,53.23,netral
Semoga temen2 bisa diberikan kesempatan buat #KaburAjaDulu atau diberikan kekuatan buat ngelawan rezim terutama para pemerintahnya yg tengah melestarikan Pekan Kebudayaan Sisilia (berasal dari Mafia Sisilia).,semoga teman bisa diberikan kesempatan buat kaburajadulu atau diberikan kekuatan buat ngelawan rezim terutama para pemerintahnya yang tengah melestarikan pekan kebudayaan sisilia berasal dari mafia sisilia,negatif,53.23,negatif
"gas harus niat bro bljr bhs inggris banyak banyak, biar bisa lulus tes bhs ingr pas mau ke sana gw jga lg bljr jga",gas harus niat saudara laki-laki bljr bhs inggris banyak banyak biar bisa lulus tes bhs ingr pas mau ke sana saya juga lagi bljr juga,positif,53.23,positif
gasss,gasss,positif,53.24,positif
Kerja di luar negeri Gaji cukup bisa sambil jalan-jalan dan merasakan tinggal di negara maju Tau kan ujiannya dimana?,kerja di luar negeri gaji cukup bisa sambil jalan jalan dan merasakan tinggal di negara maju tahu kan ujiannya dimana,positif,53.24,positif
"gazz,siab²",gazz siab²,positif,53.24,positif
Kirain adeknya bakalan cari kerja di luar negeri.. ternyata balik ke ph ,kirain adeknya akan cari kerja di luar negeri ternyata balik ke ph,negatif,53.24,negatif
meramaikan trend😁tohh gua pendidikan dari bulan maret,meramaikan trendtohh saya pendidikan dari bulan maret,positif,53.25,positif
Definisi #kaburajadulu yang hakiki https://t.co/oNbzc42D3I,definisi kaburajadulu yang hakiki,negatif,53.25,negatif
"Lo juga sebaiknya Jangan hanya dari media,,coba cari kelapangan petani dan peternak yg sukses🤪",kamu juga sebaiknya jangan hanya dari media coba cari kelapangan petani dan peternak yang sukses,negatif,53.27,negatif
rekomen kerja dinegara mana buat lulusan smk plis,rekomen kerja dinegara mana buat lulusan smk plis,positif,53.29,positif
adakah mau ajak aku pindah ke luar negri cari kerja,adakah mau ajak aku pindah ke luar negri cari kerja,netral,53.31,netral
yg bule pengin 2 musim.. ini yg indo malah pengin 4 musim🤣,yang bule pengin musim ini yang indo bahkan pengin musim,negatif,53.32,negatif
20 sampai 30 JT,sampai jt,positif,53.33,positif
generasi perunggu🤣,generasi perunggu,negatif,53.34,negatif
kita ga butuh pemimpin dan pemerintah. kita butuh lebih banyak orang yg percaya bahwa mereka bisa memimpin diri mereka sendiri.,kita ga butuh pemimpin dan pemerintah kita butuh lebih banyak orang yang percaya bahwa mereka bisa memimpin diri mereka sendiri,positif,53.35,positif
alhamdulillah kak suami dagang dan anakku lanjut kuliah di Australia kak jd bukan sslah konsep maaf ya,alhamdulillah kak suami dagang dan anakku lanjut kuliah di australia kak jadi bukan sslah konsep maaf iya,netral,53.39,netral
@Sabrina Zea Amanda,zea amanda,netral,53.4,netral
@sabithaa komen yang epik😭harus baca,komen yang epikharus baca,netral,53.41,netral
"Ahh ndak juga
Di negeri jiran Malay kebutuhan hidup lebih murah daripada di Indo. Gaji juga lumayan
Kalo dibandingkan kerja di rumah makan di indo gaji cuma 1.5-3 Jt an. Kalo di Malay gajinya 1.500- 2.500 ringgit😹",ahh tidak juga di negeri jiran malay kebutuhan hidup lebih murah daripada di indo gaji juga lumayan kalau dibandingkan kerja di rumah makan di indo gaji cuma jt an kalau di malay gajinya ringgit,positif,53.41,positif
di Indonesia mah harus s1 s2 s3 es teler es goyang es krim es teh es batu 🥰,di indonesia mah harus s s s es teler es goyang es krim es kakak perempuan es batu,negatif,53.41,negatif
"nahkann, apalagi kurs uang luar ke rupiah kan tinggi jadi duitnya bisa gede kalo kita tf ke kampung",nahkann apalagi kurs uang luar ke rupiah kan tinggi jadi duitnya bisa gede kalau kita tf ke kampung,positif,53.41,positif
Indonesia the worst country in the world,indonesia the worst country in the world,positif,53.43,positif
pindahh yuuuuuu,pindahh yuuuuuu,negatif,53.45,negatif
bang tolong tips nya pendah ke negara lain bg... tolonggg,bang tolong tips nya pendah ke negara lain abang tolonggg,negatif,53.46,negatif
akan ku usahakan untuk memakai #kaburajadulu setelah lulus sekolah 🤝,akan ku usahakan untuk memakai kaburajadulu setelah lulus sekolah,netral,53.46,netral
nampaknya ada cinta bertepuk sebelah tangan nih😁😁😁🤭,nampaknya ada cinta bertepuk sebelah tangan ini,negatif,53.47,negatif
eh iya indonesia kan setau gua berlandaskan kedaulatan rakyat kan ya?jadi kalo seluruh warga negara bisa kompak harusnya bisa sih buat bantu ngebangun negri,eh iya indonesia kan setau saya berlandaskan kedaulatan rakyat kan iya jadi kalau seluruh warga negara bisa kompak harusnya bisa sih buat bantu ngebangun negri,positif,53.49,positif
"Gue juga kaget lunch di US beli di food truck bisa 15 dollar, 225 ribu. Lebih kayanya sama kurs sekarang.",saya juga kaget lunch di us beli di food truck bisa dollar ribu lebih kayaknya sama kurs sekarang,netral,53.49,netral
join ketawa😂😂😂,join ketawa,positif,53.5,positif
Percaya ga lu kalo gua bilang salah satu instansi pemerintah punya aplikasi namanya SIKEPO ,percaya ga kamu kalau saya bilang salah satu instansi pemerintah punya aplikasi namanya sikepo,netral,53.5,netral
huhuhu 🥺🥺🥺,huhuhu,negatif,53.5,negatif
@KompasTV Iya pa kita percaya deh sama bapa kita kan bodoh pa ga bisa liat ga bisa denger dan ga bsa merasa pokonya kita percaya sama info dari pemerintah dah,iya pa kita percaya deh sama bapa kita kan bodoh pa ga bisa lihat ga bisa denger dan ga bisa merasa pokonya kita percaya sama informasi dari pemerintah deh,positif,53.51,positif
udh dri thun ngrasain 2011 kerja diuar negri...,udh dari thun ngrasain kerja diuar negri,positif,53.52,positif
@SahroniNasdem #KaburAjaDulu terealisasikan ya pak,kaburajadulu terealisasikan iya pak,netral,53.52,netral
@juzoudesu smoga bisa pke hastag #kaburajadulu yeee kita wkwkwk,smoga bisa pke hastag kaburajadulu yeee kita wkwkwk,netral,53.59,netral
better si ngikutin world tour nya svt sekalian jalan2 #kaburajadulu + jajan merch dan perintilan gemey..... brb akan terjadi klo gaji sy 3jt per hari kyk dipiar,better si ngikutin world tour nya svt sekalian jalan kaburajadulu jajan merch dan perintilan gemey segera kembali akan terjadi kalau gaji saya jt per hari seperti dipiar,positif,53.59,positif
another opportunity buat lulusan arsitek. emang bukan project manajemen seperti thread aku di bawah tp facility manager mostly adalah lulusan arsitek they are quite good at it. aku dulu pernah FM juga and i think i was quite good at it sila dm jika tertarik #kaburajadulu https://t.co/DhrSa7aEXI,another opportunity buat lulusan arsitek emang bukan project manajemen seperti thread aku di bawah tapi facility manager mostly adalah lulusan arsitek they are quite good at it aku dulu pernah fm juga and i think i was quite good at it sila dm jika tertarik kaburajadulu,netral,53.59,netral
real banget bang 👍,real banget bang,positif,53.6,positif
@hiarckuniverse itung² simulasi #KaburAjaDulu ye kan thanks araaa~,itung² simulasi kaburajadulu ye kan terima kasih araaa,netral,53.6,netral
#BeasiswaKopula bentar lagi ditutup nih guys yuk jangan sampe ketinggalan! Kapan lagi bisa dapat beasiswa persiapan #KaburAjaDulu kan?,beasiswakopula sebentar lagi ditutup ini teman-teman yuk jangan sampai ketinggalan kapan lagi bisa dapat beasiswa persiapan kaburajadulu kan,positif,53.62,positif
bisa bg tergantung minus nya parah atau nggk,bisa abang tergantung minus nya parah atau nggk,netral,53.63,netral
🇮🇩 80 Tahun Merdeka. Tetap SEMANGAT &amp; OPTIMIS. Generasi muda Indonesia 2025 dihadapkan pada dilema besar: #KaburAjaDulu karena pesimis? Atau #Pulangkampung untuk membangun? Menurut kamu Indonesia menuju ke mana di 2045? Mari ikut polling refleksi kemerdekaan ,tahun merdeka tetap semangat amp optimis generasi muda indonesia dihadapkan pada dilema besar kaburajadulu karena pesimis atau pulangkampung untuk membangun menurut kamu indonesia menuju ke mana di mari ikut polling refleksi kemerdekaan,negatif,53.64,negatif
@txtdrimedia pemerintah banyak bacot mulu kerjaannya.... buat warga indonesia kalau mau #KaburAjaDulu ke luar negri siapin mental fisik dan pengetahuan negara yang dituju biar mempermudah segala urusannya semangat ,pemerintah banyak banyak bicara melulu kerjaannya buat warga indonesia kalau mau kaburajadulu ke luar negri siapin mental fisik dan pengetahuan negara yang dituju biar mempermudah segala urusannya semangat,positif,53.64,positif
@Mikasa_Ackerman🌀 @<3 @aeera♉ @syaa maw tapi bareng,maw tapi bareng,netral,53.68,netral
@sukesukeawak @GNFI Gak bakal kek gitu mereka pasti udah ada rencana kerja di ln ada kok lembaga yg urus data ttg anak2 yg juara inter olimp ntar bakal kuliah dimana internship dimana dan kerja dimana mereka pilih luar negeri ketimbang indo,gak bakal seperti gitu mereka pasti sudah ada rencana kerja di ln ada kok lembaga yang urus data tentang anak yang juara inter olimp nanti bakal kuliah dimana internship dimana dan kerja dimana mereka pilih luar negeri ketimbang indo,negatif,53.69,negatif
dia nantangin pak🥰? lah gua juga pengen ke Australia🥺,dia nantangin pak lah saya juga pengen ke australia,positif,53.71,positif
on my way to #kaburajadulu bismillah lancarkan permudahkan,on my way to kaburajadulu bismillah lancarkan permudahkan,positif,53.72,positif
"dri apda makan gratis, mnding banyakin lowongan kerja , biar org tu bisa nyari uang buat anak2 nya😭",dari apda makan gratis mnding banyakin lowongan kerja biar org tu bisa mencari uang buat anak nya,positif,53.73,positif
Linkon lah... It is my dream mas! My dream! lol.. #kaburajadulu ke isekai itu jauh lbh membahagiakan drpd hdp di rl. Mending metong krn wanderer drpd dibunuh sama pecun pecun tiran di negri ini..,linkon lah it is my dream mas my dream tertawa kaburajadulu ke isekai itu jauh lbh membahagiakan drpd hdp di rl lebih baik metong karena wanderer drpd dibunuh sama pecun pecun tiran di negri ini,positif,53.75,positif
pernah ga lu mikir kalo ibu lu bisa ngelahirin orang lebih baik dari elu 😋,pernah ga kamu mikir kalau ibu kamu bisa ngelahirin orang lebih baik dari kamu,netral,53.75,netral
ini di lombok bg,ini di lombok abang,netral,53.75,netral
umur apa ka sampe 2jt 😔,umur apa kakak sampai jt,netral,53.77,netral
"banyak yang bilang ""lo ngak cinta nkri ya "" padahal realita nya hidup itu butuh uang dan ""semua orang punya cara menunjukkan rasa cinta-Nya thd NKRI """,banyak yang bilang kamu ngak cinta nkri iya padahal realita nya hidup itu butuh uang dan semua orang punya cara menunjukkan rasa cinta nya terhadap nkri,negatif,53.78,negatif
Seperti hal nya Pancasila mas “ keadilan sosial bagi seluruh rakyat yang mana?”,seperti hal nya pancasila mas keadilan sosial bagi seluruh rakyat yang mana,netral,53.78,netral
@rafiqalthaf ditunggu konten2 selanjutnya kaak jadi ingin #kaburajadulu,ditunggu konten selanjutnya kaak jadi ingin kaburajadulu,netral,53.79,netral
@j_windapetracia kamu harus percaya soalnya aku jujur ga kaya pemerintah yang bohong terus,kamu harus percaya soalnya aku jujur ga kaya pemerintah yang bohong terus,positif,53.79,positif
apa daya dengan kami yang sederhana yang enggak bisa pergi karena keadaan ekonomi yang kadang enggak stabil?,apa daya dengan kami yang sederhana yang tidak bisa pergi karena keadaan ekonomi yang kadang tidak stabil,positif,53.8,positif
#kaburajadulu bareng bonekdo https://t.co/IcLKkeATAb,kaburajadulu bareng bonekdo,negatif,53.81,negatif
kita mungkin terlahir di Indonesia tpi anak kita bisa ga lahir di Indonesia,kita mungkin terlahir di indonesia tapi anak kita bisa ga lahir di indonesia,negatif,53.82,negatif
faktaaa ....,faktaaa,negatif,53.83,negatif
duit please come to mama 😭😭🙏,duit please come to mama,negatif,53.83,negatif
makin tebal nih buku ips Ama PKN,makin tebal ini buku ips sama pkn,netral,53.86,netral
Abis baca2 dikit prediksi kedepan prepare #kaburajadulu jadi prioritas sepertinya.,habis baca dikit prediksi kedepan prepare kaburajadulu jadi prioritas sepertinya,positif,53.88,positif
di Jerman itu digembleng ttg performa kerja 😍 loper koran aja kerja 1 jam harus sekian rumah sekian Km yg dikerjakan 😍 UMR kisaran Rp37juta se,di jerman itu digembleng tentang performa kerja loper koran saja kerja jam harus sekian rumah sekian kamu yang dikerjakan umr kisaran rpjuta se,negatif,53.93,negatif
yakin bang udah punya 300jt ditabungan dalam waktu 2 tahun?,yakin bang sudah punya jt ditabungan dalam waktu tahun,positif,53.94,positif
@itsyspa @igoyirigaya nah itu jlknya company indonesia tuh begini kaka ku s1 disini lgsg nikah (gd pengalaman kerja). s2 di aussie dpt visa subclass 500 bs sambil kerja pdhl dia gd pengalaman apa bs dpt gaji dollar oz kt gue paling bnr #kaburajadulu,nah itu jlknya company indonesia tuh begini kakak ku s disini langsung nikah gd pengalaman kerja s di aussie dapat visa subclass bisa sambil kerja pdhl dia gd pengalaman apa bisa dapat gaji dollar oz kita saya paling bnr kaburajadulu,positif,53.94,positif
Memang dia #KaburAjaDulu ke Yordania knp ? Ada masalah apa ? Bisa kali bantu elaskan @bengkeldodo ,memang dia kaburajadulu ke yordania kenapa ada masalah apa bisa kali bantu elaskan,negatif,53.94,negatif
"ijin menjawab ya kak, aku TKW Taiwan kak, aku nggak full modal di awal kak, modal di awal cuma buat medical, sama kita Wira Wiri buat ngurus beberapa berkas,dan juga kebutuhan kita waktu kita di PT",ijin menjawab iya kak aku tkw taiwan kak aku tidak full modal di awal kak modal di awal cuma buat medical sama kita wira wiri buat mengurus beberapa berkas dan juga kebutuhan kita waktu kita di pt,negatif,53.96,negatif
org jualan ayam geprek langganan gw yg di lamer pa5nan nanya gw jurusan apa terus biasanya kayak kenapa ga jurusan blablabla aja tapi dia blg oh mau langsung #kaburajadulu yaa ....... trims BEJARRR ,org jualan ayam geprek langganan saya yang di lamer panan bertanya saya jurusan apa terus biasanya kayak kenapa ga jurusan blablabla saja tapi dia bilang oh mau langsung kaburajadulu yaa terima kasih bejarrr,netral,53.99,netral
@konakanii @garagarabola_ Mungkin Beckham udah mulai coba #KaburAjaDulu ke liga negara lain biar bisa buktiin kemampuannya ke Pelatih timnas toh di Persib udah dapet segalanya dr gaji besar popularitas &amp; gelar juara B2B,mungkin beckham sudah mulai coba kaburajadulu ke liga negara lain biar bisa buktiin kemampuannya ke pelatih timnas toh di persib sudah dapat segalanya dr gaji besar popularitas amp gelar juara bb,positif,53.99,positif
"kalo dipikir2 gw:

punya temen indo yg #kaburajadulu
punya temen foreigner yg #kerjadiindoaja

😂😂😂😂",kalau dipikir saya punya teman indo yang kaburajadulu punya teman foreigner yang kerjadiindoaja,negatif,54.0,negatif
Dari semua yg FOMO #kaburajadulu udah berapa yang beneran kabur dengan sukses? Bertanya dengan serius,dari semua yang fomo kaburajadulu sudah berapa yang beneran kabur dengan sukses bertanya dengan serius,negatif,54.01,negatif
loh bukannya di Aussie minimal sarjana ya?,loh bukannya di aussie minimal sarjana iya,negatif,54.03,negatif
bismillah bisa ikutan trend yang ini 🥺🥺🥺,bismillah bisa ikutan trend yang ini,netral,54.05,netral
@Urrangawak anak muda indonesia ayo #KaburAjaDulu dari indonesia fahami isi di video ini ya semoga menginspirasi https://t.co/xBA9dQ9g5U,anak muda indonesia ayo kaburajadulu dari indonesia fahami isi di video ini iya semoga menginspirasi,netral,54.05,netral
klo orang luar datang keindo jadi bos🤣,kalau orang luar datang keindo jadi bos,netral,54.06,netral
memang harus #kamur dulu ni biar sehat mental mensejahterakan diri dan mental,memang harus kamur dulu ini biar sehat mental mensejahterakan diri dan mental,negatif,54.06,negatif
A1. Bukti riders influencer 17+8 dari sumber terpercaya yang tidak bisa dibantah dan semua harus percaya kalau ini adalah kebenaran tanpa perlu peer review dan verifikasi independen. Kalo ga percaya bukan bagian dari gerakan kamu pro pemerintah. https://t.co/wsEpwrkukH,a bukti riders influencer dari sumber terpercaya yang tidak bisa dibantah dan semua harus percaya kalau ini adalah kebenaran tanpa perlu peer review dan verifikasi independen kalau ga percaya bukan bagian dari gerakan kamu profesional pemerintah,negatif,54.08,negatif
Kalau kayak gini mending tinggalin gadget dan #KaburAjaDulu ke desa sesuai saran nabi. Ga usah takut sama para petugas yang mengusir apalagi disuruh menuju kota penjara itu Nabi pun dulu juga sama kaya kita yang sadar skrg yang penting percaya sama tuhan semesta alam.,kalau kayak gini lebih baik tinggalin gadget dan kaburajadulu ke desa sesuai saran nabi ga perlu takut sama para petugas yang mengusir apalagi disuruh menuju kota penjara itu nabi pun dulu juga sama kaya kita yang sadar skrg yang penting percaya sama tuhan semesta alam,negatif,54.08,negatif
"@jihann ao han g pinda ta ,, ayo ndilek sng cintae setara 😌",ao han g pinda ta ayo ndilek sng cintae setara,positif,54.08,positif
wow apakah ini sebuah opportunity untuk #KaburAjaDulu https://t.co/YCQlfgvx2z,wow apakah ini sebuah opportunity untuk kaburajadulu,negatif,54.09,negatif
Bisa bicara empat bahasa. #KaburAjaDulu,bisa bicara empat bahasa kaburajadulu,netral,54.09,netral
"bang lebih enak kerja di luar negri ya?
asli kerja di indo tersiksa kali,, ajarin gmna caranya bang",bang lebih enak kerja di luar negri iya asli kerja di indo tersiksa kali ajarin gmna caranya bang,negatif,54.12,negatif
sekelas Korea ajah ijasah SMP atau ijasah paket SMA masih bisa dapet gaji yg layak sesuai dengan pekerjaan 😂,sekelas korea ajah ijasah smp atau ijasah paket sama masih bisa dapat gaji yang layak sesuai dengan pekerjaan,netral,54.13,netral
di usahakan,di usahakan,positif,54.14,positif
"Saya anak penjual gorengan. Saya tahu bagaimana susahnya orang tua saya dulu menabung biar bisa punya rumah, nyekolahin saya sampai kuliah, gimana sederhananya hidup mereka, ketika sepi usahanya, ketika akhir hayatnya. Tolonglah jangan ada pungli, jangan ada koruptor. Kami sudah susah cari kerja. Buatlah makmur negeri ini. Kami semua juga ingin hidup sejahtera 😭🙏🏻",saya anak penjual gorengan saya tahu bagaimana susahnya orang tua saya dulu menabung biar bisa punya rumah nyekolahin saya sampai kuliah bagaimana sederhananya hidup mereka ketika sepi usahanya ketika akhir hayatnya tolonglah jangan ada pungli jangan ada koruptor kami sudah susah cari kerja buatlah makmur negeri ini kami semua juga ingin hidup sejahtera,positif,54.15,positif
"dana talang tuh yang modalnya di mcu aja paling ato gak yang mereka tentuin, sisanya di talangin mereka",dana talang tuh yang modalnya di mcu saja paling atau gak yang mereka tentuin sisanya di talangin mereka,negatif,54.15,negatif
Insight yg menarik buat temen² yg pingin #kaburajadulu ke Korea yah,insight yang menarik buat temen² yang pingin kaburajadulu ke korea yah,positif,54.15,positif
"stall vendor paling banyak dkt negara kita malaysian/org melayu bangg, maknanya majority org malaysia lebih memilih open business",stall vendor paling banyak dkt negara kita malaysian org melayu bangg maknanya majority org malaysia lebih memilih open business,negatif,54.16,negatif
Modal nya ternyata cuma cukup Transportasi doang☠️,modal nya ternyata cuma cukup transportasi doang,negatif,54.16,negatif
kan. bambang🤣🤣🤣🤣🤣,kan bambang,positif,54.17,positif
elahh😂,elahh,negatif,54.19,negatif
disana ada masjid ga?trus ada solat teraweh berjamaah ga?ada hari raya menyambut idul Fitri bersama ga? ada azan ga pliss cuma nanya doang,disana ada masjid ga trus ada solat teraweh berjamaah ga ada hari raya menyambut idul fitri bersama ga ada azan ga pliss cuma bertanya doang,negatif,54.2,negatif
Udh ratusan apply job #kaburajadulu tapi rata rata gak visa sponsorship ada yg tembus sampe technical intrvw kalah sama yg udh pengalaman kerja di luar. Semangat apply lagi,udh ratusan apply job kaburajadulu tapi rata rata gak visa sponsorship ada yang tembus sampai technical intrvw kalah sama yang udh pengalaman kerja di luar semangat apply lagi,positif,54.22,positif
di tuntut sama ubur² juga,di tuntut sama ubur² juga,negatif,54.25,negatif
@detikcom Harusnya kunjungan kerja ke luar negeri anggota DPR di moratorium segera sampai batas yang tidak ditentukan. Biar bisa support agenda pemerintah efesiensi anggaran,harusnya kunjungan kerja ke luar negeri anggota dpr di moratorium segera sampai batas yang tidak ditentukan biar bisa support agenda pemerintah efesiensi anggaran,netral,54.26,netral
gua lgi LPK doain biar bisa ikut trend,saya lagi lpk doain biar bisa ikut trend,positif,54.26,positif
anakku selesai sekolah jg akan sy kirim k luar negri karena modal sekolah itu g dikit,anakku selesai sekolah juga akan saya kirim ke luar negri karena modal sekolah itu g dikit,negatif,54.27,negatif
tolong beritahu aku negara yang paling rekomen banget pliss dan caranya😭,tolong beritahu aku negara yang paling rekomen banget pliss dan caranya,positif,54.28,positif
yg bisa bahasa Mandarin end Inggris ada peluang unk kabur gk lewat jalur pendidikan? 😭,yang bisa bahasa mandarin end inggris ada peluang unk kabur gk lewat jalur pendidikan,netral,54.28,netral
MAU IKUT KABURR JUGAAA BARENGGG @kasyie🇵🇸,mau ikut kaburr jugaaa barenggg,positif,54.29,positif
"tungguin aku punya dana dan bisa bhsa asing plic🥺, jngn sampai trend ini selesai 😭#kaburajadulu",tungguin aku punya dana dan bisa bhsa asing plic jngn sampai trend ini selesai kaburajadulu,netral,54.33,netral
@wahairembulan @twoister Ya tergantung kondisi keluarganya. Ortu yg keluarganya harmonis anak2nya malah rebutan pengen ngerawat. Emang pada gak sayang gitu sama ortu ? Ada yg udah sukses di LN bela2in pulang buat ngerawat ortu. Banyak yg gk mau #kaburajadulu alesannya karena ortu. Termasuk gw.,iya tergantung kondisi keluarganya orang tua yang keluarganya harmonis anaknya bahkan rebutan pengen ngerawat emang pada gak sayang gitu sama orang tua ada yang sudah sukses di ln belain pulang buat ngerawat orang tua banyak yang gk mau kaburajadulu alesannya karena orang tua termasuk saya,negatif,54.34,negatif
nama lagunya apa?,nama lagunya apa,netral,54.34,netral
@zoelfick masih percaya pemerintah ?? gw ga mas,masih percaya pemerintah saya ga mas,positif,54.35,positif
@ardisatriawan uda nyangka bakal gini kerja dari luar negeri wkwkwk,uda nyangka bakal gini kerja dari luar negeri wkwkwk,negatif,54.35,negatif
istighfar bang,istighfar bang,positif,54.37,positif
 Usia maksimal 25 tahun harus lajang berpengalaman 3 tahun tapi untuk fresh graduate? Menurut pakar nyari kerja di Indonesia bukan soal kurangnya lapangan tapi syaratnya yang ribet &amp; kadang absurd. Gak heran muncul #KaburAjaDulu ️ https://t.co/qGmK39yhay,usia maksimal tahun harus lajang berpengalaman tahun tapi untuk fresh graduate menurut pakar mencari kerja di indonesia bukan soal kurangnya lapangan tapi syaratnya yang ribet amp kadang absurd gak heran muncul kaburajadulu,positif,54.37,positif
Indonesia diajak maju susah udah bener maju selangkah eh mundur 100 langkah. Sampe-sampe adekku yg kls 2 SMA saya nasehatin belajar multi-language dari skrg biar bisa ke luar negeri ambil visa kerja/apapun. Gaada harapan disini,indonesia diajak maju susah sudah benar maju selangkah eh mundur langkah sampai sampai adekku yang kls sama saya nasehatin belajar multi language dari skrg biar bisa ke luar negeri ambil visa kerja apapun tidak ada uang harapan disini,negatif,54.37,negatif
tunggu aku ikut trend ini,tunggu aku ikut trend ini,positif,54.38,positif
@liaa75 Tapi ini sebenarnya pengetahuan basic kok beb. Dulu kita sekolah dasar udah diajarin cara kerja jantung dan cara ngecek detak jantungnya Tapi ga tau sih mapel luar negeri sama atau kagak,tapi ini sebenarnya pengetahuan basic kok sayang dulu kita sekolah dasar sudah diajarin cara kerja jantung dan cara ngecek detak jantungnya tapi ga tahu sih mapel luar negeri sama atau tidak,negatif,54.38,negatif
Wkwkwkwk iya jirr kalo pejabat pada punya nasionalisme mah kaga bakal ada korupsi,wkwkwkwk iya jirr kalau pejabat pada punya nasionalisme mah tidak bakal ada korupsi,positif,54.4,positif
pejabatnya ama influensernya😅,pejabatnya sama influensernya,positif,54.41,positif
Mobil sejuta umat-nya WNI udah berhasil #KaburAjaDulu WNInya masih struggle dengan kekuatan paspornya,mobil sejuta umat nya wni sudah berhasil kaburajadulu wninya masih struggle dengan kekuatan paspornya,netral,54.41,netral
Sampe Ada rencana kalo ank2 udh gede lebih baik kuliah d luar negri ajh wlw pun aku hnya babu 😭 krna luar negri lebih terjqmin setlh lulus,sampai ada rencana kalau anak udh gede lebih baik kuliah di luar negri ajh wlw pun aku hanya babu krna luar negri lebih terjqmin setlh lulus,negatif,54.43,negatif
Aku pernah bilang sama mama... Mah kalo vina mau kerja ke luar negeri lagi boleh gak? Mamah bilang bapak gak bakal izinin lagi teh... Sebenarnya anaknya bener bener gak pernah bisa diem maunya nyari kerja ke mana pun..,aku pernah bilang sama mama mah kalau vina mau kerja ke luar negeri lagi boleh gak mamah bilang bapak gak bakal izinin lagi kakak perempuan sebenarnya anaknya benar benar gak pernah bisa diem maunya mencari kerja ke mana pun,negatif,54.44,negatif
Sometime kita lupa luar biasanya kerja sama itu adalah warisan luhur kita. Mari praktikkan dalam kehidupan sehari-hari untuk jaga negara dan realisasikan kemakmuran kolektif. Bersatu Jaga Negeri https://t.co/brtRUpt2IC,sometime kita lupa luar biasanya kerja sama itu adalah warisan luhur kita mari praktikkan dalam kehidupan sehari hari untuk jaga negara dan realisasikan kemakmuran kolektif bersatu jaga negeri,negatif,54.45,negatif
idea untuk apa?,idea untuk apa,negatif,54.45,negatif
dan juga minimal kerja dulu bang baru bilang ngirt ngirit,dan juga minimal kerja dulu bang baru bilang ngirt ngirit,netral,54.46,netral
"❓ Marvel sean kalau udah lulus pasti langsung mikir mau living together ya min wren
💬 LOWKEY IYA…. marvel mau ngajak sean #kaburajadulu ke canada when they’re older enoughh #wrentalks  https://t.co/utY2yQo7qM",marvel sean kalau sudah lulus pasti langsung mikir mau living together iya min wren lowkey iya marvel mau ngajak sean kaburajadulu ke canada when they reply older enoughh wrentalks,negatif,54.46,negatif
wishlist dari 2022😹 bismillah tahun depan,wishlist dari bismillah tahun depan,netral,54.46,netral
tidak semudah itu fergono 🗿,tidak semudah itu fergono,positif,54.47,positif
aku punya tujuan sekarang lulus SMK pindah negara,aku punya tujuan sekarang lulus smk pindah negara,netral,54.47,netral
"Saya jadi dosen di Taiwan, fasilitasnya uda setara pejabat di Indo 😹🫶🏻",saya jadi dosen di taiwan fasilitasnya uda setara pejabat di indo,netral,54.47,netral
lah Lampung mna itu kk soal e q orang Lampung,lah lampung mna itu kakak soal e q orang lampung,negatif,54.52,negatif
"@u gimana? ikut trend ini ga?
#kaburajadulu",bagaimana ikut trend ini ga kaburajadulu,positif,54.54,positif
Omongan adek ini benarrrr semuaaa,omongan adek ini benarrrr semuaaa,negatif,54.55,negatif
@chupachupstiga @redvelvetncffee @utdstewie @yumedkemed @idextratime Jgn lupa kaka hashtag #KaburAjaDulu tp ga kabur² kebanyakan ngelem aibon,jangan lupa kakak hashtag kaburajadulu tapi ga kabur² kebanyakan ngelem aibon,negatif,54.55,negatif
"kira kira klo org cina yg menguasai dunia, mereka nasionalis ga ya? soalnya didukung pemerintahnya soalnya",kira kira kalau org cina yang menguasai dunia mereka nasionalis ga iya soalnya didukung pemerintahnya soalnya,negatif,54.55,negatif
Diluar negri kerja bercanda gaji malah serius😁,diluar negri kerja bercanda gaji bahkan serius,netral,54.55,netral
Yuk ikutan yukk seru tau 🥰,yuk ikutan yukk seru tahu,positif,54.55,positif
udah menerapkan #KaburAjaDulu,sudah menerapkan kaburajadulu,netral,54.56,netral
Abis lebaran yuk #kaburajadulu daripada gaji 2jt💆🏻‍♀️,habis lebaran yuk kaburajadulu daripada gaji jt,negatif,54.57,negatif
emang paling bener kerja di luar negeri kah?,emang paling benar kerja di luar negeri kah,positif,54.6,positif
bali 1.3 br denger ini woi...tp di daerahq kab kecil di jateng perawat s1 ners 900rb di rs,bali baru denger ini woi tapi di daerahq kabupaten kecil di jateng perawat s ners rb di rs,netral,54.61,netral
tunggu kuliah duluuu😭,tunggu kuliah duluuu,netral,54.61,netral
mending kerja di luar negeri sih,lebih baik kerja di luar negeri sih,negatif,54.61,negatif
pengen juga #kaburajadulu,pengen juga kaburajadulu,negatif,54.64,negatif
terus kalau ke negara lain yakin langsung di terima kerja??,terus kalau ke negara lain yakin langsung di terima kerja,positif,54.65,positif
"Gw juga lagi kuliah, sambil les bahasa Inggris, Mandarin, Francis, sama Rusia, jujur aja ngeliat kondisi sekarang rasanya gimana gitu, gw pengen nyari kerja diluar",saya juga lagi kuliah sambil les bahasa inggris mandarin francis sama rusia jujur saja melihat kondisi sekarang rasanya bagaimana gitu saya pengen mencari kerja diluar,negatif,54.66,negatif
 Memiliki kendaraan pribadi Semangat kerja tinggi Berpengalaman sebagai Collection di multifinance BI Checking clear Benefits: Gaji pokok UMK &amp; incentive Bonus menarik Jenjang karir jelas Reward trip ke luar negeri,memiliki kendaraan pribadi semangat kerja tinggi berpengalaman sebagai collection di multifinance bi checking clear benefits gaji pokok umk amp incentive bonus menarik jenjang karir jelas reward trip ke luar negeri,netral,54.67,netral
Meski satu beasiswa diperebutkan 19 juta calon pencari kerja mungkin saja kamu adalah juaranya So jangan lupa catat tanggalnya ya! 13.10.2025 #BeasiswaKopula bakal launching buat kamu yang mau #KaburAjaDulu!,meski satu beasiswa diperebutkan juta calon pencari kerja mungkin saja kamu adalah juaranya so jangan lupa catat tanggalnya iya beasiswakopula bakal launching buat kamu yang mau kaburajadulu,positif,54.68,positif
"Anak q juga udh aq siapin buat ikut program ausbildung, nanti lulus sekolah lsg lanjut kursus bahasa jerman. Biar bisa lsg kerja di LN. Krn klo kuliah ngabisin uang ujung2 nya kerja gaji umr",anak q juga udh saya siapin buat ikut program ausbildung nanti lulus sekolah lsg lanjut kursus bahasa jerman biar bisa lsg kerja di ln karena kalau kuliah ngabisin uang ujung nya kerja gaji umr,positif,54.68,positif
@PointTono59982 @punaidaon Itu karena mereka ga munafik dan percaya bahwa nafsu manusia tidak bisa ditekan kalau tidak bisa ditekan setidaknya bisa di atur jadi mereka melegalkan rumah bordil yang di awasi pemerintah melakukan edukasi seksual mencoba memisahkan nafsu sesaat dengan punya anak,itu karena mereka ga munafik dan percaya bahwa nafsu manusia tidak bisa ditekan kalau tidak bisa ditekan setidaknya bisa di atur jadi mereka melegalkan rumah bordil yang di awasi pemerintah melakukan edukasi seksual mencoba memisahkan nafsu sesaat dengan punya anak,negatif,54.72,negatif
"Ga boleh gitu, selagi masih pakai paspor indo amit2 terjadi apa negara juga yg akan bantu 😌",ga boleh gitu selagi masih pakai paspor indo amit terjadi apa negara juga yang akan bantu,netral,54.72,netral
Lah orang di luar megeri kami gk laper hahaha kerja santai gaji 15jt perbulan 😅,lah orang di luar megeri kami gk laper hahaha kerja santai gaji jt perbulan,positif,54.72,positif
@ardisatriawan Paling bener da #kaburajadulu,paling benar da kaburajadulu,positif,54.73,positif
masuk tv lu bang,masuk tv kamu bang,netral,54.74,netral
Malah kita perluas NKRI kitaa dengan membentuk RT dulu diluar 🤣,bahkan kita perluas nkri kitaa dengan membentuk rt dulu diluar,negatif,54.75,negatif
sekarang gw tau alasan mbak gw ngebet nyuruh gw lanjut studi ke luar negeri aja dan nyuruh gw buat cari kerja di luar negerii OKH ACC,sekarang saya tahu alasan mbak saya ngebet nyuruh saya lanjut studi ke luar negeri saja dan nyuruh saya buat cari kerja di luar negerii okh accord,netral,54.75,netral
@awesomeposted pintu #kaburajadulu masih terbuka lebar dok ayoo generasi terbaik Indonesia lainnya tinggalkan Indonesia bukan tdk cinta Indonesia tetapi semua butuh pengakuan dan makan,pintu kaburajadulu masih terbuka lebar dok ayoo generasi terbaik indonesia lainnya tinggalkan indonesia bukan tidak cinta indonesia tetapi semua butuh pengakuan dan makan,negatif,54.75,negatif
satu priode besok ganti banteng lagiii,satu priode besok ganti banteng lagiii,negatif,54.76,negatif
Mari kita sekarang hemat buat tambahan biaya magang di LN th depan #kaburajadulu,mari kita sekarang hemat buat tambahan biaya magang di ln th depan kaburajadulu,netral,54.77,netral
Kalau ada yang danain gue mau juga kerja keluar negri 😁,kalau ada yang danain saya mau juga kerja keluar negri,netral,54.77,netral
Sometime kita-kita melupakan luar biasanya kerja sama itu adalah warisan luhur kita. Mari implementasikan dalam aktivitas keseharian untuk pelihara bangsa dan capai kebahagiaan universal. Bersatu Jaga Negeri https://t.co/xq12jUspn3,sometime kita kita melupakan luar biasanya kerja sama itu adalah warisan luhur kita mari implementasikan dalam aktivitas keseharian untuk pelihara bangsa dan capai kebahagiaan universal bersatu jaga negeri,negatif,54.82,negatif
butuh kerja berapa taun yah ini✨,butuh kerja berapa tahun yah ini,negatif,54.82,negatif
@Quvvatt Orang yg nyuruh anak² muda #kaburajadulu ternyata punya niatan biar bisa ngegarong!,orang yang nyuruh anak² muda kaburajadulu ternyata punya niatan biar bisa ngegarong,negatif,54.82,negatif
Same answer. Meskipun #kaburajadulu nya lagi diusahakan,same answer meskipun kaburajadulu nya lagi diusahakan,negatif,54.84,negatif
@msaid_didu Jika yg merasa paling hebat dan paling berjasa thd negeri ini bicara.. #Kaburajadulu https://t.co/ej9PMNUia6,jika yang merasa paling hebat dan paling berjasa terhadap negeri ini bicara kaburajadulu,positif,54.85,positif
sumpah iya aku 800 itupun sama delivery order pake motorku cooo😭 mana ke perumahan yg jalannya pake paving ga rata,sumpah iya aku itupun sama delivery order pakai motorku cooo mana ke perumahan yang jalannya pakai paving ga rata,positif,54.86,positif
@worksfess Gue juga dari top uni tapi temen2 gue nggak pernah komentarin siapa kerja di mana apakah itu company bagus apa enggak. Bahkan setelah lulus S2 dari top uni di luar negeri temen2 gue dari kampus yang S2 itu pun juga sama baik yang orang Indonesia maupun yang internasional.,saya juga dari top uni tapi teman saya tidak pernah komentarin siapa kerja di mana apakah itu company bagus apa tidak bahkan setelah lulus s dari top uni di luar negeri teman saya dari kampus yang s itu pun juga sama baik yang orang indonesia maupun yang internasional,positif,54.88,positif
@IZ steyl CB,steyl coba,netral,54.89,netral
sebenernya kalo mau #kaburajadulu tinggal buka internal job board terus pilih mau negara mana kek damn banyak bgt anjrit vacancynya ke prancis aja ada 200 vacant position,sebenernya kalau mau kaburajadulu tinggal buka internal job board terus pilih mau negara mana seperti damn banyak banget anjing vacancynya ke prancis saja ada vacant position,netral,54.89,netral
atau ya realitasnya lebih grim lagi: manajemen utama udah ngga bisa spend lagi jadi paling buka yang core aja/hiring freeze pool of talent yang bagus udah banyak yang #KaburAjaDulu atau HR-nya juga salah satu yg kena restruktur. Udah mulai rame dari lulusan non-psikologi juga.,atau iya realitasnya lebih grim lagi manajemen utama sudah tidak bisa spend lagi jadi paling buka yang core saja hiring freeze pool of talent yang bagus sudah banyak yang kaburajadulu atau hari nya juga salah satu yang kena restruktur sudah mulai ramai dari lulusan non psikologi juga,positif,54.89,positif
"pengen#kaburajadulu,tpi ga ada modal ya gmna nyari pekerjaan di indo syaratnya bnyk bnget",pengenkaburajadulu tapi ga ada modal iya gmna mencari pekerjaan di indo syaratnya banyak bnget,netral,54.9,netral
kalo bener tau kan kemana harus pergi ? #kaburajadulu,kalau benar tahu kan kemana harus pergi kaburajadulu,netral,54.9,netral
tungguin bang 🥹,tungguin bang,netral,54.91,netral
"Alhamdulillah.aku klo gak SINGAPORE adik aku gak bkal bsa jdi lulusan universitas di mana aku hanya lulusan SD yang bermodal nekat jadi perawat lansia, di tmbh lagi punya ortu yg udah gak bsa ngapa2in",alhamdulillah aku kalau gak singapore adik aku gak bkal bisa jadi lulusan universitas di mana aku hanya lulusan sd yang bermodal nekat jadi perawat lanjut usia di tambah lagi punya orang tua yang sudah gak bisa sedang apa,positif,54.92,positif
ngakak sihh,tertawa sihh,negatif,54.93,negatif
this fomo trend that i want to folloowww,this fomo trend that i want to folloowww,positif,54.93,positif
Siapa saja TIKUS SENAYAN yang #KaburAjaDulu saat INDONESIA GELAP? - Syahroni - Eko Patrio - ... - ... https://t.co/jgImfrHcb3,siapa saja tikus senayan yang kaburajadulu saat indonesia gelap syahroni eko patrio,negatif,54.93,negatif
#KaburAjaDulu initiator,kaburajadulu initiator,negatif,54.93,negatif
"fakta bangettt🔥🔥,lah gua nggk usah jauh² di Malaysia aja gua nggk pakek persyaratan yang penting bisa kerja trss fasilitas makan aman,tinggal apartemen,gaji 8000 ringgit lah emang indo ada😂😂",fakta bangettt lah saya nggk perlu jauh² di malaysia saja saya nggk pakek persyaratan yang penting bisa kerja trss fasilitas makan aman tinggal apartemen gaji ringgit lah emang indo ada,positif,54.94,positif
@HidayatiMe30318 Itu pak bani #kaburajadulu tapi bawa2 mylen sama jojo ,itu pak bani kaburajadulu tapi bawa mylen sama jojo,negatif,54.95,negatif
Ganti benua,ganti benua,negatif,54.96,negatif
"Ini real gaes... Ya begitulah sekarang memang ya

Mohon info kira-kira #kaburajadulu mulai dari mana ya gaes",ini real gaes iya begitulah sekarang memang iya mohon informasi kira kira kaburajadulu mulai dari mana iya gaes,negatif,54.96,negatif
"hubungannya apa anjir, mulai dulu persyaratan nya banyak😭",hubungannya apa anjing mulai dulu persyaratan nya banyak,negatif,54.96,negatif
Awalnya emang cita-cita dari SMA tapi kelupain gitu aja tapi makin menggebu-gebu lagi tuh darah Jepang dalem diri gue semenjak kenal NCT WISH sampe akhirnya ambil kelas Jepang dan jir tbtb #KaburAjaDulu,awalnya emang cita cita dari sama tapi kelupain gitu saja tapi makin menggebu gebu lagi tuh darah jepang dalem diri saya semenjak kenal nct wish sampai akhirnya ambil kelas jepang dan anjing tbtb kaburajadulu,negatif,54.98,negatif
"iyah ,saya percaya. di sisi gaji kurang tp kerja trllu over.",iyah saya percaya di sisi gaji kurang tapi kerja trllu over,negatif,54.99,negatif
@gerindra @Joko Widodo,widodo,positif,55.0,positif
Ya Allah bisa membiayai gue buat #KaburAjaDulu ini mah Boleh pinjem dulu gak suk? To? Nanti pas gajian gue cicil,iya allah bisa membiayai saya buat kaburajadulu ini mah boleh pinjem dulu gak masuk to nanti pas gajian saya cicil,netral,55.02,netral
@iam_ruby11 Kita harus segera wujudkan #KaburAjaDulu itu kak,kita harus segera wujudkan kaburajadulu itu kak,netral,55.03,netral
Alhamdulillah aku juga udah di eropa🥰ayo yg mau ke eropa join smaa aku,alhamdulillah aku juga sudah di eropaayo yang mau ke eropa join smaa aku,netral,55.03,netral
saya SMP aja tidak lulus di luar negeri gaji bersih 6-8 JT perbula Alhamdulillah,saya smp saja tidak lulus di luar negeri gaji bersih jt perbula alhamdulillah,netral,55.03,netral
Pajak penghasilan di luar negeri itu berapa? Selain pajak penghasilan pajak apa lagi yg harus dibayar disana? Kalau harga telur dan bahan makanan lainnya berapa ya?,pajak penghasilan di luar negeri itu berapa selain pajak penghasilan pajak apa lagi yang harus dibayar disana kalau harga telur dan bahan makanan lainnya berapa iya,netral,55.04,netral
"Iya kak aku jg tinggal di Pennsylvania. Tapi emg jujur sih USA jauhhh lebih better daripada Indo soal gaji, lifestyle, dll",iya kak aku juga tinggal di pennsylvania tapi emg jujur sih usa jauhhh lebih better daripada indo soal gaji lifestyle dan lain-lain,negatif,55.04,negatif
@cortisjaksel yukk #KaburAjaDulu ,yukk kaburajadulu,negatif,55.06,negatif
Semoga ada sosialisasi di berbagai daerah tentang sikon ini. Iming-iming kerja di luar negeri. Kasihan anak negeri. Para pemimpin lindungilah perempuan anak negeri . #CONTENTcenter,semoga ada sosialisasi di berbagai daerah tentang situasi dan kondisi ini iming iming kerja di luar negeri kasihan anak negeri para pemimpin lindungilah perempuan anak negeri contentcenter,negatif,55.07,negatif
@islah_bahrawi nanti beritanya sedang berkunjung dan bertemu serta tidak tahu menahu soal penyuapan dll sebelumnya beliau bekerja keras ketika kasus phk sritex dan #kaburajadulu ,nanti beritanya sedang berkunjung dan bertemu serta tidak tahu menahu soal penyuapan dan lain-lain sebelumnya beliau bekerja keras ketika kasus phk sritex dan kaburajadulu,netral,55.08,netral
@dysnis sebuah usaha dari #kaburajadulu,sebuah usaha dari kaburajadulu,positif,55.09,positif
@Syifaa @Lovel. ycastlyn @ₖₑₖₑₑₑ🦋,ycastlyn,netral,55.09,netral
Gas bos🔥🔥,gas bos,positif,55.09,positif
dpr juara 1 #KaburAjaDulu,dpr juara kaburajadulu,positif,55.1,positif
iya betul. kenapa? pendaftaran kalo ke jepang yang original atau resmi itu hampir 1.5 tahun paling cepat kalo ngak salah.,iya betul kenapa pendaftaran kalau ke jepang yang original atau resmi itu hampir tahun paling cepat kalau ngak salah,positif,55.1,positif
① Kapitalisme Sistem ekonomi yang kasih kebebasan ke individu atau swasta buat punya alat produksi (kayak pabrik tanah modal). Tujuan utamanya? Cuan! Pemerintah nggak terlalu ikut campur. Senin Indonesian Gelap #KaburAjaDulu Yuki Kato,① kapitalisme sistem ekonomi yang kasih kebebasan ke individu atau swasta buat punya alat produksi kayak pabrik tanah modal tujuan utamanya cuan pemerintah tidak terlalu ikut campur senin indonesian gelap kaburajadulu yuki kato,negatif,55.12,negatif
Kebutuhan tinggi tapi udh bisa langsung beli rumah gimana tuh😂,kebutuhan tinggi tapi udh bisa langsung beli rumah bagaimana tuh,negatif,55.14,negatif
cari duit dulu baru ikut trend 😭,cari duit dulu baru ikut trend,negatif,55.14,negatif
Cita-cita : #kaburajadulu Realita : bolos kelas english 2x berturut-turut ,cita cita kaburajadulu realita bolos kelas english x berturut turut,netral,55.14,netral
Klean milih ijazah ketulis nilai 8 dan 9 tpi hidup dgn UMR Jogja atau nilai 7 dan 6 tpi hidup spt Syahroni? Ato IPK dua koma dri luar negeri tpi jdi yg kedua? Patono milih IPK 3 koma dri luar negeri tpi kerja jdi kuli mbako #TerimaKasihTembakau https://t.co/2J8x6Zs6OB,klean milih ijazah ketulis nilai dan tapi hidup dengan umr jogja atau nilai dan tapi hidup seperti syahroni atau ipk dua koma dari luar negeri tapi jadi yang kedua patono milih ipk koma dari luar negeri tapi kerja jadi kuli mbako terimakasihtembakau,positif,55.15,positif
4 tahun lagi,tahun lagi,positif,55.15,positif
apakah ini jalannya saya kerja di luar negeri karena skrg skrg kepikiran buat kerja di luar negeri,apakah ini jalannya saya kerja di luar negeri karena skrg skrg terpikirkan buat kerja di luar negeri,negatif,55.17,negatif
@dprpbismalam persaingan bus dgn berbagai macam fasilitas yg d untung kan coustemer dlu naik bus sering berhenti ngompreng ga ada ac byk copet.sekarang berubah tinggal terminal2 aja yg d bagusin ini tugas pemerintah daerah percaya di eropa Amerika bus nya ga sebagus indo,persaingan bus dengan berbagai macam fasilitas yang di untung kan coustemer dulu naik bus sering berhenti ngompreng ga ada ac banyak copet sekarang berubah tinggal terminal saja yang di bagusin ini tugas pemerintah daerah percaya di eropa amerika bus nya ga sebagus indo,positif,55.18,positif
"iyah soalnya butuh persiapan banget, salah satunya uang",iyah soalnya butuh persiapan banget salah satunya uang,positif,55.23,positif
kan katanya🗿,kan katanya,positif,55.24,positif
"kami udh mulai dari 14 tahun yg lalu,
semoga adik² yg mempunyai cita² berkarier di LN dapet terwujud😊
#kaburajadulu memang tidak murah,tapi setidaknya kami berusaha utk mendapatkan kehidupan yg layak di tengah gempuran persyaratan kerja yg rumit dan gaji yg sedikit",kami udh mulai dari tahun yang lalu semoga adik² yang mempunyai cita² berkarier di ln dapat terwujud kaburajadulu memang tidak murah tapi setidaknya kami berusaha untuk mendapatkan kehidupan yang layak di tengah gempuran persyaratan kerja yang rumit dan gaji yang sedikit,positif,55.24,positif
Yuk upgrade skill bahasa kamu GRATIS 30 hari di Connecting College! Kelas lengkap Inggris Jepang Mandarin dengan tutor kece sertifikat resmi dan fasilitas lengkap. Dan bagi kamu yang ingin kerja di luar negeri kami siap salurkan kesempatan sesuai minat dan kemampuan kam https://t.co/PPs9fm1XeB,yuk upgrade skill bahasa kamu gratis hari di connecting college kelas lengkap inggris jepang mandarin dengan tutor kece sertifikat resmi dan fasilitas lengkap dan bagi kamu yang ingin kerja di luar negeri kami siap salurkan kesempatan sesuai minat dan kemampuan kam,positif,55.25,positif
"gw aja s1 eko,pindah hotel gara gaji 2x ,klo udh staff tapi ,gw naek staf aja 2,5 tahunan",saya saja s eko pindah hotel gara gaji x kalau udh staff tapi saya naek staf saja tahunan,negatif,55.25,negatif
tas koper #kaburajadulu https://t.co/gWp2UJDoSq,tas koper kaburajadulu,netral,55.25,netral
sama wkwkw,sama wkwkw,positif,55.25,positif
ikut lah bang🗿🗿,ikut lah bang,positif,55.25,positif
@bloopbloopxx besok terakhir menikmati bekasi abis itu #kaburajadulu ‍↕️,besok terakhir menikmati bekasi habis itu kaburajadulu,negatif,55.28,negatif
pengalaman pribadi,pengalaman pribadi,positif,55.31,positif
bukanya g boleh nya rekam menara Eiffel pas malam?,bukanya g boleh nya rekam menara eiffel pas malam,negatif,55.31,negatif
habis dpt mimpi ditawarin job di US atau netherlands. semoga pertanda #KaburAjaDulu,habis dapat mimpi ditawarin job di us atau netherlands semoga pertanda kaburajadulu,netral,55.31,netral
lu aja noh ke Kamboja,kamu saja noh ke kamboja,netral,55.32,netral
#KaburAjaDulu jalur nyangkut di sela-sela container tongkang ,kaburajadulu jalur nyangkut di sela sela container tongkang,netral,55.32,netral
pokoknya habis dapet ijazah SMK harus janji ke jepang,pokoknya habis dapat ijazah smk harus janji ke jepang,negatif,55.32,negatif
@Teh__L Pemda (prov/kab) di wilayah potensial terdampak sepertinya juga kurang aktif sosialisasi mitigasinya. LSM atau perguruan tinggi seharusnya bisa bantu. Termasuk mengimbau supaya nggak ke-fomo-an sama perubahan kondisi alam. ##KaburAjaDulu relevan banget buat yang satu ini :),pemerintah daerah prov kabupaten di wilayah potensial terdampak sepertinya juga kurang aktif sosialisasi mitigasinya lsm atau perguruan tinggi seharusnya bisa bantu termasuk mengimbau supaya tidak ke fomo an sama perubahan kondisi alam kaburajadulu relevan banget buat yang satu ini,negatif,55.33,negatif
Pdhl pelopor @prabowo #KaburAjaDulu,pdhl pelopor kaburajadulu,positif,55.34,positif
anak kecil yg dulu ngomong pengen kerja di kedutaan luar negeri itu sekarang ngepunk,anak kecil yang dulu bicara pengen kerja di kedutaan luar negeri itu sekarang ngepunk,netral,55.34,netral
duit ka duit gweh sisa 50k 😭,duit kakak duit gweh sisa ke,negatif,55.35,negatif
"enggak si bg,gua Cuman bljr Bahasanya setahun terus naik pswt lewat Jalurnya gtu",tidak si abang saya cuman bljr bahasanya setahun terus naik pesawat lewat jalurnya gtu,netral,55.36,netral
lah bener semua lagi wkwk,lah benar semua lagi wkwk,negatif,55.37,negatif
trend bulanan😂,trend bulanan,negatif,55.39,negatif
Lahhh gitu periode berikutnya kan cari kerja di indo susah gue capek kerja di luar negeri. Mending gue nyapres aja kali ya soalnya kan itu mudah peluang dan hak warga negara Indonesia,lahhh gitu periode berikutnya kan cari kerja di indo susah saya capek kerja di luar negeri lebih baik saya nyapres saja kali iya soalnya kan itu mudah peluang dan hak warga negara indonesia,negatif,55.39,negatif
kerja di luar negri itu bukan berarti gak nasionalis tp realistis. 😁,kerja di luar negri itu bukan berarti gak nasionalis tapi realistis,positif,55.39,positif
@AhzaSadya @nauvalarif14579 @Devi50910184 @AirinDatangLagi Gw sih percaya ada perusahaan yg kek gitu. Tp ga semua. Masih byk perusahaan yg butuh org di berbagai bidang. Perorangan jg ada. Tinggal niat nya aja. Gw ga bela pemerintah tp faktanya emg byk perusahaan yg butuh karyawan,saya sih percaya ada perusahaan yang seperti gitu tapi ga semua masih banyak perusahaan yang butuh org di berbagai bidang perorangan juga ada tinggal niat nya saja saya ga bela pemerintah tapi faktanya emg banyak perusahaan yang butuh karyawan,negatif,55.4,negatif
mending Xiaomi 14t.,lebih baik xiaomi t,negatif,55.4,negatif
btw aku ulang tahun hari ini🌻,ngomong-ngomong aku ulang tahun hari ini,negatif,55.41,negatif
percaya aja pemerintah ga tinggal diam mereka susun strategi buat lapangan kerja https://t.co/lfqQMy1Ou5,percaya saja pemerintah ga tinggal diam mereka susun strategi buat lapangan kerja,positif,55.41,positif
kan? kamu? yang? duluan? #kaburajadulu ke yordania?,kan kamu yang duluan kaburajadulu ke yordania,netral,55.42,netral
baca baik2 komennya bg,baca baik komennya abang,positif,55.44,positif
Marcelo sekarang jadi tiktoker ya,marcelo sekarang jadi tiktoker iya,netral,55.44,netral
bro berpikir dia bakal savage,saudara laki-laki berpikir dia bakal savage,netral,55.45,netral
"dana belom ke kumpul anjay , pengen bgt kerja di luar 🙉",dana belum ke kumpul anjay pengen banget kerja di luar,positif,55.47,positif
@magentajingga_ lumayan bisa #kaburajadulu bentar wkwkwk thank you kak ika!!,lumayan bisa kaburajadulu sebentar wkwkwk thank you kak ika,netral,55.48,netral
saya di Malaysia. gaji 2000Rm sebulan 6jt lebih. tempat tinggal gratis karena saya cowok. makan gratis sekali sehari. ongkos pesawat cuman 400k dari kota saya ke KL,saya di malaysia gaji rm sebulan jt lebih tempat tinggal gratis karena saya cowok makan gratis sekali sehari ongkos pesawat cuman ke dari kota saya ke kalau,netral,55.49,netral
GPP sih kak kalau udh finansial freedom,tidak apa-apa sih kak kalau udh finansial freedom,positif,55.5,positif
@azeotrop_ Ayo #kaburajadulu gaji luar negeri lebih menggoda,ayo kaburajadulu gaji luar negeri lebih menggoda,negatif,55.51,negatif
#kaburajadulukemexico☠️💀💀🗿,kaburajadulukemexico,negatif,55.52,negatif
disaat semua org mau ketemu dia dia mlah ketemu xi jinping anjr THAT REAL #KaburAjaDulu yg sesungguhnya,disaat semua org mau ketemu dia dia malah ketemu xi jinping anjr that real kaburajadulu yang sesungguhnya,negatif,55.52,negatif
"selamat datang di konoha 🙏🙏🙏
nikmati pilihan kalian 🤭🤭🤭",selamat datang di konoha nikmati pilihan kalian,netral,55.56,netral
ditunggu kaburnya,ditunggu kaburnya,negatif,55.58,negatif
@AnKiiim_ @puanmaharani_ri Percaya sama pemerintah dzolim? Ga dulu,percaya sama pemerintah dzolim ga dulu,negatif,55.58,negatif
New Zeland 🤣🤣🤣,new zeland,positif,55.59,positif
wkwkwkw 😂😂,wkwkwkw,positif,55.6,positif
@tanyarlfes Ambil beasiswa atau nekat untuk pascasarjana di luar negeri kaya Jepang Australia Jerman dll Disana kuliah sambil kerja. Lulus s2 ga akan terlalu lama setelah itu fulltime kerja aja disana untuk kumpulin modal. Semisal udah nyaman disana ya tinggal menetap aja ,ambil beasiswa atau nekat untuk pascasarjana di luar negeri kaya jepang australia jerman dan lain-lain disana kuliah sambil kerja lulus s ga akan terlalu lama setelah itu fulltime kerja saja disana untuk kumpulin modal semisal sudah nyaman disana iya tinggal menetap saja,negatif,55.61,negatif
KAK AKU IKUTTT😩,kak aku ikuttt,positif,55.61,positif
sama baru kelas 10 santai dulu sambil belajar alhamdulillah hafal hiragana ☺️,sama baru kelas santai dulu sambil belajar alhamdulillah hafal hiragana,positif,55.61,positif
Fiks bngt.emang wort it bngt.aq dah nglakuin 9 th,fiks bngt emang wort it bngt saya deh nglakuin th,positif,55.62,positif
5. Alasannya masuk akal: dunia kerja juga menuntut disiplin waktu. Bedanya di dunia kerja masih ada toleransi untuk kondisi darurat. Di sekolah kita toleransi itu sering minim. Kalau di luar negeri hukuman telat justru disesuaikan penyebabnya.,alasannya masuk akal dunia kerja juga menuntut disiplin waktu bedanya di dunia kerja masih ada toleransi untuk kondisi darurat di sekolah kita toleransi itu sering minim kalau di luar negeri hukuman terlambat justru disesuaikan penyebabnya,positif,55.63,positif
@IndoPopBase kerja di luar negeri,kerja di luar negeri,netral,55.64,netral
- FE Bisa - BE bisa - DevOps bisa - Design bisa - Bahasa inggris bisa - Gaji 3 Digit bisa #KaburAjaDulu gaszzz!!! kalo di indo yg bisa segala ini gajinya di bawah UMR.,fe bisa be bisa devops bisa design bisa bahasa inggris bisa gaji digit bisa kaburajadulu gaszzz kalau di indo yang bisa segala ini gajinya di bawah umr,negatif,55.64,negatif
@papersimjang Eits jauh banget ini ke Korea udah muak jadi WNI iya apa iya? #KaburAjaDulu Happy dong welcome Aija semoga bisa berteman baik ,eits jauh banget ini ke korea sudah muak jadi wni iya apa iya kaburajadulu bahagia dong welcome aija semoga bisa berteman baik,positif,55.65,positif
life is just not fair ketika dia deklarasi sebagai 02 voter dan setelah itu mutusin buat kejar kerja di luar negeri tiap ku singgung isu politik sedikit dia pasti ngomong yaudah yang penting aku tak ke jepang dulu 5 tahun i love you you are the bestest bestfriend i ever had.,life is just not fair ketika dia deklarasi sebagai voter dan setelah itu mutusin buat kejar kerja di luar negeri tiap ku singgung isu politik sedikit dia pasti bicara ya sudah yang penting aku tidak ke jepang dulu tahun i love you you are the bestest bestfriend i ever had,negatif,55.65,negatif
Waktu itu aku pernah nazar dan disaksikan sama temen2 kuu. Kalo aku berhasil menetap dan kerja di luar negeri aku mau GA tiket konser. Nah sekalian krn Ateez mau tur di Asia nnt aku adain GA yaa for Jakarta stop/BKK stop. Stay tuned ,waktu itu aku pernah nazar dan disaksikan sama teman kuu kalau aku berhasil menetap dan kerja di luar negeri aku mau ga tiket konser nah sekalian karena ateez mau tur di asia nnt aku adain ga yaa for jakarta stop bkk stop stay tuned,positif,55.66,positif
Bane Raja Manalu Anggota Komisi VII DPR RI Fraksi PDI Perjuangan menegaskan daya saing produk dalam negeri masih butuh kerja keras. Mulai dari bahan baku teknologi produksi sampai kualitas SDM semuanya harus di-upgrade biar nggak kalah sama produk luar. https://t.co/0na76Uqz3E,bane raja manalu anggota komisi vii dpr ri fraksi pdi perjuangan menegaskan daya saing produk dalam negeri masih butuh kerja keras mulai dari bahan baku teknologi produksi sampai kualitas sdm semuanya harus di upgrade biar tidak kalah sama produk luar,netral,55.66,netral
iya gasalah jg kalau mau liat sedikit2 supaya tetep waras tp tolong jgn tonedeaf bgt apalagi km privilege enough to #kaburajadulu and this isnt about you now tq,iya gasalah juga kalau mau lihat sedikit supaya tetep waras tapi tolong jangan tonedeaf banget apalagi kamu privilege enough to kaburajadulu and this isnt about you now terima kasih,negatif,55.69,negatif
@evaa sihite gimna?,sihite gimna,negatif,55.7,negatif
yes aku kerja di indonesia kek blm kecukupan jadi pgn ke luar negri,yes aku kerja di indonesia seperti belum kecukupan jadi pgn ke luar negri,positif,55.71,positif
Kalau belum bisa #KaburAjaDulu ayo ikut #LawanAjaDulu,kalau belum bisa kaburajadulu ayo ikut lawanajadulu,netral,55.72,netral
@czherub Cuma bisa berharap dapet chance buat ikut trend #KaburAjaDulu,cuma bisa berharap dapat chance buat ikut trend kaburajadulu,netral,55.72,netral
pke duit ka,pke duit kakak,negatif,55.72,negatif
gua di jakartaaa leader gudang gaji 2 jutaaaaa😭😭😭😭,saya di jakartaaa leader gudang gaji jutaaaaa,positif,55.72,positif
bang cara pindah ke jepang bang gimana caranya bang😁😁😁,bang cara pindah ke jepang bang bagaimana caranya bang,negatif,55.74,negatif
@Ahmad Irgi Maulan815 ayo keluar,irgi maulan ayo keluar,negatif,55.75,negatif
@hrdbacot refrensi negara yang #kaburajadulu selain jadi tukang metik apel dan ngerawat lansia maupun kerja-kerja IT an?,refrensi negara yang kaburajadulu selain jadi tukang metik apel dan ngerawat lanjut usia maupun kerja kerja it an,negatif,55.76,negatif
Protes #IndonesiaGelap &amp; gerakan #KaburAjaDulu jadi simbol keresahan publik soal ekonomi &amp; masa depan. Karena kurang tanggapnya pemerintah dalam mengoptimalkan sumber daya manusia yang ada. https://t.co/pEVrC65Q8o,protes indonesiagelap amp gerakan kaburajadulu jadi simbol keresahan publik soal ekonomi amp masa depan karena kurang tanggapnya pemerintah dalam mengoptimalkan sumber daya manusia yang ada,negatif,55.79,negatif
"thats why i study hard, to leave this damn country",thats why i study hard to leave this damn country,negatif,55.81,negatif
@prabowo mengasingkan diri atau #KaburAjaDulu ? (bertanya dengan nada lagu gugur bunga),mengasingkan diri atau kaburajadulu bertanya dengan nada lagu gugur bunga,netral,55.81,netral
silakan pindah bang jangan ditunda tunda,silakan pindah bang jangan ditunda tunda,negatif,55.82,negatif
"Dunia terlalu gonjang ganjing sampe lupa kasih proper congratulation ke @kamal_nic yang udah berhasil #kaburajadulu 
Setidaknya ada satu kabar baik dari sekian banyak kabar buruk yg bikin naik asam lambung 🥹🥹",dunia terlalu gonjang ganjing sampai lupa kasih proper congratulation ke yang sudah berhasil kaburajadulu setidaknya ada satu kabar baik dari sekian banyak kabar buruk yang bikin naik asam lambung,positif,55.84,positif
Yuk siapa yang mau ke Jepang? tapi belum bisa bahasa Jepang Tenang aja ada #BeasiswaKopula dari @les_kopula yang siap bantu kamu belajar bahasa Jepang GRATIS! 🇯🇵 Yuk #KaburAjaDulu kalau gak daftar nanti dikejar Nezuko https://t.co/UKIzy6AjUd,yuk siapa yang mau ke jepang tapi belum bisa bahasa jepang tenang saja ada beasiswakopula dari yang siap bantu kamu belajar bahasa jepang gratis yuk kaburajadulu kalau gak daftar nanti dikejar nezuko,positif,55.85,positif
@meow_leader2 @TxtdariHI Pergi waktu keadaan negara lagi rusuh? Yuk berkenalan dengan pelopor #KaburAjaDulu https://t.co/vtDieaTExD,pergi waktu keadaan negara lagi rusuh yuk berkenalan dengan pelopor kaburajadulu,negatif,55.85,negatif
#KaburAjaDulu Adalah alasan yang tepat untuk saat ini Bukan karena itu tapi karena sekitar kita,kaburajadulu adalah alasan yang tepat untuk saat ini bukan karena itu tapi karena sekitar kita,netral,55.85,netral
@fahrulroziun cocok nih jd konten selanjutnya,cocok ini jadi konten selanjutnya,netral,55.87,netral
cari lpk nya yg udah so/terpecaya....kalo ngga yg terpecaya kita udah bayar uang bnyk tpi ngga berangkt²,cari lpk nya yang sudah so terpecaya kalau tidak yang terpecaya kita sudah bayar uang banyak tapi tidak berangkt²,negatif,55.87,negatif
pak saya kabur bukan berarti tidak nasionalisme tetapi saya sedang menjalankan misi yaitu membuat timnas indo lebih kuat dari sebelumya dengan gen timnas jepang yang di juluki singa asia🔥,pak saya kabur bukan berarti tidak nasionalisme tetapi saya sedang menjalankan misi yaitu membuat timnas indo lebih kuat dari sebelumya dengan gen timnas jepang yang di juluki singa asia,positif,55.88,positif
DISKUSI SMA SAPA DPRNYA WFH DPR #KaburAjaDulu DISKUSI SMA KUNTILANAK POCONG SETEMPAT?,diskusi sama sapa dprnya wfh dpr kaburajadulu diskusi sama kuntilanak pocong setempat,netral,55.89,netral
lawak kau dek dek cobain merantau aja dlu kalo uda kuat baru ke luar negeri haha,lawak kamu adik adik cobain merantau saja dulu kalau uda kuat baru ke luar negeri tertawa,negatif,55.91,negatif
Saat rakyat demo pemerintah? Malah WFH bahkan ada yang melakukan kunjungan kerja ke luar negeri. Disaat semua kacau balau yang menjadi pemimpin negara ini dimana? Kadang mikir salahku pilihanku? Kayaknya sesalahnya pilihanku gak pernah seburuk ini sih.,saat rakyat demo pemerintah bahkan wfh bahkan ada yang melakukan kunjungan kerja ke luar negeri disaat semua kacau balau yang menjadi pemimpin negara ini dimana kadang mikir salahku pilihanku kayaknya sesalahnya pilihanku gak pernah seburuk ini sih,positif,55.91,positif
@riertycake Dia kan udh #kaburajadulu wa Via idol,dia kan udh kaburajadulu wa via idol,negatif,55.93,negatif
"ntr bang, 3 taun lagi. masi smp soalny",ntr bang tahun lagi masi smp soalny,negatif,55.94,negatif
@SLYTHERlNSS inilah simulasi #KaburAjaDulu terimakasii cassiee luvvv,inilah simulasi kaburajadulu terimakasii cassiee luvvv,netral,55.97,netral
"pengen cepet² lulus sekolah , biar bisa #kaburajadulu",pengen cepet² lulus sekolah biar bisa kaburajadulu,negatif,56.01,negatif
"setuju banget, suami mulai 2009 sdh kabur duluan cari penghasilan yg lebih layak & pantas",setuju banget suami mulai sdh kabur duluan cari penghasilan yang lebih layak pantas,negatif,56.01,negatif
semoga 2 atau 3th kedepan sudah bekerja di RS Arab ya Allah,semoga atau th kedepan sudah bekerja di rs arab iya allah,netral,56.03,netral
"kaloo aku shia, saraleo, Khun, phom, phi, nong baruuu sedikit jugaaa plccc😭",kaloo aku shia saraleo khun phom phi nong baruuu sedikit jugaaa plccc,netral,56.03,netral
"skrg minim buat jd krywn pnddikan s1, gliran dh srjana kepentok sm umur yg max 25 pdhl lulus s1 plg cpt 22-23, blm lg klh sm TB, dtmbh cr yg msh muda tp pnglaman lbh dr 3 thn ya mana ad bgtu,🙂",skrg minim buat jadi krywn pnddikan s gliran dh srjana kepentok sm umur yang max pdhl lulus s paling cpt belum lagi klh sm tb dtmbh cr yang masih muda tapi pnglaman lbh dr tahun iya mana ada bgtu,negatif,56.04,negatif
Kerja d cikarang masuknya bayar bang 4.5jt itu tahun 2018 sekarang sampe 9jt bayarnya😅😅😅,kerja di cikarang masuknya bayar bang jt itu tahun sekarang sampai jt bayarnya,negatif,56.05,negatif
@4nan 🐈 yuk lah,yuk lah,positif,56.08,positif
"maaf tapi kenyataannya negara tidak pernah ikut andil dalam usaha kita mencari pekerjaan,tetapi ketika hari gajian tiba,negara adalah yg pertama yg menikmati hasil jerih paya kita",maaf tapi kenyataannya negara tidak pernah ikut andil dalam usaha kita mencari pekerjaan tetapi ketika hari gajian tiba negara adalah yang pertama yang menikmati hasil jerih paya kita,negatif,56.08,negatif
kadang bukan nya mau mematahkan semangat para guru honorer tapi jujur asal bhs inggris kalian cukup baik dan kesehatan jg baik mending kerja ke luar negeri. dgn bermacam2 sektor pekerjaan gaji yg bisa kalian dapatkan tiap bulan nya tuh bener2 jauh lebih layak,kadang bukan nya mau mematahkan semangat para guru honorer tapi jujur asal bhs inggris kalian cukup baik dan kesehatan juga baik lebih baik kerja ke luar negeri dengan bermacam sektor pekerjaan gaji yang bisa kalian dapatkan tiap bulan nya tuh benar jauh lebih layak,positif,56.09,positif
@Edjelweis memang harus kerja di luar negeri keanya deh #kaburajadulu,memang harus kerja di luar negeri keanya deh kaburajadulu,negatif,56.1,negatif
"masih bisa Holliday, udah bisa sewa tmpat tggl, bisa makan juga, di indo bisa buat mkn doang, jgnkan nabung kebutuhan aja ada yg sampe ga kebeli",masih bisa holliday sudah bisa sewa tmpat tggl bisa makan juga di indo bisa buat mkn doang jangankan nabung kebutuhan saja ada yang sampai ga kebeli,positif,56.13,positif
@kang___L Ga usah percaya kalo ada yg bilang Tolong bantu pemerintah dengan melaporkan ke aparat apabila ditemukan tindakan korupsi Identitas anda akan aman .,ga perlu percaya kalau ada yang bilang tolong bantu pemerintah dengan melaporkan ke aparat apabila ditemukan tindakan korupsi identitas anda akan aman,negatif,56.16,negatif
maaf ya indognesia satu-satunya negara yang boleh #KaburAjaDulu,maaf iya indognesia satu satunya negara yang boleh kaburajadulu,netral,56.17,netral
Meanwhile rakyatnya rame #infoloker sama #kaburajadulu https://t.co/fUozBnpnX3,meanwhile rakyatnya ramai infoloker sama kaburajadulu,positif,56.21,positif
🤣🤣🤣diajak masuk Islam lah kk,diajak masuk islam lah kakak,negatif,56.22,negatif
gue pgn nikah aja pgn mengabdi hidup untuk melayani suami gue nanti trs nemenin mami di rumah suami gue kerja di luar negeri,saya pgn nikah saja pgn mengabdi hidup untuk melayani suami saya nanti terus nemenin mami di rumah suami saya kerja di luar negeri,positif,56.22,positif
@TejoWidjoyo @crocodilss Jadi bener ya bunda mimi belajar di UT. Gitu kok banyak yg bilang gak level uang sebanyak itu harusnya luar negeri dll. Selain undermine UT mreka ga sadar klo mimi kan kerja gabisa kuliah fulltime. Justru UT enak online semua.,jadi benar iya bunda mimi belajar di ut gitu kok banyak yang bilang gak level uang sebanyak itu harusnya luar negeri dan lain-lain selain undermine ut mreka ga sadar kalau mimi kan kerja gabisa kuliah fulltime justru ut enak online semua,positif,56.24,positif
@abcdkyeom_ ANJAII KEREN BANGETT KAMUU! ITU BERAPA BAHASA JEPANGG?? kalo kata aku sii kmu #kaburajadulu ke jepangg,anjaii keren bangett kamuu itu berapa bahasa jepangg kalau kata aku sii kmu kaburajadulu ke jepangg,positif,56.25,positif
Gw dapet advice dari hakim: Andai saya semuda kamu saya bakal ikut #kaburajadulu. ,saya dapat advice dari hakim andai saya semuda kamu saya bakal ikut kaburajadulu,negatif,56.26,negatif
bismillah nyusulll,bismillah nyusulll,positif,56.26,positif
Allahumma sholli ala sayyidina Muhammad 💖,allahumma sholli ala sayyidina muhammad,positif,56.26,positif
Asal muasal trend #KaburAjaDulu,asal muasal trend kaburajadulu,negatif,56.27,negatif
"kerja di Indonesia harus punya orang dalem, punya semua elemen, ketua mapia, gengster, ketua osis, ketua partai, bisa silat sama karate, bisa berubah jadi naga, duyung dan berubah jadi peri",kerja di indonesia harus punya orang dalem punya semua elemen ketua mapia gengster ketua osis ketua partai bisa silat sama karate bisa berubah jadi naga duyung dan berubah jadi peri,negatif,56.27,negatif
"Di Ethiopia 
Gaji dosen 2 juta 
Gaji dokter bedah 4 juta rupiah 
#kaburajadulu",di ethiopia gaji dosen juta gaji dokter bedah juta rupiah kaburajadulu,netral,56.27,netral
@prabowo The inisiator of #KaburAjaDulu Ternyata pak prabs sendiri. Hhaaha cc @Gerindra,the inisiator of kaburajadulu ternyata pak prabs sendiri hhaaha cc,netral,56.27,netral
Di luar negeri rakyat nuntut hasil kinerja para pejabatnya. Di negara kita tuh bahkan nuntut empati doang aja pejabatnya gak bisa. Terlalu bare minimum kagak asbun atau bikin statement konyol juga gak bisa ini rakyatnya kagak nuntut hasil kerja loh saking hopelessnya,di luar negeri rakyat nuntut hasil kinerja para pejabatnya di negara kita tuh bahkan nuntut empati doang saja pejabatnya gak bisa terlalu bare minimum tidak asal bunyi atau bikin statement konyol juga gak bisa ini rakyatnya tidak nuntut hasil kerja loh saking hopelessnya,negatif,56.28,negatif
kmna? Jepang?,kmna jepang,positif,56.28,positif
gue akan selalu percaya setiap kebijakan pemerintah yg keluar dr omongannya prabowo tuh 100% asbun tanpa ada riset yg jelas mulai dr makan siang gratis penanaman kelapa sawit dll menurut gue dia jg ga nyangka asbunnya bakal ngimpact segede itu dan diseriusin sm orang2,saya akan selalu percaya setiap kebijakan pemerintah yang keluar dr omongannya prabowo tuh asal bunyi tanpa ada riset yang jelas mulai dr makan siang gratis penanaman kelapa sawit dan lain-lain menurut saya dia juga ga nyangka asbunnya bakal ngimpact segede itu dan diseriusin sm orang,negatif,56.29,negatif
WKWKW LU MAU BERTAHAN? 😂,wkwkw kamu mau bertahan,negatif,56.29,negatif
Wakakaak the real #KaburAjaDulu,wakakaak the real kaburajadulu,negatif,56.29,negatif
1 ipk mau naikkk meskipun nihil 2 lolos magang bakti bca 3 bisa kerja ke luar negeri Bissmillah aja dulu,ipk mau naikkk meskipun nihil lolos magang bakti bca bisa kerja ke luar negeri bissmillah saja dulu,negatif,56.29,negatif
itu kan dia bilang belum beli kak 😅,itu kan dia bilang belum beli kak,netral,56.29,netral
gue kerja di gaji 800k perbulan cuman modal ijazah SMK jurusan teknik komputer dan jaringan njiirr dan sekarang gue nganggur karna di keluarin tanpa sebab dan gak ada salah apapun dan gue waktu kerja sering bekerja dibawah tekanan tiap hari 😅🤣 cape njiirrr sumpah,saya kerja di gaji ke perbulan cuman modal ijazah smk jurusan teknik komputer dan jaringan njiirr dan sekarang saya tidak punya pekerjaan karena di keluarin tanpa sebab dan gak ada salah apapun dan saya waktu kerja sering bekerja dibawah tekanan tiap hari capek njiirrr sumpah,negatif,56.29,negatif
"NAHHH, selalu diminta cinta negara, tp apakah negara juga cinta sama rakyatnya😂",nahhh selalu diminta cinta negara tapi apakah negara juga cinta sama rakyatnya,negatif,56.3,negatif
"Bhahahha
indonesia emang suliit",bhahahha indonesia emang suliit,positif,56.31,positif
jadi kang bengkel ml paling ngenes yg aku baca wkwk mana ke ln modal #kaburajadulu https://t.co/dlJxKKvuAe,jadi kang bengkel ml paling ngenes yang aku baca wkwk mana ke ln modal kaburajadulu,negatif,56.32,negatif
ambil jurusan apa btw,ambil jurusan apa ngomong-ngomong,negatif,56.33,negatif
wkwkwkwkwk ngomongin nasionalisme??,wkwkwkwkwk membicarakan nasionalisme,netral,56.35,netral
@centrooid Yuk #KaburAjaDulu piy,yuk kaburajadulu piy,negatif,56.36,negatif
suatu saat nanti🤲,suatu saat nanti,positif,56.36,positif
pgn kerja ke luar negeri tapi kenapa kondisi finansial gw minus mulai punya uang pas kerja dan itu juga pas pasan tapii hrs ttp optimis mungkin bisa dari remote work dulu ,pgn kerja ke luar negeri tapi kenapa kondisi finansial saya minus mulai punya uang pas kerja dan itu juga pas pasan tapii harus ttp optimis mungkin bisa dari remote work dulu,positif,56.37,positif
pengen kabur juga tapi mama ayah adek harus ikut,pengen kabur juga tapi mama ayah adek harus ikut,negatif,56.38,negatif
dpt apa dr nasionalisme Bahlil😂,dapat apa dr nasionalisme bahlil,netral,56.38,netral
Mungkin Bapaknya Jo itu tim #KaburAjaDulu jalur memperbaiki keturunan via balkan.,mungkin bapaknya jo itu tim kaburajadulu jalur memperbaiki keturunan via balkan,netral,56.39,netral
Kalau aku berhasil memanifestasikan VT ini aku bakalan kesini lagi,kalau aku berhasil memanifestasikan vt ini aku akan kesini lagi,netral,56.4,netral
smlm baru liat wajib petarung😭😭,smlm baru lihat wajib petarung,netral,56.4,netral
gw malah nanya ke ortu gua kenapa gak ke luar negri trus brojolin gua disana🗿,saya bahkan bertanya ke orang tua saya kenapa gak ke luar negri trus brojolin saya disana,netral,56.4,netral
"aku mau kerja di LN mau, di Indo preeettttt",aku mau kerja di ln mau di indo preeettttt,netral,56.4,netral
@snowflakemlet @DivHumas_Polri wkwk jd inget bbrpa waktu lalu fakultasku ada kerja sama pertukaran dosen dgn dosen luar negeri. nah waktu itu si dosen luar itu nanyain contoh profesi apa yg didasari pd kemanusiaan &amp; menolong/melindungi masyarakat? pd jwb pemadam kebakaran gada satupun yg jwb polisi ,wkwk jadi inget bbrpa waktu lalu fakultasku ada kerja sama pertukaran dosen dengan dosen luar negeri nah waktu itu si dosen luar itu nanyain contoh profesi apa yang didasari pada kemanusiaan amp menolong melindungi masyarakat pada jawab pemadam kebakaran gada satupun yang jawab polisi,negatif,56.43,negatif
Dari Rockhampton Queensland saya melihat sendiri bagaimana banyak teman Indonesia Working Holiday Visa mengadu nasib #KaburAjaDulu. Apa itu WHV kenapa favorit apa syaratnya bagaimana caranya menuju penduduk tetap Australia? Klik link videonya di bawah. Yang pasti hubungi https://t.co/wHLFDe6gyD,dari rockhampton queensland saya melihat sendiri bagaimana banyak teman indonesia working holiday visa mengadu nasib kaburajadulu apa itu whv kenapa favorit apa syaratnya bagaimana caranya menuju penduduk tetap australia klik link videonya di bawah yang pasti hubungi,netral,56.43,netral
enak bet keknya hidup di negara orang.jadi ngiri,enak banget kayaknya hidup di negara orang jadi iri,negatif,56.44,negatif
@wonderlandye nah ini make sense juga aplg mamabi sering ke luar negeri dan bkn tipe org yg suka basa basi kan? trs juga si dani sibuk kerja makanya itu gapernah ketemu karena jarang/gapernh dateng.,nah ini make sense juga aplg mamabi sering ke luar negeri dan bukan tipe org yang suka basa basi kan terus juga si dani sibuk kerja makanya itu gapernah ketemu karena jarang gapernh dateng,positif,56.46,positif
ikut bg 😁,ikut abang,positif,56.47,positif
Ternyata #kaburajadulu keduluan dipraktekin sahroni sama eko patrio,ternyata kaburajadulu keduluan dipraktekin sahroni sama eko patrio,negatif,56.47,negatif
"Logikanya mmg maknanya beda kak, cek kbbi aja coba",logikanya mmg maknanya beda kak cek kbbi saja coba,netral,56.48,netral
Diplomasi Indonesia NKRI Makin DIAKUI GLOBAL Basarnas Kerja Sama Tim SAR Danantara Dengan Gaya Politik Busuk HIDUP BLONDE Gaya Tinggi Banyak Saku Kredit Hutang Negara &amp; Negeri #TAEHYUN #kaburajadulu #TangkapEdiHermanto #Happy27thSKYDay,diplomasi indonesia nkri makin diakui global basarnas kerja sama tim sar danantara dengan gaya politik busuk hidup blonde gaya tinggi banyak saku kredit hutang negara amp negeri taehyun kaburajadulu tangkapedihermanto happythskyday,netral,56.49,netral
@hrdbacot Udah masuk range itu tapi so far belum ada tekad bulat untuk #kaburajadulu sih tapi kalo ada kesempatan kerja di Middle East GoM Africa atau bahkan North Sea ya pasti diambil. Dapet penghasilan ekspat tapi tinggal di Indonesia sih yg dikejar dulu untuk short termnya.,sudah masuk range itu tapi so far belum ada tekad bulat untuk kaburajadulu sih tapi kalau ada kesempatan kerja di middle east gom africa atau bahkan north sea iya pasti diambil dapat penghasilan ekspat tapi tinggal di indonesia sih yang dikejar dulu untuk short termnya,negatif,56.49,negatif
dulu gue diremehin sama salah satu HR di perusahaan outsourch karena punya mimpi kerja di luar negeri. sekarang gue dah kerja di luar negeri dan sekarang kerja jadi Hr juga di perusahaan yang sama si HR wkwkwkw bales dendam terbaik emang,dulu saya diremehin sama salah satu hari di perusahaan outsourch karena punya mimpi kerja di luar negeri sekarang saya deh kerja di luar negeri dan sekarang kerja jadi hari juga di perusahaan yang sama si hari wkwkwkw balas dendam terbaik emang,positif,56.49,positif
bner bang,bner bang,negatif,56.5,negatif
"bukan soal pilih2, org dalam juga perlu🤪",bukan soal pilih org dalam juga perlu,netral,56.5,netral
mungkin bisaa kaaa tpi kapann-kapann lhh,mungkin bisaa kaaa tapi kapann kapann lhh,netral,56.51,netral
"izin bertanya ka, kalo mau keluar negeri, bawa duit minimal berapa, nah pas udah sampe negara tujuan yang kita tuju, hal pertama apa yang kita lakukan dan caranya bertahan di negara tersebut bagaimana?",izin bertanya kakak kalau mau keluar negeri bawa duit minimal berapa nah pas sudah sampai negara tujuan yang kita tuju hal pertama apa yang kita lakukan dan caranya bertahan di negara tersebut bagaimana,negatif,56.53,negatif
@shinee5_l @ditya_sd @arifin34533 @0pp4_lee ...krn itu-lah pasti dana ipen dire-invest. Yg dipake buat bayar pensiun (75% gaji) ya hasil investasinya. Skema pay as you go itu kebijakan yg diambil Pemerintah krn 'percaya' Taspen bs mengelola dana pensiun dgn baik. Tp nyatanya ga begitu. Taspen sering 'gagal'.,karena itu lah pasti dana ipen dire invest yang dipake buat bayar pensiun gaji iya hasil investasinya skema pay as you go itu kebijakan yang diambil pemerintah karena percaya taspen bisa mengelola dana pensiun dengan baik tapi nyatanya ga begitu taspen sering gagal,negatif,56.58,negatif
Yang #Kaburajadulu ke Malayasia terutama KL minta review plus minusnya dong ,yang kaburajadulu ke malayasia terutama kalau minta review plus minusnya dong,negatif,56.59,negatif
"itu namanya rekening koran kak, kalau penjamin ada gak butuh sih tp kalau gak ya itu uang sebenarnya buat jaga2 aja",itu namanya rekening koran kak kalau penjamin ada gak butuh sih tapi kalau gak iya itu uang sebenarnya buat jaga saja,negatif,56.59,negatif
"Harus mulai dari mana sih aku bingung pliss, tujuan awal pengen stay di Singapura / korea / Thailand , tapi bingun harus mulai dari mna 😭😭",harus mulai dari mana sih aku bingung pliss tujuan awal pengen stay di singapura korea thailand tapi bingun harus mulai dari mna,negatif,56.59,negatif
"bahasa uda bisa, tinggal nabung",bahasa uda bisa tinggal nabung,positif,56.6,positif
pengen pindah negara ke Kanada #yangpentingpindahajadulu,pengen pindah negara ke kanada yangpentingpindahajadulu,netral,56.6,netral
@dam_mp Hehehehe tips dong kak dapet visa dan #kaburajadulu ,hehehehe tips dong kak dapat visa dan kaburajadulu,netral,56.61,netral
ya ngapain lu hitung ama tempat kerja yg biaya makan nya gak di cover perusahaan banyak kok pekerjaan di cover ama perusahaan bahkan sama tempat tinggal juga ada.,iya sedang apa kamu hitung sama tempat kerja yang biaya makan nya gak di cover perusahaan banyak kok pekerjaan di cover sama perusahaan bahkan sama tempat tinggal juga ada,netral,56.62,netral
@WagimanDeep212_ Si Karding biar cari kerja di luar negeri.,si karding biar cari kerja di luar negeri,negatif,56.62,negatif
Info gan,informasi juragan,netral,56.62,netral
"Ya ga ppa ,dari pada istri krja cowo ga krja kaya orang indo🤣selagi sibuk krja its ok🤣🤣",iya ga ppa dari pada istri krja cowo ga krja kaya orang indoselagi sibuk krja its ok,positif,56.62,positif
tunggu Gw lulus bang,tunggu saya lulus bang,netral,56.62,netral
td aku cerita ke tmn ku... enak ya klo jdi karyawan tinggal di jkt keknya tiket pesawat ke luar negeri lbh murah .. truss tmn ku bilang kerja di jkt karyawan gaji berpa? umr? .-. ya bukan umr juga klo umr mah kurang :(,tadi aku cerita ke tmn ku enak iya kalau jadi karyawan tinggal di jakarta kayaknya tiket pesawat ke luar negeri lbh murah truss tmn ku bilang kerja di jakarta karyawan gaji berpa umr iya bukan umr juga kalau umr mah kurang,negatif,56.63,negatif
kalo ikut UTBK lagi juga gua gapunya banyak waktu luang buat belajar segala galanya terus juga gua ga terlalu yakin bakal bisa masuk ptn yang gw mau (ui) udhlah balik ke plan utama gw aja yaitu #kaburajadulu ️,kalau ikut utbk lagi juga saya gapunya banyak waktu luang buat belajar segala galanya terus juga saya ga terlalu yakin bakal bisa masuk ptn yang saya mau ui udhlah balik ke plan utama saya saja yaitu kaburajadulu,negatif,56.64,negatif
@haloOCTA @ekraf_ri @jumbofilm_id Mungkin saking seringnya pemerintah riding the wave jadi ya maklumlah masih ada yg ga percaya kalo ini beneran ada kontribusi pemerintah.,mungkin saking seringnya pemerintah riding the wave jadi iya maklumlah masih ada yang ga percaya kalau ini beneran ada kontribusi pemerintah,positif,56.66,positif
gantengnya si paling #KaburAjaDulu,gantengnya si paling kaburajadulu,positif,56.66,positif
mbarev pulang ga😭🫵🏻,mbarev pulang ga,netral,56.7,netral
gw yakin nih lembaga² bahasa pasti rame 😅,saya yakin ini lembaga² bahasa pasti ramai,positif,56.71,positif
tunggu aku 2 tahun lagi bang!!!,tunggu aku tahun lagi bang,positif,56.72,positif
berarti hastagnya ganti dari #kaburajadulu jadi #bebannegarakabur,berarti hastagnya ganti dari kaburajadulu jadi bebannegarakabur,negatif,56.72,negatif
"Makanya aku blg ke suami kalau kamu udah kaya raya gpp, tp klau blm jgn mimpi 🤣",makanya aku bilang ke suami kalau kamu sudah kaya raya tidak apa-apa tapi klau belum jangan mimpi,negatif,56.73,negatif
kayaknya gue tu harus kerja di luar negeri deh,kayaknya saya tu harus kerja di luar negeri deh,negatif,56.73,negatif
"ingat harus bisa menguasai elemen angin, api,tanah.😂",ingat harus bisa menguasai elemen angin api tanah,netral,56.74,netral
mengalahkan Akatsuki 😭😭😭,mengalahkan akatsuki,positif,56.74,positif
kalo masih di indo sih pengennya indoor aja tapi kalo nanti udah #kaburajadulu maunya outdoor hehe,kalau masih di indo sih pengennya indoor saja tapi kalau nanti sudah kaburajadulu maunya outdoor he,positif,56.77,positif
"#kaburajadulu
setuju",kaburajadulu setuju,positif,56.78,positif
"pesan gue buat kalian yg mau kerja di luar negri, utamakan attitude dan menghargai budaya negara tersebut y,jgn bawa sifat jelek kalian ke sana kasihan tar di cap hama, sekian terimakasih🙏",pesan saya buat kalian yang mau kerja di luar negri utamakan attitude dan menghargai budaya negara tersebut ya jangan bawa sifat jelek kalian ke sana kasihan nanti di cap hama sekian terimakasih,negatif,56.79,negatif
Sometime kita lupa luar biasanya kerja sama itu adalah peninggalan berharga kami. Mari praktikkan dalam aktivitas keseharian untuk pelihara negeri dan capai kesejahteraan bersama. Bersatu Jaga Negeri https://t.co/yrBqMdTmLT,sometime kita lupa luar biasanya kerja sama itu adalah peninggalan berharga kami mari praktikkan dalam aktivitas keseharian untuk pelihara negeri dan capai kesejahteraan bersama bersatu jaga negeri,positif,56.79,positif
save dulu nanti bikin ginian,save dulu nanti bikin ginian,negatif,56.82,negatif
intinya pake duit 😂,intinya pakai duit,negatif,56.82,negatif
@sapphicsfess kerja di jkt masa ga bisa dapet gaji umr? aku ga pernah tertarik kerja di luar negeri harus jauh dari teman dan keluarga. kalo bisa cari support system good for you but not everyone is like that.,kerja di jakarta masa ga bisa dapat gaji umr aku ga pernah tertarik kerja di luar negeri harus jauh dari teman dan keluarga kalau bisa cari support system good for you but not everyone is like that,negatif,56.82,negatif
"pdhal pilihan yg lain udh ngomongin program kerja yg berkaitan dgn ini loh, slh satunya pembatasan umur tp kalian malah milih oke gas oke gas, ya gaskeun aja smuanya",pdhal pilihan yang lain udh membicarakan program kerja yang berkaitan dengan ini loh slh satunya pembatasan umur tapi kalian bahkan milih oke gas oke gas iya gaskeun saja smuanya,negatif,56.83,negatif
kaya saya juga bakal nyusul,kaya saya juga bakal nyusul,positif,56.83,positif
😔kapan ya?,kapan iya,netral,56.84,netral
18 jt ya janjinya,jt iya janjinya,netral,56.85,netral
bersaing di konoha? monggo lu aja silahkan😂,bersaing di konoha monggo kamu saja silahkan,negatif,56.85,negatif
soalnya gede pengen keluar negrii 😁😁,soalnya gede pengen keluar negrii,negatif,56.85,negatif
gw beneran pengen bgt realisasi #kaburajadulu pls gw mau banget exchange ke luar negeri gw mau banget sekolah disana gw mau kerja disana,saya beneran pengen banget realisasi kaburajadulu pls saya mau banget exchange ke luar negeri saya mau banget sekolah disana saya mau kerja disana,positif,56.86,positif
I have achieved my dream and now its your turn. However I still have another dream that I have'nt reach it. Bermimpilah setinggi mungkin Jadikan langit seperti kanvas putih Yg kita hiasi dengan mimpi² kita Dan gapailah satu persatu #kaburajadulu https://t.co/77eCeAHeNx,i have achieved my dream and now its your turn however i masih have another dream that i have nt reach it bermimpilah setinggi mungkin jadikan langit seperti kanvas putih yang kita hiasi dengan mimpi² kita dan gapailah satu persatu kaburajadulu,netral,56.86,netral
@Teguh Suwandi @Rizalmuk,suwandi,netral,56.87,netral
plis kudu kabur kemana yang modal otw nga ga mahal mahal banget,"plis harus kabur kemana yang modal on the way, sedang di jalan nga ga mahal mahal banget",negatif,56.89,negatif
yaampun sama pula kadang kerja itu kadang sedih kadang berusaha kuat heh,yaampun sama pula kadang kerja itu kadang sedih kadang berusaha kuat heh,positif,56.92,positif
Claim the energy ✨,claim the energy,positif,56.92,positif
pgn bgtti kehalang dana dan bahasa 🥺,pgn bgtti kehalang dana dan bahasa,netral,56.93,netral
bener bangt ka salam pmi korea,benar bangt kakak salam pmi korea,netral,56.93,netral
Halo Sobat Mido! Jangan mudah tergiur dengan janji manis ya! Penyalur kerja non-prosedural = Rawan TPPO! Ingat ya kerja ke luar negeri itu boleh tapi harus lewat jalur AMAN &amp; RESMI Demi keamanan dan masa depanmu yang lebih baik https://t.co/GURRbtVFrM,halo sobat mido jangan mudah tergiur dengan janji manis iya penyalur kerja non prosedural rawan tppo ingat iya kerja ke luar negeri itu boleh tapi harus lewat jalur aman amp resmi demi keamanan dan masa depanmu yang lebih baik,positif,56.94,positif
KAK BALIK DULU SINI AKU MAU IKUT GAK MAU TINGGAL DI SINI😭😭😭😭,kak balik dulu sini aku mau ikut gak mau tinggal di sini,negatif,56.95,negatif
"daftar kabur ku di 2026
plan 1: jepang
plan 2: Australia
plan 3: Swiss
bismillah",daftar kabur ku di plan jepang plan australia plan swiss bismillah,netral,56.95,netral
"kalau kaya, aku udah ikut trend itu😂bahkan kek bule"" walau sederhana di negaranya di negara kita dia kek org kaya🤣",kalau kaya aku sudah ikut trend itubahkan seperti bule walau sederhana di negaranya di negara kita dia seperti org kaya,positif,56.97,positif
Akwkwkwkw😭,akwkwkwkw,negatif,56.98,negatif
pengen ke jepang aja..,pengen ke jepang saja,positif,56.98,positif
sebab itu knpa akuu mauuu anak ku kuliah di luar negri 😂😂 bukan karna gaya tapiiii biaya nyaaaa busetttt,sebab itu kenapa akuu mauuu anak ku kuliah di luar negri bukan karena gaya tapiiii biaya nyaaaa busetttt,negatif,57.0,negatif
aku ingin merasakan nya juga:),aku ingin merasakan nya juga,positif,57.0,positif
tunggu 2 tahun lagi,tunggu tahun lagi,positif,57.0,positif
@tanyarlfes Cewek gua ngurusin Adekny dri bayi krna bokap nyokapny cere bnr² abis nyokapny lahirin si bontot ini trs abis pemulihan mamany langsung balik kerja lgi yg ngeharusin blio bolak balik luar kota sma luar negeri. Barulah pas cewek gua milih buat SMP di Bandung mamany nyewa nanny,cewek saya ngurusin adekny dari bayi krna ayah nyokapny cere bnr² habis nyokapny lahirin si bontot ini terus habis pemulihan mamany langsung balik kerja lagi yang ngeharusin blio bolak balik luar kota sama luar negeri barulah pas cewek saya milih buat smp di bandung mamany nyewa nanny,netral,57.03,netral
"kalo ada uang nya bisa kok pergi ke luar negeri, tapi ngurus paspor dll susah",kalau ada uang nya bisa kok pergi ke luar negeri tapi mengurus paspor dan lain-lain susah,negatif,57.03,negatif
"pgnn kakk, Smga yaa..",pgnn kakk smga yaa,positif,57.05,positif
Ahahah😂😂,ahahah,positif,57.05,positif
finland.🌨️❄️,finland,netral,57.06,netral
"Tamatan S1 kerja di pemerintahan gaji cuman 2,6😭🙏",tamatan s kerja di pemerintahan gaji cuman,netral,57.06,netral
@txtdrimedia Anjay pelopor #KaburAjaDulu lg unjuk gigi,anjay pelopor kaburajadulu lagi unjuk gigi,netral,57.07,netral
"kasih saran donk, bentar lagi gw lulus SMK😭, klo mau nyari kerja sekarang susah, mau ikut lpk modalnya banyak, kasih saran nya kak🙏",kasih saran donk sebentar lagi saya lulus smk kalau mau mencari kerja sekarang susah mau ikut lpk modalnya banyak kasih saran nya kak,negatif,57.07,negatif
pertahanin trend #kaburajadulu sampe 2028 yaa🔥,pertahanin trend kaburajadulu sampai yaa,positif,57.07,positif
Gatau lah narasi mana yg bener. Udah susah percaya. Yg jelas gmn caranya nih biar LPG balik lg ke pasaran spt biasa. Kalo emang mau dibuat pake agen dr pemerintah ya tempatnya diperbanyak biar mudah belinya apalagi kalo ga ada kendaraan. GWS lah ya negara ini.,gatau lah narasi mana yang benar sudah susah percaya yang jelas gmn caranya ini biar lpg balik lagi ke pasaran seperti biasa kalau emang mau dibuat pakai agen dr pemerintah iya tempatnya diperbanyak biar mudah belinya apalagi kalau ga ada kendaraan cepat sembuh lah iya negara ini,negatif,57.08,negatif
@valiisaa Doi lagi asyik #KaburAjaDulu,doi lagi asyik kaburajadulu,negatif,57.08,negatif
"fakta, bpak gw juga ke jepang pas kerja",fakta bpak saya juga ke jepang pas kerja,netral,57.09,netral
"bahagiaa😭☝🏼 tapi yaaa klau ditanya kesepian yaa pasti ada kalanya kesepian, kadang klau mau curhat susah kan apalgi ortu diindo🥹 tp jujur cobain minimal sekali seumur hidup ke eropa💁🏻‍♂️",bahagiaa tapi yaaa klau ditanya kesepian yaa pasti ada kalanya kesepian kadang klau mau curhat susah kan apalgi orang tua diindo tapi jujur cobain minimal sekali seumur hidup ke eropa,negatif,57.09,negatif
lahir di negara sendiri kerja di negara orang lain,lahir di negara sendiri kerja di negara orang lain,negatif,57.1,negatif
"emg kau bisa bersaing ama org luar?? Jangankan org luar, ama org Indo aja udh ngos²an kau😹😹",emg kamu bisa bersaing sama org luar jangankan org luar sama org indo saja udh ngos²an kamu,negatif,57.12,negatif
swiss ae aku,swiss ae aku,negatif,57.13,negatif
@ThatSun510 @truthspace_ @hanan052020 @wannafigh yang #kaburajadulu via pekerja imigran rata2 dikirim ke pelosok2 kalo yang lagi halan-halan ke Ginza apa lagi ampe makan di resto yg wow belanja di Mall itu mgkn di negara asalnya emang udah SELEB. kalo seperti video mgkn banyak penampakannya di akihabara shinjuku,yang kaburajadulu via pekerja imigran rata dikirim ke pelosok kalau yang lagi halan halan ke ginza apa lagi ampe makan di resto yang wow belanja di mall itu mungkin di negara asalnya emang sudah seleb kalau seperti video mungkin banyak penampakannya di akihabara shinjuku,positif,57.13,positif
"maaf, kurangnya rasa syukur kak🤣🙏",maaf kurangnya rasa syukur kak,positif,57.14,positif
guys kalau masih ada cicilan yang telbay gini trs kita mauuu kerja di luar negeri bisa ga sihh??? huhuhu :(((,teman-teman kalau masih ada cicilan yang telbay gini terus kita mauuu kerja di luar negeri bisa ga sihh huhuhu,netral,57.16,netral
mending dluar negeri kawan.. kl tau caranya??,lebih baik dluar negeri kawan kalau tahu caranya,positif,57.16,positif
generasi silver dulu 🗿🗿,generasi silver dulu,negatif,57.17,negatif
fakta itu,fakta itu,positif,57.18,positif
"temen gua kerja di kapal pesiar. makan dan tempat di tanggung, gaji $980 itu cuman basic salary doang. beda dg side job nya di kapal katanya klu dpt tip dari tamu perminggu bisa lebih dr gaji nya",teman saya kerja di kapal pesiar makan dan tempat di tanggung gaji itu cuman basic salary doang beda dg side job nya di kapal katanya klu dapat tip dari tamu perminggu bisa lebih dr gaji nya,positif,57.18,positif
"ya jangan bayangin mau langsung buka pabrik atau perusahaan kak,,ciptain lapangan kerja minimal untuk diri sendiri dulu,,bisnis kecil2 an,,",iya jangan bayangin mau langsung buka pabrik atau perusahaan kak ciptain lapangan kerja minimal untuk diri sendiri dulu bisnis kecil an,negatif,57.19,negatif
@fallenforwishes Kalau mau kerja di luar negeri apa yang disiapkan dan butuh rencana waktu berapa lama sampai siap kak @fallenforwishes? (nanya serius dengan suara nada pelan),kalau mau kerja di luar negeri apa yang disiapkan dan butuh rencana waktu berapa lama sampai siap kak bertanya serius dengan suara nada pelan,negatif,57.19,negatif
"uang dh ada ilmu dh ada tinggal nunggu waktu
ga sabar plss",uang dh ada ilmu dh ada tinggal nunggu waktu ga sabar plss,negatif,57.2,negatif
Menurut laporan bulanan Januari-Juli 2025 Badan Pelindungan Pekerja Migran Indonesia (BP2MI) negara-negara ini lagi jadi incaran WNI buat kerja di luar negeri! ️ Kalau Jobers dikasih kesempatan kira-kira mau kerja ke negara mana? #WorkAbroad #KerjaLuarNegeri #KaburAjaDulu https://t.co/iaq2LG6jTP,menurut laporan bulanan januari juli badan pelindungan pekerja migran indonesia bpmi negara negara ini lagi jadi incaran wni buat kerja di luar negeri kalau jobers dikasih kesempatan kira kira mau kerja ke negara mana workabroad kerjaluarnegeri kaburajadulu,netral,57.2,netral
Thanks to mas @primawansatrio dan para user X lain yg aktif menyuarakan #KaburAjaDulu Akhirnya setelah mencoba dan gagal berkali-kali dari tahun lalu hari ini dapet offer buat posisi Senior QA Engineer di salah satu startup di Tokyo ,terima kasih to mas dan para user x lain yang aktif menyuarakan kaburajadulu akhirnya setelah mencoba dan gagal berkali kali dari tahun lalu hari ini dapat offer buat posisi senior qa engineer di salah satu startup di tokyo,netral,57.22,netral
ikut kakkkk,ikut kakkkk,netral,57.22,netral
bismillah yaallah tahun depan 🤗,bismillah yaallah tahun depan,netral,57.23,netral
@petitestardust #kaburajadulu udah paling bener,kaburajadulu sudah paling benar,negatif,57.23,negatif
@df_agus @KucengTerbanggg Ye kn ka ..? Kalau nga punya duit boro bahagia .. senyum aja males .. apalagi ketawa ngakak .. Malahan sebagian orang bela in sampai nyari or kerja ke luar negeri demi mendapatkan uang yang banyak .. Happy weekend ka Agus ,ye kan kakak kalau nga punya duit boro bahagia senyum saja males apalagi ketawa tertawa malahan sebagian orang bela in sampai mencari or kerja ke luar negeri demi mendapatkan uang yang banyak bahagia weekend kakak agus,positif,57.25,positif
ikutann🙏,ikutann,positif,57.26,positif
Goodbye Indonesia Negaranya Akan Bubar Oleh Mulyono &amp; Menjadi Pulau Mulyono. Mulyono Akan Menjadi Raja Selamanya. #kaburajadulu,goodbye indonesia negaranya akan bubar oleh mulyono amp menjadi pulau mulyono mulyono akan menjadi raja selamanya kaburajadulu,negatif,57.26,negatif
gaji brp bang?,gaji berapa bang,negatif,57.27,negatif
@Amora Devina 🤣,devina,positif,57.27,positif
kalo bisa bahasa asing+punya skil insyaallah bisa bg,kalau bisa bahasa asing punya skil insyaallah bisa abang,netral,57.29,netral
kalau aku bang lebih baik kerja di luar negeri 🙏🇯🇵✈️,kalau aku bang lebih baik kerja di luar negeri,positif,57.3,positif
Baru nonton weh tau syuting di sini mah aku mau ikutan ih... Kenal bgt itu tempatnya kyk kmaren baru lewat Ini judulnya ngegambarin #kaburajadulu tapi dari jepun memilih jadi WNI kah? ,baru nonton weh tahu syuting di sini mah aku mau ikutan ih kenal banget itu tempatnya seperti kmaren baru lewat ini judulnya ngegambarin kaburajadulu tapi dari jepun memilih jadi wni kah,positif,57.31,positif
Hastag #kaburajadulu beneran dipake sama mereka ternyata,hastag kaburajadulu beneran dipake sama mereka ternyata,netral,57.34,netral
Sekolah dari kecil sampai S1 ga bayar? Di #CeritaAjaDulu Kak Oshi dan kak Mehlizar sharing-sharing soal ini. Tempat mereka #KaburAjaDulu Ceko dari sekolah SD sampai sekolah sarjana semuanya gratis!! Kapan yah kaya gitu juga di kita... https://t.co/sYXiIpduCI,sekolah dari kecil sampai s ga bayar di ceritaajadulu kak oshi dan kak mehlizar sharing sharing soal ini tempat mereka kaburajadulu ceko dari sekolah sd sampai sekolah sarjana semuanya gratis kapan yah kaya gitu juga di kita,negatif,57.36,negatif
#KaburAjaDulu ya pak?,kaburajadulu iya pak,negatif,57.37,negatif
@WagimanDeep212_ @bahlillahadalia Ahhhh sudahlah tidak ada kata yang pas buat pejabat korup di Indonesia #KaburAjaDulu pilihan terbaik untuk keluarga yang harus di perhatikan masa depannya.,ahhhh sudahlah tidak ada kata yang pas buat pejabat korupsi di indonesia kaburajadulu pilihan terbaik untuk keluarga yang harus di perhatikan masa depannya,negatif,57.37,negatif
@Fandiwargreymon gue udah trust issue sama pemimpin sekaligus negeri ini sendiri. so be that as it may ga akan percaya lagi kalau pemerintah convincing their point because they aint no real.,saya sudah trust issue sama pemimpin sekaligus negeri ini sendiri so be that as it may ga akan percaya lagi kalau pemerintah convincing their point because they aint no real,positif,57.38,positif
menyala pikiran dan hati,menyala pikiran dan hati,positif,57.39,positif
ngabangun Indonesia dari zaman Majapahit gak maju² kan kocak🤣,ngabangun indonesia dari zaman majapahit gak maju² kan kocak,positif,57.42,positif
"iya bg 1,5 juta juga 2 digit",iya abang juta juga digit,negatif,57.43,negatif
Termasuk adek gw @bunabunii,termasuk adek saya,positif,57.43,positif
"beberapa tahun lagi gue bakal ikut tender ini,doain yaaa",beberapa tahun lagi saya bakal ikut tender ini doain yaaa,netral,57.44,netral
tadi abis ngobrol sama abang gocar kalo mau kerja mending ke luar negeri gausah disini soalnya susah bgtt kalo udh di LN kerja aja dsna kenapa balik lagi wkwk aku kalo masi diijinin mauuuu livibg abroad forever pp indo egypt,tadi habis ngobrol sama abang gocar kalau mau kerja lebih baik ke luar negeri gausah disini soalnya susah bgtt kalau udh di ln kerja saja dsna kenapa balik lagi wkwk aku kalau masi diijinin mauuuu livibg abroad forever pulang pergi indo egypt,positif,57.45,positif
ikehhh,ikehhh,negatif,57.46,negatif
dari umur 15 naik pswt,dari umur naik pesawat,netral,57.46,netral
masalahnya ada di bahasa,masalahnya ada di bahasa,negatif,57.47,negatif
"hargai yg pergi, hargai yg stay, semua berjuang masing masing",hargai yang pergi hargai yang stay semua berjuang masing masing,positif,57.49,positif
yang merantau dari dulu : 🙏🥰,yang merantau dari dulu,netral,57.5,netral
Nasionalisme akan tumbuh dgn mekar harum sendirinya ketika kebijakan² negara dapat mensejahterakan masyarakat,nasionalisme akan tumbuh dengan mekar harum sendirinya ketika kebijakan² negara dapat mensejahterakan masyarakat,positif,57.5,positif
dan Masi banyak lagi,dan masi banyak lagi,netral,57.5,netral
gmn bg caranya,gmn abang caranya,netral,57.51,netral
"ujian chunin? wkwk, ikut",ujian chunin wkwk ikut,netral,57.51,netral
Mau nyari kartel yg bilang assalamualaikum banh🗿,mau mencari kartel yang bilang assalamualaikum banh,netral,57.53,netral
kak? pengen,kak pengen,netral,57.55,netral
Setuju semuanya harus berbenah 😊,setuju semuanya harus berbenah,negatif,57.55,negatif
Bagaimana kesannya pembunuh dibuat jadi tone positif? Kalau hasilnya keluar aku ga pernah bakalan percaya sama proyek fadli zon yang satu ini. Kalau punya anak cucu nanti pun akan ngajarin mereka sama versi sebelumnya bukan versi pemerintah ala2 sekarang,bagaimana kesannya pembunuh dibuat jadi tone positif kalau hasilnya keluar aku ga pernah akan percaya sama proyek fadli zon yang satu ini kalau punya anak cucu nanti pun akan ngajarin mereka sama versi sebelumnya bukan versi pemerintah ala sekarang,positif,57.56,positif
kalau gitu tolong tunjukkan nasionalisme yang benar dan NYATA seperti apa pak?,kalau gitu tolong tunjukkan nasionalisme yang benar dan nyata seperti apa pak,negatif,57.56,negatif
"aku bakal besarin anak aku nanti di luar negeri, gamau sampe anak aku ngerasain kayak kita sekarang.",aku bakal besarin anak aku nanti di luar negeri gamau sampai anak aku ngerasain kayak kita sekarang,positif,57.58,positif
 Rekomendasi 3 judul auto-ACC + referensi jurnal SINTA &amp; Scopus Weekend &amp; weekdays class cocok buat yang kerja atau sibuk Zoom &amp; WA coaching privat tutor S2 S3 dosen peneliti alumni luar negeri Dukungan mental &amp; motivasi sampai kelar,rekomendasi judul auto accord referensi jurnal sinta amp scopus weekend amp weekdays class cocok buat yang kerja atau sibuk zoom amp wa coaching privat tutor s s dosen peneliti alumni luar negeri dukungan mental amp motivasi sampai kelar,positif,57.58,positif
@idextratime Lumayan guys #KaburAjaDulu disponsori FIFA,lumayan teman-teman kaburajadulu disponsori fifa,netral,57.58,netral
Konyol #NegeriPejabatBajingan #IndonesiaGelap,konyol negeripejabatbajingan indonesiagelap,negatif,57.6,negatif
nasionalisme gw kuat weh tapi gaji gw sekarang gak bisa bawa gw kemasa depan yang nyaman jadi gw pindah dulu untuk hari tua yg lebih menjamin,nasionalisme saya kuat weh tapi gaji saya sekarang gak bisa bawa saya kemasa depan yang nyaman jadi saya pindah dulu untuk hari tua yang lebih menjamin,positif,57.64,positif
"itu pun udah lega banget, klo mau di teken lagi mungkin bisa lebih",itu pun sudah lega banget kalau mau di teken lagi mungkin bisa lebih,negatif,57.66,negatif
The real Indonesia Gelap #IndonesiaNegeriSakit #IndonesiaGelap,the real indonesia gelap indonesianegerisakit indonesiagelap,negatif,57.66,negatif
kek guna aja bang?,seperti guna saja bang,negatif,57.68,negatif
sepanjang Bahlil dan Mulyono belum pakai baju oreng mending gua di luar negeri,sepanjang bahlil dan mulyono belum pakai baju oreng lebih baik saya di luar negeri,negatif,57.69,negatif
"ku selesaikan dulu S1 ku, setelah itu insyaallah #kaburajadulu",ku selesaikan dulu s ku setelah itu insyaallah kaburajadulu,positif,57.72,positif
yang pengen ikut trend tapi ga bis ☝️,yang pengen ikut trend tapi ga bis,netral,57.74,netral
tergantung negara biaya hidup diluar gede dibanding Indonesia pajak nya lebih gede,tergantung negara biaya hidup diluar gede dibanding indonesia pajak nya lebih gede,negatif,57.75,negatif
mkny jngn cpt2 nikah mbk wkwk,mkny jngn cpt nikah mbk wkwk,positif,57.76,positif
@susipudjiastuti @prabowo @KemensetnegRI @setkabgoid @DediMulyadi71 Jangan percaya sama pemerintah bu semua punya agenda pribadi masing-masing ingin punya power buat berkuasa dan korupsi. Ga ada yg beneran cerdas dan punya moral juga integritas tinggi seperti Lee Kuan Yew yg membangun negaranya dengan baik,jangan percaya sama pemerintah bu semua punya agenda pribadi masing masing ingin punya power buat berkuasa dan korupsi ga ada yang beneran cerdas dan punya moral juga integritas tinggi seperti lee kuan yew yang membangun negaranya dengan baik,negatif,57.76,negatif
@WagimanDeep212_ cikal bakal #kaburajadulu,cikal bakal kaburajadulu,negatif,57.78,negatif
cita cita gue tni waktu tk,cita cita saya tni waktu tk,positif,57.79,positif
maaf udah jadi author yang ga guna tapi lebih ga guna pemerintah kok percaya deh sama aku ,maaf sudah jadi author yang ga guna tapi lebih ga guna pemerintah kok percaya deh sama aku,negatif,57.79,negatif
Akhirnya Trent juga ikut tren #KaburAjaDulu,akhirnya trent juga ikut trend kaburajadulu,positif,57.8,positif
@silpiaoww Gapapa sil semua ada masa nya ko. Aku kan juga kayak gini pas udah kerja. Malah aku lulus lebih tua dari kamu lulus nanti. Yang penting sekarang kamu mau konser atau main main masih bisa. Ke luar negeri nanti bisa setelah lulus kuliahh,gapapa sil semua ada masa nya ko aku kan juga kayak gini pas sudah kerja bahkan aku lulus lebih tua dari kamu lulus nanti yang penting sekarang kamu mau konser atau main main masih bisa ke luar negeri nanti bisa setelah lulus kuliahh,positif,57.8,positif
Jual tambang 🤪,jual tambang,netral,57.8,netral
@somexthread Kalau demikian....apakah #kaburajadulu masih berlaku? Sebab proteksi yang KETAT,kalau demikian apakah kaburajadulu masih berlaku sebab proteksi yang ketat,netral,57.81,netral
Aaminn jie,aaminn jie,positif,57.81,positif
me in future 😇,me in future,netral,57.81,netral
"lah???????????? kocak ni orang da sumpah, w ampe speechless",lah kocak ini orang da sumpah w ampe speechless,negatif,57.82,negatif
nah ini bray,nah ini bray,positif,57.82,positif
aku juga pengen loh....tp yah sudahlah,aku juga pengen loh tapi yah sudahlah,negatif,57.82,negatif
ajak gw pliss😭,ajak saya pliss,positif,57.83,positif
aku mau tapi ke china,aku mau tapi ke china,negatif,57.86,negatif
kalo gitu gua berani jalan kaki 20km,kalau gitu saya berani jalan kaki kamu,netral,57.86,netral
Sometime kita-kita melupakan luar biasanya kerja sama itu adalah peninggalan berharga kita. Mari terapkan dalam kehidupan sehari-hari untuk lestarikan negeri dan capai kebahagiaan universal. Bersatu Jaga Negeri https://t.co/oiqx9x2okI,sometime kita kita melupakan luar biasanya kerja sama itu adalah peninggalan berharga kita mari terapkan dalam kehidupan sehari hari untuk lestarikan negeri dan capai kebahagiaan universal bersatu jaga negeri,positif,57.86,positif
"gw klo ada yg ajak kerja ke luar negri gw mau bang.
jujur aja ya kerja di Indonesia sekarang ini kata kerja sama firaun tersiksa. asli dah",saya kalau ada yang ajak kerja ke luar negri saya mau bang jujur saja iya kerja di indonesia sekarang ini kata kerja sama firaun tersiksa asli deh,negatif,57.87,negatif
bunda corla itu udh berumur,bunda corla itu udh berumur,netral,57.88,netral
@bakuldimsum_ @BANGVELL_ Paling masuk akal saya berencana kerja informal di luar negeri,paling masuk akal saya berencana kerja informal di luar negeri,positif,57.88,positif
Gue selalu percaya para bigot ekstrem kanan ini nampak anti-rezim tapi tingkah mereka sama : suka mengopresi dan berasa paling bener. Ga usah teriak pemerintah dzalim klo kaum lo sama aje,saya selalu percaya para bigot ekstrem kanan ini nampak anti rezim tapi tingkah mereka sama suka mengopresi dan berasa paling benar ga perlu teriak pemerintah dzalim kalau kaum kamu sama aje,negatif,57.88,negatif
Inna lillahi 😭,inna lillahi,netral,57.91,netral
"@penyuka loli:syarat trend :
1,punya duit
2,bisa bahasa asing 😹",loli syarat trend punya duit bisa bahasa asing,negatif,57.91,negatif
@ardisatriawan Bagaimana aspirasi masyarakat bisa didengar jika para anggota DPR justru sibuk ke luar negeri https://t.co/8u7BuE1D51,bagaimana aspirasi masyarakat bisa didengar jika para anggota dpr justru sibuk ke luar negeri,netral,57.92,netral
sama oyy lagi di fase ini skrang 🥺😭,sama oyy lagi di fase ini skrang,negatif,57.96,negatif
"kalo ane punya duit banyak, ane bakal pergi ke Brazil nimba ilmu sepak bola disana siapa tau jadi pemain hebat, terus bela timnas indo dapet duit banyak duitnya pake majuin negara indo jadi ga bakal ada lagi tren kayak begini",kalau ane punya duit banyak ane bakal pergi ke brazil nimba ilmu sepak bola disana siapa tahu jadi pemain hebat terus bela timnas indo dapat duit banyak duitnya pakai majuin negara indo jadi ga bakal ada lagi trend kayak begini,positif,57.97,positif
"memang kaya tapi yang kenyang kan tikus"" kak 😂",memang kaya tapi yang kenyang kan tikus kak,negatif,57.99,negatif
Lagi membayangkan dapet kerja remote wfa luar negeri kerja 5-6 jam dg gaji 2 digit trus ngekos di bandung atau malang trus sebulan sekali jalan2 keliling indo (bayangin aja dlu),lagi membayangkan dapat kerja remote wfa luar negeri kerja jam dg gaji digit trus tinggal di kos di bandung atau malang trus sebulan sekali jalan keliling indo bayangin saja dulu,negatif,58.0,negatif
Susah Kerja Di RI Pengusaha Minta Akses Bekerja Ke Luar Negeri Dipermudah #quotes #foryou #fyp https://t.co/D5nclz4TEa,susah kerja di ri pengusaha minta akses bekerja ke luar negeri dipermudah quotes foryou fyp,negatif,58.0,negatif
pentingnya pemimpin berpendidikan tinggi,pentingnya pemimpin berpendidikan tinggi,netral,58.01,netral
@tanyakanrl Mending brand jepang #KaburAjaDulu https://t.co/VUHqsUPJuz,lebih baik brand jepang kaburajadulu,negatif,58.04,negatif
gacorr 🤙,gacorr,negatif,58.06,negatif
@ry kita kapan ya😭🙏,kita kapan iya,netral,58.06,netral
2030 go to swiss🤩,go to swiss,netral,58.06,netral
Presiden Prabowo sedang menghibur elite politik dg cara membully rakyatnya atas fenomena #KaburAjaDulu dan Indonesia gelap. Tiada peduli wibawa menurun asal masih bisa teriak² di podium. _HiduppJokoweighhhh https://t.co/M1zKMgdCIK,presiden prabowo sedang menghibur elite politik dg cara membully rakyatnya atas fenomena kaburajadulu dan indonesia gelap tiada peduli wibawa menurun asal masih bisa teriak² di podium _hiduppjokoweighhhh,negatif,58.07,negatif
smgt kak,smgt kak,positif,58.07,positif
@tanyarlfes Mending pas kerja ke luar negeri aja nder,lebih baik pas kerja ke luar negeri saja nder,negatif,58.07,negatif
kapan gw bisa kuliah ya?biar bisa #kaburajadulu,kapan saya bisa kuliah iya biar bisa kaburajadulu,netral,58.07,netral
lulus kuliah otw jepang #AminAjaDulu,"lulus kuliah on the way, sedang di jalan jepang aminajadulu",positif,58.08,positif
kamu kerja dimana kak ?,kamu kerja dimana kak,netral,58.09,netral
Vadel km dicari nikmir tuh malah yapping,vadel kamu dicari nikmir tuh bahkan yapping,netral,58.09,netral
iy btl bgt KK suami sy kerja g UMR pdhl krja di porsir,iy btl banget kakak suami saya kerja g umr pdhl krja di porsir,negatif,58.09,negatif
alhamdulillah ucup udah bisa hiragana,alhamdulillah ucup sudah bisa hiragana,netral,58.09,netral
@fallenforwishes Makasiih kak! Wkwkw. Akhirnya bisa ikut pake tagar #KaburAjaDulu ,makasiih kak wkwkw akhirnya bisa ikut pakai tagar kaburajadulu,netral,58.1,netral
tunggumi kuoake ini sound tahun depan🙏,tunggumi kuoake ini sound tahun depan,positif,58.11,positif
kalo kerja harus pengalaman bg kalo ga pengalaman ga akan keterima 😂,kalau kerja harus pengalaman abang kalau ga pengalaman ga akan keterima,negatif,58.12,negatif
Anak wajib tulis harapan di sekolah. Mau sekolah di Malaysia #KaburAjaDulu sejak dini insya Allah nak insya Allah ,anak wajib tulis harapan di sekolah mau sekolah di malaysia kaburajadulu sejak dini insya allah nak insya allah,positif,58.12,positif
bisa tapi belum lancar banget,bisa tapi belum lancar banget,negatif,58.13,negatif
"banyak utk keluarga nya ga si bukan utk org lain , dsni kan kalau kerja minimal ada org dalam😭😭😭",banyak untuk keluarga nya ga si bukan untuk org lain dsni kan kalau kerja minimal ada org dalam,netral,58.14,netral
"kalau ada temen Deket atau kluarga lewat mereka aja sih kak lebih aman, kalau ada instansi yg terpercaya boleh lewat sana",kalau ada teman deket atau keluarga lewat mereka saja sih kak lebih aman kalau ada instansi yang terpercaya boleh lewat sana,netral,58.15,netral
cara nya gimana bang,cara nya bagaimana bang,netral,58.17,netral
Rantaulah sejauh yang kalian mampu dan bawa budaya + di negeri rantau kalian kembali ke bumi dimana kalian dilahirkan suatu saat nanti jika dimungkinkan. 🔥,rantaulah sejauh yang kalian mampu dan bawa budaya di negeri rantau kalian kembali ke bumi dimana kalian dilahirkan suatu saat nanti jika dimungkinkan,positif,58.21,positif
manifest di taun 2026/2027 bisa ikutan #kaburajadulu,manifest di tahun bisa ikutan kaburajadulu,netral,58.23,netral
Aku ga akan pernah cape edukasi temanku yg selalu bilang aku golput aja. Siapapun yg kepilih tetap aja hidupku ga bakalan berubah Aku tau dia mungkin dah ga percaya lg sm pemerintah. TP KLO ADA YG BEGINI HOPELESS. PLIS EDUKASI BAIK BIAR MEREKA NGERTI GOLPUT GA NGERUBAH APAPUN,aku ga akan pernah capek edukasi temanku yang selalu bilang aku golongan putih saja siapapun yang kepilih tetap saja hidupku ga akan berubah aku tahu dia mungkin deh ga percaya lagi sm pemerintah tapi kalau ada yang begini hopeless plis edukasi baik biar mereka mengerti golongan putih ga ngerubah apapun,positif,58.24,positif
Itu surat penyetaraan ijazah S1 karena kuliahnya di luar negeri. Semua yg kuliah S1-S3 di luar negeri bisa menyetarakan ijazahnya tapi ya nggak wajib. Biasanya buat daftar PNS atau kerja yg mensyaratkan. Aku juga punya punya surat ginian.,itu surat penyetaraan ijazah s karena kuliahnya di luar negeri semua yang kuliah s s di luar negeri bisa menyetarakan ijazahnya tapi iya tidak wajib biasanya buat daftar pns atau kerja yang mensyaratkan aku juga punya punya surat ginian,negatif,58.26,negatif
"bener banget kalau plan nya cuma di indo aja kayaknya makin ga beres jadi lebih baik merantau dulu ke negara orang demi kehidupan yang lebih baik dari sekarang, doain ya aku juga mau kabur hihihi😭",benar banget kalau plan nya cuma di indo saja kayaknya makin ga beres jadi lebih baik merantau dulu ke negara orang demi kehidupan yang lebih baik dari sekarang doain iya aku juga mau kabur hihihi,negatif,58.26,negatif
@OposisiCerdas 𝙎𝙖𝙝𝙧𝙤𝙣𝙞 ternyata ikutin jejak #KaburAjaDulu akhirnya sudah jatuh tertimpa tangga lalu digigit ular kobra,𝙎𝙖𝙝𝙧𝙤𝙣𝙞 ternyata ikutin jejak kaburajadulu akhirnya sudah jatuh tertimpa tangga lalu digigit ular kobra,negatif,58.26,negatif
"biasanya itu ditanggung majikan, jadi hampir bersih....",biasanya itu ditanggung majikan jadi hampir bersih,positif,58.26,positif
dah lah #kaburajadulu. banyak temen2 yang berhasil kabur aja dulu recently. yuk semangat yang masih proses!,deh lah kaburajadulu banyak teman yang berhasil kabur saja dulu recently yuk semangat yang masih proses,negatif,58.28,negatif
"persis sm tmn gw. nyari kja g dpt2. akhirnya kja di arab saudi. kja di sana 2 tahun. bs nabung, beli swag dan bangun rumah. begitu tabungan byk. lgsg balik ke Indonesia.",persis sm tmn saya mencari kja g dapat akhirnya kja di arab saudi kja di sana tahun bisa nabung beli swag dan bangun rumah begitu tabungan banyak langsung balik ke indonesia,positif,58.29,positif
@Anno Gading,gading,netral,58.31,netral
"tapi, jika orang² di luar sana bertanya darimana negara asal ku, demi Tanah air ku, aku akan terus menyebutkan negara ku, Indonesia. menyebarkan kebaikan dan wawasan atas nama diriku dan Indonesia",tapi jika orang² di luar sana bertanya darimana negara asal ku demi tanah air ku aku akan terus menyebutkan negara ku indonesia menyebarkan kebaikan dan wawasan atas nama diriku dan indonesia,positif,58.31,positif
@RayzizC @tempodotco Dg teknologi Blockchain bisa dibuat E-government melalui direct democracy dan Rakyat berhubungan dan mengontrol langsung kinerja Pemerintah tanpa wakil dan lembaga wakil Rakyat. Teknologi ini juga mencegah Korupsi dan penyalah gunaan wewenang. Ga percaya tanya Grok ChatGPT dll.,dg teknologi blockchain bisa dibuat e government melalui direct democracy dan rakyat berhubungan dan mengontrol langsung kinerja pemerintah tanpa wakil dan lembaga wakil rakyat teknologi ini juga mencegah korupsi dan penyalah gunaan wewenang ga percaya tanya grok chatgpt dan lain-lain,positif,58.33,positif
kbur dulu khusus puny duit🗿,kbur dulu khusus puny duit,negatif,58.33,negatif
Nahhh ini yg paling beber☺️☺️☺️,nahhh ini yang paling beber,positif,58.34,positif
oke gas,oke gas,positif,58.35,positif
yang intinya gak menetap ya b aja,yang intinya gak menetap iya b saja,negatif,58.36,negatif
mau banget ikut trend ini tp sayang nya umr aku masih 16😭,mau banget ikut trend ini tapi sayang nya umr aku masih,netral,58.36,netral
@NakulaArju25261 @efraimsthoughts mending loe mikirin nasib loe. beliau punya kemampuan yg bahkan kerja di luar negeri dengan gaji lebih tinggi drpada jadi menteri beliau pun bisa.,lebih baik kamu mikirin nasib kamu beliau punya kemampuan yang bahkan kerja di luar negeri dengan gaji lebih tinggi drpada jadi menteri beliau pun bisa,negatif,58.39,negatif
#KaburAjaDulu finally udah sampe CNA. https://t.co/KlzP4Ih7v7,kaburajadulu finally sudah sampai cna,netral,58.4,netral
#kejepang aja dulu,kejepang saja dulu,negatif,58.42,negatif
udh lah ayo ke jepang aja😹,udh lah ayo ke jepang saja,netral,58.44,netral
Iya barusan liat2 😭😭bnyk bgt,iya barusan lihat banyak banget,positif,58.46,positif
cita cita gua aja ganti bang yang tadi nya dari kecil pengen jadi polisi sekarang ga dulu deh mending kerja di jepangg,cita cita saya saja ganti bang yang tadi nya dari kecil pengen jadi polisi sekarang ga dulu deh lebih baik kerja di jepangg,positif,58.48,positif
ini mentri kaga bisa kerja titipan mulyono ya ges ya🤣🤣,ini mentri tidak bisa kerja titipan mulyono iya ges iya,netral,58.48,netral
Gaasssssssss,gaasssssssss,negatif,58.5,negatif
Jir mana akun studio animasinya ternyata isinya bapak bapak boomer kebelet ngejabat (kelihatannya) gayanya itu loh... berlebihan membanggakan diri sendiri sangat bergengsi ngobrol sama pemerintah terkait prospek.. orang dari luar negeri kerja sama kita hebat cringed sm,anjing mana akun studio animasinya ternyata isinya bapak bapak boomer kebelet ngejabat kelihatannya gayanya itu loh berlebihan membanggakan diri sendiri sangat bergengsi ngobrol sama pemerintah terkait prospek orang dari luar negeri kerja sama kita hebat cringed sm,positif,58.5,positif
kursus plg bisa bang.yg bantuin masak aku 4.bln di lkp lgs BS terbang ke Taiwan bearti klo niat bisa jg ya.4bln bisa jg ya ngomong BHS Taiwan,kursus paling bisa bang yang bantuin masak aku bulan di lkp lgs bisa terbang ke taiwan bearti kalau niat bisa juga iya bulan bisa juga iya bicara bhs taiwan,positif,58.5,positif
punya sharinggan🗿🗿🗿🗿🗿,punya sharinggan,positif,58.5,positif
kerja serius gaji bercanda,kerja serius gaji bercanda,positif,58.5,positif
kemerdekaan hanya untuk para pejabat rakyat tetap di jajah😅,kemerdekaan hanya untuk para pejabat rakyat tetap di jajah,negatif,58.5,negatif
@xavierapieres ga tau dh masi percaya lgi apa ga ma Instansi pemerintah satu ini,ga tahu dh masi percaya lagi apa ga ma instansi pemerintah satu ini,positif,58.51,positif
klo tinggal selamanya di negara lain berapa harganya sih?,kalau tinggal selamanya di negara lain berapa harganya sih,netral,58.55,netral
@ElvinaNara Bantuan luar negeri adalah langkah cerdas Presiden Prabowo buat ciptain ekosistem kawasan yang stabil dan penuh peluang kerja sama,bantuan luar negeri adalah langkah cerdas presiden prabowo buat ciptain ekosistem kawasan yang stabil dan penuh peluang kerja sama,positif,58.55,positif
"memang kak kalo Kaka kerja di hari Minggu aja dapet gajinya dobel di hari itu, soalnya pada umumnya semua org libur di hari minggu",memang kak kalau kakak kerja di hari minggu saja dapat gajinya dobel di hari itu soalnya pada umumnya semua org libur di hari minggu,negatif,58.55,negatif
we literally had #KaburAjaDulu on trending ngapain lu ke mari? ,we literally had kaburajadulu on trend sedang apa kamu ke mari,negatif,58.55,negatif
gg bang kuliah dulu terus kejar whv🔥,gg bang kuliah dulu terus kejar whv,negatif,58.56,negatif
"kawal terus
#kaburajadulu",kawal terus kaburajadulu,negatif,58.56,negatif
Aq udh 3th di Malaysia jd tkut mau pulang ke indonesia,saya udh th di malaysia jadi tkut mau pulang ke indonesia,negatif,58.58,negatif
@🐾 ayu naj kita pindahh,ayu naj kita pindahh,negatif,58.59,negatif
#kaburajadulu tapi kabur ke mana ? Belajar bersyukur lah punya tanah air yuk bisa yuk,kaburajadulu tapi kabur ke mana belajar bersyukur lah punya tanah air yuk bisa yuk,negatif,58.6,negatif
"saya krj di arab 2thn di taiwan 14thn sampai sekarang masih stay,krj plng ternyaman di taiwan mau di tingal Eman",saya krj di arab tahun di taiwan tahun sampai sekarang masih stay krj plng ternyaman di taiwan mau di tingal eman,negatif,58.6,negatif
@tanyakanrl Hidup di jaman sekarang dan siap-siap mau #KaburAjaDulu,hidup di jaman sekarang dan siap siap mau kaburajadulu,positif,58.62,positif
"Jangan #KaburAjaDulu!
Karier cerah menantimu di Cimory! 

💼 BUSINESS DEVELOPMENT PROGRAM (BDP)

Program eksklusif untuk kamu yang ingin berkembang, belajar langsung dari profesional, dan jadi bagian dari brand ternama di Indonesia! 🇮🇩

📲 Daftar sekarang: https://t.co/dQi1gOc75S https://t.co/2y92z6MssJ",jangan kaburajadulu karier cerah menantimu di cimory business development program bdp program eksklusif untuk kamu yang ingin berkembang belajar langsung dari profesional dan jadi bagian dari brand ternama di indonesia daftar sekarang,netral,58.62,netral
"ha tu baik pergi keluar la. Aku ckp yg ada dokumen lengkap je, bukan yg gitu² tu. penambah b20 je",tertawa tu baik pergi keluar lah aku cakep yang ada dokumen lengkap je bukan yang gitu² tu penambah b je,negatif,58.65,negatif
"iya ka, maksud aku kalo mau dapet kerjaan yg bagus minimal S1 gitu",iya kakak maksud aku kalau mau dapat kerjaan yang bagus minimal s gitu,netral,58.65,netral
Ternyata benar ya orang Indonesia itu crab mentality. Padahal kan beliau pelopor pertama #KaburAjaDulu setelah 98,ternyata benar iya orang indonesia itu crab mentality padahal kan beliau pelopor pertama kaburajadulu setelah,negatif,58.69,negatif
terus kenapa bapak TDK meragukan nasionalisme para k0rup. aku punya banyak uang mau pindah jugalah pak.,terus kenapa bapak tidak meragukan nasionalisme para krup aku punya banyak uang mau pindah jugalah pak,positif,58.69,positif
wish i could do that,wish i could do that,netral,58.7,netral
ingfo mas,ingfo mas,netral,58.71,netral
"up up up
#kaburajadulu
#diindogadaharapan",up up up kaburajadulu diindogadaharapan,netral,58.71,netral
emyu untuk 270 jT org jirr 😹😹,emyu untuk jt org jirr,negatif,58.74,negatif
@Jkongseong WKWK INI DIA REKAN MEJA SEBELAH GUE. Besok kalo rendernya ngulang lagi dari nol kita tinggalin buat golf padel pulang tidur terus balik ngantor lagi aja yuk? Alias #kaburajadulu. Ketagihan ngga bro waktu nonton film itu?,wkwk ini dia rekan meja sebelah saya besok kalau rendernya ngulang lagi dari nol kita tinggalin buat golf padel pulang tidur terus balik ngantor lagi saja yuk alias kaburajadulu ketagihan tidak saudara laki-laki waktu nonton film itu,negatif,58.76,negatif
it saddens me the fact that orang Indo jadi ga percaya dengan kompetensi dokter dalam negeri. padahal alasan dibalik kenapa dokter ga sanggup ya karena ada aturan pemerintah sistem asuransi/bpjs dan aturan tidak tertulis lainnya yang harus diiyain.,it saddens me the fact that orang indo jadi ga percaya dengan kompetensi dokter dalam negeri padahal alasan dibalik kenapa dokter ga sanggup iya karena ada aturan pemerintah sistem asuransi bpjs dan aturan tidak tertulis lainnya yang harus diiyain,negatif,58.76,negatif
what you do for your country?? nothing???,what you do for your country nothing,netral,58.77,netral
@baseconvo Sejak ikut #kaburajadulu sama mas suami I basically only have him tapi gpp I m honestly happy karena he s like an all in one package. Dikenalin sih ke istri temen temennya tapi tetep aja I can t really get close,sejak ikut kaburajadulu sama mas suami i basically only have him tapi tidak apa-apa i m honestly bahagia karena he s like an all in one package dikenalin sih ke istri teman temennya tapi tetep saja i belum t really get close,positif,58.77,positif
Kucingnya ikut tren #KaburAjaDulu,kucingnya ikut trend kaburajadulu,positif,58.77,positif
@yoyen Kalau bisa meras uang pajak rakyat emang bisa sejauh itu #KaburAjaDulu nya. Bahkan sampai nyewa hotel di Paris. Wow,kalau bisa meras uang pajak rakyat emang bisa sejauh itu kaburajadulu nya bahkan sampai nyewa hotel di paris wow,negatif,58.78,negatif
@learnuri Saat ini sih DPR kak kalau engga ya #KaburAjaDulu ,saat ini sih dpr kak kalau engga iya kaburajadulu,negatif,58.79,negatif
tpp skali demi kemanusiaan yg ADIL dan beradab😌,tpp skali demi kemanusiaan yang adil dan beradab,netral,58.79,netral
@hemoonali @grok Pemerintah bikin Danantara bukan karena ga percaya pasar modal tapi buat strategi investasi yang dukung prioritas negara kayak pertumbuhan ekonomi 8%. Danantara sebagai sovereign wealth fund kerja bareng pasar modal bukan gantiin. Tapi ada kontroversi soal tata kelola,pemerintah bikin danantara bukan karena ga percaya pasar modal tapi buat strategi investasi yang dukung prioritas negara kayak pertumbuhan ekonomi danantara sebagai sovereign wealth fund kerja bareng pasar modal bukan gantiin tapi ada kontroversi soal tata kelola,netral,58.79,netral
@salam4jari Setidaknya kalo mau copot investor asing kembalikan dulu kepercayaan rakyat u/ kembali ke produk pemerintah benahi produknya sampai bner² bisa bersaing sama produk swasta untung² bisa mengungguli. Rakyat tu ga sebodoh itu kalo kualitasnya memang baik rakyat bisa percaya lagi,setidaknya kalau mau copot investor asing kembalikan dulu kepercayaan rakyat kamu kembali ke produk pemerintah benahi produknya sampai bner² bisa bersaing sama produk swasta untung² bisa mengungguli rakyat tu ga sebodoh itu kalau kualitasnya memang baik rakyat bisa percaya lagi,negatif,58.79,negatif
"mo gasssss jo, mar nnti klo jdi wanita kaya dlusss🤣😭",mau gasssss jo mar nnti kalau jadi wanita kaya dlusss,positif,58.81,positif
@BarcaaInside jika barca menang dan juara la liga maka aku akan makin ambis belajar buat #kaburajadulu,jika barca menang dan juara lah liga maka aku akan makin ambis belajar buat kaburajadulu,negatif,58.81,negatif
menurut loe solusinya gmn suhu,menurut kamu solusinya gmn suhu,netral,58.82,netral
Sometime kita lupa luar biasanya kerja sama itu adalah warisan luhur kita. Mari implementasikan dalam kehidupan sehari-hari untuk jaga negeri dan realisasikan kemakmuran kolektif. Bersatu Jaga Negeri https://t.co/Tpeb3lnnoO,sometime kita lupa luar biasanya kerja sama itu adalah warisan luhur kita mari implementasikan dalam kehidupan sehari hari untuk jaga negeri dan realisasikan kemakmuran kolektif bersatu jaga negeri,positif,58.83,positif
Dalam Nama Yesus 2025 #kaburajadulu😇,dalam nama yesus kaburajadulu,netral,58.84,netral
@N4N60R14N Udh gue bilang akan ada macem2 gini. Untung ga milih itu setidaknya gue hanya menikmati kebijakan yg ga gue pengen krna gue ga percaya pemerintah jd udh jaga2 dulyan. Sehat2 para pencari rejeki dn pendidikan.,udh saya bilang akan ada macam gini untung ga milih itu setidaknya saya hanya menikmati kebijakan yang ga saya pengen krna saya ga percaya pemerintah jadi udh jaga dulyan sehat para pencari rezeki dn pendidikan,negatif,58.84,negatif
First time ditinggal kerja ke luar negeri selama seminggu rasanya kek beda aja gitu pas ditinggal wfh ke Bandung ,first time ditinggal kerja ke luar negeri selama seminggu rasanya seperti beda saja gitu pas ditinggal wfh ke bandung,negatif,58.84,negatif
gaji di papua berapa ya🤔,gaji di papua berapa iya,netral,58.84,netral
@tirta_cipeng Memang dok koen motivasi bagi orang-orang apa-apa flexing dikit-dikit coli dikit-dikit ngencuk makin banyak civil society kaya anda. Makin maju Indonesia setelah #kaburajadulu / 1 periode ini.,memang dok koen motivasi bagi orang orang apa apa flexing dikit dikit coli dikit dikit ngencuk makin banyak civil society kaya anda makin maju indonesia setelah kaburajadulu periode ini,positif,58.85,positif
@russeverst Huhuhu iya kakk makasihhh let's go #kaburajadulu,huhuhu iya kakk makasihhh let s go kaburajadulu,positif,58.85,positif
Cari kerjaan di Konoha kaya persyaratan jdi model🗿,cari kerjaan di konoha kaya persyaratan jadi model,netral,58.86,netral
saking bahagianya sampe pas mahasiswa itu udah kerja di luar negeri dan diundang pulang sbg alumni buat sharing session pengalaman itu yang dia ceritain ke para mahasiswa juniornya ((nyokap sendiri saat itu malah udah lupa)),saking bahagianya sampai pas mahasiswa itu sudah kerja di luar negeri dan diundang pulang sbg alumni buat sharing session pengalaman itu yang dia ceritain ke para mahasiswa juniornya ibu sendiri saat itu bahkan sudah lupa,positif,58.86,positif
 Kita semua sudah paham seluruh fraksi di DPR telah sepakat tunjangan perumahan dihapus termasuk tunjangan lain yang masih dalam proses. Moratorium kunjungan kerja ke luar negeri juga sudah diberlakukan sampai batas waktu yang belum ditentukan tegas Andre.,kita semua sudah paham seluruh fraksi di dpr telah sepakat tunjangan perumahan dihapus termasuk tunjangan lain yang masih dalam proses moratorium kunjungan kerja ke luar negeri juga sudah diberlakukan sampai batas waktu yang belum ditentukan tegas andre,netral,58.88,netral
yaudah bay ya kalau benar terjadi,ya sudah bay iya kalau benar terjadi,negatif,58.88,negatif
Benar2 cermatlah dalam penyelidikan/penyidikan-mu atas Proyek #KeretaCepatWhoosh @KPK_RI ! ‍️️ Cc: @puanmaharani_ri @DPR_RI @prabowo @AgusYudhoyono @KemenkoInfra @Yusrilihza_Mhd @kumham_imipas #BerantasKorupsiKolusiNepotisme #IndonesiaGelap #IndonesiaCemas2045 #Indonesia #NKRI,benar cermatlah dalam penyelidikan penyidikan mu atas proyek keretacepatwhoosh cc berantaskorupsikolusinepotisme indonesiagelap indonesiacemas indonesia nkri,netral,58.91,netral
@ueda_yoga @ARSIPAJA kan udah paling bener #KaburAjaDulu yuk,kan sudah paling benar kaburajadulu yuk,netral,58.92,netral
"lagian juga sebenernya ga perlu buat gaji gede ampe 2 digit karena kebutuhan orang relatif, yang penting perusahaan mau manusiawi aja buat nunjang hak pekerjanya, lu liat loker sekarang udah nuntut banyak dapet benefitnya dikit",lagian juga sebenernya ga perlu buat gaji gede ampe digit karena kebutuhan orang relatif yang penting perusahaan mau manusiawi saja buat nunjang hak pekerjanya kamu lihat loker sekarang sudah nuntut banyak dapat benefitnya dikit,positif,58.92,positif
yah gmn pak disini pajak kita buat Aniani,yah gmn pak disini pajak kita buat aniani,negatif,58.92,negatif
hal yang bikin pengen banget #kaburajadulu tapi masih berat juga,hal yang bikin pengen banget kaburajadulu tapi masih berat juga,negatif,58.93,negatif
"iya bang, ditunggu kepindahannya yaa. lumayan mengurangi saingan😁. btw... emang ada biaya buat pindah😂?",iya bang ditunggu kepindahannya yaa lumayan mengurangi saingan ngomong-ngomong emang ada biaya buat pindah,netral,58.93,netral
"3 hal yang harus klian pelajari dulu sebwlum ke luar negri
-harus bisa b.ingris
-punya duit
-punya skil dan menetap di sana dan pulang klo sudah kaya😎",hal yang harus kalian pelajari dulu sebwlum ke luar negri harus bisa b ingris punya duit punya skil dan menetap di sana dan pulang kalau sudah kaya,negatif,58.93,negatif
Kembali ke Senopati setelah 2 minggu di Amsterdam kaya pulang dr negara miskin ke negara maju. Jam 7 pagi mau sarapan tinggal nyebrang jalan. Di Amsterdam cari yg buka jam 8 sj susah hrs jalan +/-15 menit. Omeletnya lbh jelek dan harganya 4x lipat Ga jadi #kaburajadulu dah :)) https://t.co/sM6vHttiwp,kembali ke senopati setelah minggu di amsterdam kaya pulang dr negara miskin ke negara maju jam pagi mau sarapan tinggal nyebrang jalan di amsterdam cari yang buka jam saja susah harus jalan menit omeletnya lbh jelek dan harganya x lipat ga jadi kaburajadulu deh,negatif,58.93,negatif
Syarat : goodlooking🤭,syarat goodlooking,positif,58.96,positif
kerja apa adanya ngumpulin modal kalo dh cukup serah lu mau cari yg lebih besar,kerja apa adanya ngumpulin modal kalau dh cukup serah kamu mau cari yang lebih besar,negatif,58.96,negatif
Bahlil:bahan lilin😹,bahlil bahan lilin,negatif,58.97,negatif
Documentary CNA soal Indonesia s Brain Drain aka #kaburajadulu: yg diwawancara kebanyakan kerja di Thailand bukan di SG xixixi https://t.co/SjdEwcie0k https://t.co/PvzjGxhHMZ,documentary cna soal indonesia s brain drain dikenal juga sebagai kaburajadulu yang diwawancara kebanyakan kerja di thailand bukan di sg tertawa,netral,58.97,netral
@polisiolahraga yang ngomong masalahnya yang gak cabut cabut ya gue juga pengen cabut mah tapi kan gak gampang. plan nya jg harus jelas kiranya hidup di luar negeri udah pasti indah apa yak? ikutan LPK gakuat sama budaya/etos kerja disana nangis 2 minggu kemudian pulang.,yang bicara masalahnya yang gak pergi pergi iya saya juga pengen pergi mah tapi kan gak gampang plan nya juga harus jelas kiranya hidup di luar negeri sudah pasti indah apa yak ikutan lpk gakuat sama budaya etos kerja disana menangis minggu kemudian pulang,negatif,58.98,negatif
@AirinDatangLagi Ini terispirasi dari #KaburAjaDulu ,ini terispirasi dari kaburajadulu,positif,58.99,positif
"sekarang: #kaburajadulu
dulu: #dirumahaja",sekarang kaburajadulu dulu dirumahaja,negatif,59.0,negatif
gimana sekarang kak? nggak panik kah dengan situasi global kayak gini?😭,bagaimana sekarang kak tidak panik kah dengan situasi global kayak gini,negatif,59.0,negatif
"me be like : maaf Pak saya butuh makan, bukan ngasih makan bapak",me be like maaf pak saya butuh makan bukan memberikan makan bapak,netral,59.0,netral
Sometime kita terlupa luar biasanya kerja sama itu adalah peninggalan berharga kita. Mari implementasikan dalam rutinitas harian untuk lestarikan bangsa dan capai kemakmuran kolektif. Bersatu Jaga Negeri https://t.co/j0qcxYFE2R,sometime kita terlupa luar biasanya kerja sama itu adalah peninggalan berharga kita mari implementasikan dalam rutinitas harian untuk lestarikan bangsa dan capai kemakmuran kolektif bersatu jaga negeri,positif,59.01,positif
Yuk #kaburajadulu ke New York terus tinggal di apartemen kayak gini...,yuk kaburajadulu ke new york terus tinggal di apartemen kayak gini,netral,59.05,netral
calo juga jadi penyebab susah nya masuk kerja,makelar juga jadi penyebab susah nya masuk kerja,negatif,59.05,negatif
"iya bg cuman bisa tutup lubang, gali lubang",iya abang cuman bisa tutup lubang gali lubang,negatif,59.07,negatif
ya Allah spt biasa (berdoa kerja di luar negeri),iya allah seperti biasa berdoa kerja di luar negeri,positif,59.07,positif
Gw mw ke Jepang aja lh,saya now watching ke jepang saja lh,negatif,59.08,negatif
"enak . bukan bersyukur ya, disini gaji kecil, banyak syarat pula😭😭",enak bukan bersyukur iya disini gaji kecil banyak syarat pula,negatif,59.08,negatif
gua niatnya 2027 mau ke Jepang bg di Konoha ini Gua GK ada maju²nya jangnkan mau ngumpul buat makan aja pas²an bg🙏,saya niatnya mau ke jepang abang di konoha ini saya gk ada maju²nya jangnkan mau berkumpul buat makan saja pas²an abang,negatif,59.09,negatif
ett udh hampir 4ribu orng indonesia ke luar kerja dan menetap di sana cuyy.,ett udh hampir ribu orng indonesia ke luar kerja dan menetap di sana cuyy,negatif,59.1,negatif
yauda kalo enak bersyukur. gd masalah dimana,yauda kalau enak bersyukur gd masalah dimana,negatif,59.12,negatif
Gue umur 22 udah kaga bisa kerja di mana mana anj minimal harus duit dua digit🥰,saya umur sudah tidak bisa kerja di mana mana anj minimal harus duit dua digit,netral,59.13,netral
#usaha aja dulu,usaha saja dulu,negatif,59.13,negatif
Kerja atau dikerjain wkwk,kerja atau dikerjain wkwk,netral,59.16,netral
ayooooo aku ikut jugaaa yaaa,ayooooo aku ikut jugaaa yaaa,netral,59.16,netral
@Hojungl @1 Ayo aja gue mah tapi ini kalo ada bienen yang baca langsung gue setor nama pembuatnya ya? Karena tim #KaburAjaDulu ,ayo saja saya mah tapi ini kalau ada bienen yang baca langsung saya setor nama pembuatnya iya karena tim kaburajadulu,netral,59.17,netral
#KaburAjaDulu tar balik² bikin partai nasionalis,kaburajadulu nanti balik² bikin partai nasionalis,negatif,59.17,negatif
Info loker by biar bisa #kaburajadulu gapapa jd kang mandiin hamster u juga @jennierubyjane,informasi loker by biar bisa kaburajadulu gapapa jadi kang mandiin hamster kamu juga,negatif,59.19,negatif
"dr sekian banyak trend, trend ini yg paling pgn ak join dr kecil🥹",dr sekian banyak trend trend ini yang paling pgn saya join dr kecil,positif,59.2,positif
marilah #kaburajadulu,marilah kaburajadulu,positif,59.21,positif
sbelum fomo dri smp smpe skrng sma juga lagi brusha ngejar buat bisa ke luar 😭,sbelum fomo dari smp smpe skrng sama juga lagi brusha ngejar buat bisa ke luar,netral,59.21,netral
#NKRIHARGAMATI BANGUN NASIONALISME TINGGI UNTUK MENCIPTAKAN RASA PATRIOTISME TERHADAP NEGARA INI,nkrihargamati bangun nasionalisme tinggi untuk menciptakan rasa patriotisme terhadap negara ini,positif,59.23,positif
@RomeoWalker19 Definisi #KaburAjaDulu yg sesungguhnya https://t.co/ImpI8wAFxq,definisi kaburajadulu yang sesungguhnya,netral,59.23,netral
di tik tak jg BS belajar BHS inggris mah gratis LG.,di tik tidak juga bisa belajar bhs inggris mah gratis lagi,negatif,59.25,negatif
mau kak👍🙏😫,mau kak,netral,59.26,netral
"klo aku bisa mengulang waktu, pengen kerja di luar negri, tinggal disana🥰",kalau aku bisa mengulang waktu pengen kerja di luar negri tinggal disana,netral,59.26,netral
bersaing sama gaji bawah umr luar ?,bersaing sama gaji bawah umr luar,negatif,59.26,negatif
"Tak segampang itu kelihatan nya, kita harus punya uang yang puluhan mau pun ratusan juta buat bertahan hidup di sana dan transportasi untuk keliling🙏😭",tidak segampang itu kelihatan nya kita harus punya uang yang puluhan mau pun ratusan juta buat bertahan hidup di sana dan transportasi untuk keliling,negatif,59.26,negatif
Emang. Lagi mikirin visa mau ke Aussie 😭😭,emang lagi mikirin visa mau ke aussie,netral,59.27,netral
I'm the next,i m the lanjut,netral,59.27,netral
yah jelas lebih gede karena kurs dollar aja yang berapa,yah jelas lebih gede karena kurs dollar saja yang berapa,negatif,59.28,negatif
emas dari mas Gibran 😭🤣,emas dari mas gibran,netral,59.3,netral
"yukk,,,ke jepang",yukk ke jepang,positif,59.3,positif
"bismillah ya Allah, pengen kerja ke Singapura kalau engga Australia 😭🤲",bismillah iya allah pengen kerja ke singapura kalau engga australia,netral,59.3,netral
#TOLAKRUUTNI,tolakruutni,negatif,59.3,negatif
"ajakin gw plis keluar negri,gak tahan dsni bnyk persyaratan nya😭😭",ajakin saya plis keluar negri gak tahan dsni banyak persyaratan nya,negatif,59.3,negatif
"tinggu aku, insyaallah next years",tinggu aku insyaallah lanjut years,positif,59.37,positif
"Buat saya Negara adalah ""Perusahaan Jasa""
Negara menyediakan segala regulasi dan apa yang dibutuhkan agar konsumennya(masyarakat) bisa betah dan konsumen membayar negara dengan pajak,jadi jika Manajemen negara tidak sebaik negara sebelah yahh tidak ada salahnya untuk pindah.",buat saya negara adalah perusahaan jasa negara menyediakan segala regulasi dan apa yang dibutuhkan agar konsumennya masyarakat bisa betah dan konsumen membayar negara dengan pajak jadi jika manajemen negara tidak sebaik negara sebelah yahh tidak ada salahnya untuk pindah,positif,59.38,positif
dan orang2 masih ada yg ga percaya kalo pemilu kmrn dan pemerintah bakal ngaruh ke smua aspek trmasuk hiburan utk diri sendiri,dan orang masih ada yang ga percaya kalau pemilu kemarin dan pemerintah bakal berpengaruh ke smua aspek trmasuk hiburan untuk diri sendiri,negatif,59.39,negatif
ambil banh,ambil banh,negatif,59.4,negatif
@vvotanet Dia udah ga kerja di indo Dia ikut mengikuti hastag #KaburAjaDulu,dia sudah ga kerja di indo dia ikut mengikuti hastag kaburajadulu,netral,59.4,netral
minimal yah itu hrus ada sponsor atau yg membawa ke belanda,minimal yah itu harus ada sponsor atau yang membawa ke belanda,netral,59.4,netral
"yaudah gw tandain komen lu, kalo dah kabur kabarin ye",ya sudah saya tandain komen kamu kalau deh kabur kabarin ye,negatif,59.44,negatif
warung terdekat mas,warung terdekat mas,netral,59.44,netral
daripada bikin ikn mnding bikin pabrik supaya banyak lowongan kerja🤣,daripada bikin ikn mnding bikin pabrik supaya banyak lowongan kerja,netral,59.46,netral
kapan ya pindah bareng keluarga,kapan iya pindah bareng keluarga,netral,59.47,netral
pemerintah😂😹,pemerintah,netral,59.47,netral
yg penting lu punya money🗿,yang penting kamu punya money,netral,59.48,netral
Oh Pantesan Pak iya emank trgantung ada sponsor ndk yg bawa kita ke Amrik baru bsa msk tmn jg bilang gtu,oh pantesan pak iya emank trgantung ada sponsor ndk yang bawa kita ke amrik baru bisa masuk tmn juga bilang gtu,netral,59.49,netral
"sekelas Tengku Firmansyah aja gawe di LN,artis coy😎😁",sekelas tengku firmansyah saja kerja di ln artis coy,negatif,59.51,negatif
Bekasi bang,bekasi bang,negatif,59.52,negatif
@tempodotco Alasan bisa dibuat kan programnya makanan di sekolah...jika libur seharusnya diberi uangnya sja.. #NegeriPejabatBajingan #NegeriParaKiruptor #IndonesiaGelap https://t.co/LroGxEwDMA,alasan bisa dibuat kan programnya makanan di sekolah jika libur seharusnya diberi uangnya sja negeripejabatbajingan negeriparakiruptor indonesiagelap,netral,59.55,netral
See lead🗿🗿,see lead,positif,59.55,positif
silahkan🫴🏻,silahkan,netral,59.57,netral
"Sudah lama gak update. Bagaimana rencana #kaburajadulu?

Apakah masih tech winter di 🇮🇩 ?",sudah lama gak update bagaimana rencana kaburajadulu apakah masih tech winter di,netral,59.59,netral
betul para pejabat jd gak bs malakin lg krna byk yg pindah 😁😁😁,betul para pejabat jadi gak bisa malakin lagi krna banyak yang pindah,positif,59.61,positif
klu gk bsa brsyukur smua tdk akn prnah ckup😂😂,klu gk bisa brsyukur smua tidak akn prnah ckup,positif,59.62,positif
joget ayo gaaas 😅,joget ayo gaaas,negatif,59.62,negatif
mau dong tutorialnya😊,mau dong tutorialnya,netral,59.62,netral
@DianSandiU Mostly kampus swasta di Singapore itu kerja sama sama universitas luar negeri baik dari UK Australia Amerika dan lain-lain. Belajarnya memang di Singapore tapi kurikulum dan ijazahnya langsung dari kampus rekanan. Bahkan beberapa universitas ada yang nerbangin dosennya,mostly kampus swasta di singapore itu kerja sama sama universitas luar negeri baik dari uk australia amerika dan lain lain belajarnya memang di singapore tapi kurikulum dan ijazahnya langsung dari kampus rekanan bahkan beberapa universitas ada yang nerbangin dosennya,positif,59.62,positif
@aimr0d Udah langsung pada #kaburajadulu di hari pertama ,sudah langsung pada kaburajadulu di hari pertama,negatif,59.63,negatif
oh Lampung jg ada lpk toh. untung bs brgkt y bang. tkut banget lwt lpk tp gk kerja2.hbs biaya brp bang?,oh lampung juga ada lpk toh untung bisa brgkt ya bang tkut banget lewat lpk tapi gk kerja hbs biaya berapa bang,negatif,59.64,negatif
@hmjsan @DPR_RI tetot dijemput pesawat ke roma ‍️ #kaburajadulu,tetot dijemput pesawat ke roma kaburajadulu,netral,59.65,netral
🗿entar pemerintah bikin aturan baru orang Indonesia ke luar negeri,entar pemerintah bikin aturan baru orang indonesia ke luar negeri,negatif,59.65,negatif
Jadi inget gerakan #KaburAjaDulu kemarin. Kalo yg dicintai gak membalas balik kita juga bakal mikir untuk terus bertahan yekan? Mencintai harus 2 arah timbal balik. Selalu seperti itu.,jadi inget gerakan kaburajadulu kemarin kalau yang dicintai gak membalas balik kita juga bakal mikir untuk terus bertahan yekan mencintai harus arah timbal balik selalu seperti itu,positif,59.65,positif
"saya welder bang,,caranya gimana bang,supaya bisa kerja di sana🙏",saya welder bang caranya bagaimana bang supaya bisa kerja di sana,netral,59.66,netral
Rakyat jelata ngelamar: 1) Ijazah mesti dilegalisir sama sekolah/kampus. 2) Kalau buat jadi tenaga kerja Indonesia di luar ijazah mesti nambah legalisir notaris sama apostile di ke Kementerian Hukum. 3) Kampus luar negeri buat lanjut S2 malah ada yang minta surat keaslian,rakyat jelata melamar ijazah mesti dilegalisir sama sekolah kampus kalau buat jadi tenaga kerja indonesia di luar ijazah mesti nambah legalisir notaris sama apostile di ke kementerian hukum kampus luar negeri buat lanjut s bahkan ada yang minta surat keaslian,netral,59.66,netral
pengen tapi kehalang duittt😭😭,pengen tapi kehalang duittt,negatif,59.66,negatif
bergaul wibu,bergaul wibu,positif,59.67,positif
terimakasih sudah mewakili bg,terimakasih sudah mewakili abang,positif,59.67,positif
"kerja d indo kudu menguasai element tanah air dan udara, KLO perlu punya ajian rawarontek baru deh ketrima kerja, itupun ga janji bkal dpt gaji yg di atas UMR pas buat makan aja",kerja di indo harus menguasai element tanah air dan udara kalau perlu punya ajian rawarontek baru deh diterima kerja itupun ga janji bkal dapat gaji yang di atas umr pas buat makan saja,positif,59.68,positif
"nasionalisme itu bukan masalah hidup di dalam negeri atau luar negeri, tp sanggup membangun negeri tanpa korupsi.",nasionalisme itu bukan masalah hidup di dalam negeri atau luar negeri tapi sanggup membangun negeri tanpa korupsi,positif,59.68,positif
"generasi emas,emasnya yg d wc",generasi emas emasnya yang di wc,netral,59.75,netral
@oliverrluma rencananya sih hari ini mau #KaburAjaDulu,rencananya sih hari ini mau kaburajadulu,negatif,59.76,negatif
iya lagi bang,iya lagi bang,netral,59.77,netral
satu lagi...harpey muiss 😂😂,satu lagi harpey muiss,positif,59.78,positif
"makanya gua ngak kuliah 😂😂, pergi kemalaysia cari modal, pulang kampung buka usaha, alhamdulilah sekarang udah ada 2 usaha",makanya saya ngak kuliah pergi kemalaysia cari modal pulang kampung buka usaha alhamdulilah sekarang sudah ada usaha,positif,59.78,positif
"2 trend paling relate
1 : #percumalaporpolisi
2: #kaburajadulu",trend paling relate percumalaporpolisi kaburajadulu,negatif,59.78,negatif
dia berbicara nasionalisme 😹,dia berbicara nasionalisme,positif,59.79,positif
iya pak betul pak betul banget komen ini pak iya pak,iya pak betul pak betul banget komen ini pak iya pak,positif,59.81,positif
plis doain biar bisa nyusul gk betah disini,plis doain biar bisa nyusul gk betah disini,positif,59.82,positif
@lantip Mungkin Pak prab nggak tau karena pada saat UU itu akan di sahkan beliau lagi persiapan #KaburAjaDulu ke yordania,mungkin pak prab tidak tahu karena pada saat uu itu akan di sahkan beliau lagi persiapan kaburajadulu ke yordania,netral,59.84,netral
"sedang diusahakan, semoga tahun depan sudah di LN.. 😌
#kaburajadulu",sedang diusahakan semoga tahun depan sudah di ln kaburajadulu,netral,59.85,netral
Tak ada henti2nya hidupku seperti roller coaster. Kemarin happy haha hihi kesana kemari makan enak full senyum no drama. Eeh.. paginya udah bad mood menggalau siang mengsedih kena prank kesel kena marah atasan. Ohmaigat mantap sekali hidupku Mendung #KaburAjaDulu aja gasi https://t.co/ORSAIAP27P,tidak ada hentinya hidupku seperti roller coaster kemarin bahagia tertawa hihi kesana kemari makan enak full senyum no drama eeh paginya sudah bad mood menggalau siang mengsedih kena prank kesel kena marah atasan ohmaigat mantap sekali hidupku mendung kaburajadulu saja gasi,positif,59.85,positif
jadi makin pengen #kaburajadulu dah,jadi makin pengen kaburajadulu deh,positif,59.87,positif
ruang baru dari Kementerian Luar Negeri BEM KM MIPA UNSOED 2025 yang siap bantu kamu melangkah lebih jauh! Di sini kamu bisa dapet akses informasi dan peluang menarik seputar: Volunteer &amp; Pengabdian Masyarakat Pelatihan Workshop &amp; Skill Development Magang &amp; Kerja Praktik,ruang baru dari kementerian luar negeri bem kamu mipa unsoed yang siap bantu kamu melangkah lebih jauh di sini kamu bisa dapat akses informasi dan peluang menarik seputar volunteer amp pengabdian masyarakat pelatihan workshop amp skill development magang amp kerja praktik,netral,59.87,netral
"2028, insyaa Allah pindah ke jepang ya Allah, persetan nasionalisme",insyaa allah pindah ke jepang iya allah persetan nasionalisme,negatif,59.88,negatif
"gua setuju trend ini, andai gua bisa gua jg lebih milih kerja keluar negeri. karena kualifikasi kerja di indo udh ga masuk akal bgt. permintaannya spek dewa tapi gaji dan fasilitas bahkan ga sampe bisa disebut layak🙃",saya setuju trend ini andai saya bisa saya juga lebih milih kerja keluar negeri karena kualifikasi kerja di indo udh ga masuk akal banget permintaannya spek dewa tapi gaji dan fasilitas bahkan ga sampai bisa disebut layak,positif,59.88,positif
guwa kerja bercanda gaji UMR sumatra selatan tapi guwa masih pengen #kaburajadulu lebih baik😎,guwa kerja bercanda gaji umr sumatra selatan tapi guwa masih pengen kaburajadulu lebih baik,negatif,59.88,negatif
"di indo kerja harus serius
gajinya malah bercanda.",di indo kerja harus serius gajinya bahkan bercanda,negatif,59.89,negatif
bawa aku bang tolong,bawa aku bang tolong,negatif,59.89,negatif
Aku baru 4 tahun 🤣,aku baru tahun,netral,59.9,netral
Emang lo bisa bersaing apa bang?😭😭😭😭,emang kamu bisa bersaing apa bang,negatif,59.93,negatif
Yang tinggal dan kerja di luar negeri ga usah pulang betah2in disana. Disini kacau. Sedih sih jauh dari keluarga tapi lebih mending daripada tinggal di negara bangs*t ini.,yang tinggal dan kerja di luar negeri ga perlu pulang betahin disana disini kacau sedih sih jauh dari keluarga tapi lebih lebih baik daripada tinggal di negara bangs t ini,positif,59.94,positif
dapat omon omon,dapat omon omon,positif,59.94,positif
"anjay ad yang mau ksana jga kah? wih sama bg gw juga smoga tahun ini bsa kesana, biarpun ribet anjir ke ausie visa + duit visa sih paling sulit terutama jika ingin kerja pengalaman b ing nya harus ++",anjay ada yang mau ksana juga kah wih sama abang saya juga smoga tahun ini bisa kesana biarpun ribet anjing ke ausie visa duit visa sih paling sulit terutama jika ingin kerja pengalaman b ing nya harus,negatif,59.94,negatif
komedi malam hari jirr😹😹,komedi malam hari jirr,negatif,59.98,negatif
mau ikutan tapi cuma bisa lewat mimpi☹️,mau ikutan tapi cuma bisa lewat mimpi,netral,59.98,netral
@WilliamAndals Kerja luar negeri(?) Sodaraku kerja di jepang 2 tahun bisa renov rumah beli kebun nikah Di indo kerja 2 tahun gaji UMR cuman dapet hikmahnya saja ,kerja luar negeri sodaraku kerja di jepang tahun bisa renov rumah beli kebun nikah di indo kerja tahun gaji umr cuman dapat hikmahnya saja,positif,60.0,positif
aowkaowkaowk🗿,aowkaowkaowk,positif,60.0,positif
nasionalisme? dari mana aja para pejabat???,nasionalisme dari mana saja para pejabat,negatif,60.01,negatif
"setuju sih gw, jepang yok info pemberangkatan jepang cmiiw",setuju sih saya jepang yok informasi pemberangkatan jepang correct me if i'm wrong,netral,60.01,netral
Caranya?,caranya,netral,60.02,netral
tungguinn gua jepang!,tungguinn saya jepang,positif,60.03,positif
Bekasi selangkah lebih maju #kaburajadulu,bekasi selangkah lebih maju kaburajadulu,positif,60.05,positif
gapapa bisa kak petani gajinya guede ini aku dapet dari murid lpk kakakku,gapapa bisa kak petani gajinya guede ini aku dapat dari murid lpk kakakku,positif,60.05,positif
Indonesia C emas 2025,indonesia c emas,positif,60.06,positif
@kejutam ak biasa jawab kerja di luar negeri (kan Jaehyun di luar negeri beneran) ,saya biasa jawab kerja di luar negeri kan jaehyun di luar negeri beneran,netral,60.08,netral
"next anak saya k Kuwait
lebih d hargai d negara orang",lanjut anak saya ke kuwait lebih di hargai di negara orang,negatif,60.11,negatif
Enak bangt di luar ngeri dari pada indonesia susah cari kerja,enak bangt di luar ngeri dari pada indonesia susah cari kerja,positif,60.12,positif
Coba tanyakan pada mereka yg udah diluar sana lebih enak di indo apa luar negeri? meski biaya hidup mahal.,coba tanyakan pada mereka yang sudah diluar sana lebih enak di indo apa luar negeri meski biaya hidup mahal,negatif,60.12,negatif
yang ngira kyk pindah kecamatan siapa mba? 😭,yang ngira seperti pindah kecamatan siapa mbak,negatif,60.14,negatif
"justru banyak anak mudah yg mau pindah krn,,, Kriteria di indonesia harus Menarik, kerjadibawah tekanan, bisa terbang, bisa hidup di dua alam,, kerja 24 jam gajinya Seupil😂",justru banyak anak mudah yang mau pindah karena kriteria di indonesia harus menarik kerjadibawah tekanan bisa terbang bisa hidup di dua alam kerja jam gajinya seupil,negatif,60.14,negatif
"okeiii, ngumpulin duit buat ikut lpk yyuk??",okeiii ngumpulin duit buat ikut lpk yyuk,netral,60.17,netral
hidup di LN dg segala2 yg berbeda gk semudah itu dik. hal yg paling mendasar bahasa paling gk hrs bisa dlu. trus modal. baru mental. jgn sampai kena tipu,hidup di ln dg segala yang berbeda gk semudah itu dik hal yang paling mendasar bahasa paling gk harus bisa dulu trus modal baru mental jangan sampai kena tipu,negatif,60.18,negatif
"iyaaaa, pda kabur ke luar negrii..emang senyaman itu😔",iyaaaa pda kabur ke luar negrii emang senyaman itu,positif,60.19,positif
"jgn kelar dulu ni trend,gw mau ikut juga😭",jangan kelar dulu ini trend saya mau ikut juga,netral,60.2,netral
"yg kaya tmbh kaya, yg susah sulit kaya, itu nyata nya dan itu faktanya🥹",yang kaya tambah kaya yang susah sulit kaya itu nyata nya dan itu faktanya,negatif,60.21,negatif
@TOM5helby Itulah kalo pemerintah lebih percaya influencer dibanding expert/akademisi. Ga nyentuh tanah pdhl mereka digaji negara,itulah kalau pemerintah lebih percaya influencer dibanding expert akademisi ga nyentuh tanah pdhl mereka digaji negara,positif,60.22,positif
berlaku utk orng yg berduit,berlaku untuk orng yang berduit,negatif,60.22,negatif
I claim it😁,i claim it,positif,60.22,positif
@muncorner Waalaikumsalam wr. wb. Karena kamu anak NKRI kita sama jdi ayo temenan #KaburAjaDulu,waalaikumsalam wr wb karena kamu anak nkri kita sama jadi ayo temenan kaburajadulu,netral,60.22,netral
@cinnamongirlc ga lucu anjenggg... smoga ada yg share loc tu bocil pokoknya umat Nasrani harus percaya pemerintah pengamanannya super ketat dan intel pasti sudah mengamankan,ga lucu anjenggg smoga ada yang share loc tu bocil pokoknya umat nasrani harus percaya pemerintah pengamanannya super ketat dan intel pasti sudah mengamankan,negatif,60.23,negatif
Kebanyakan TKI ya gak ada pemikiran begitu apalagi banyak yg jd generasi sandwich. Klo kerja di Indo bisa tetap kerjanya. Banyak jg pun yg bergaji bagus,kebanyakan tki iya gak ada pemikiran begitu apalagi banyak yang jadi generasi sandwich kalau kerja di indo bisa tetap kerjanya banyak juga pun yang bergaji bagus,positif,60.25,positif
@tanyarlfes IT DKV Data Analyst sihh krn ini bnyk bgt loker remotenya jd ada alasan kuat buat #kaburajadulu,it dkv data analyst sihh karena ini banyak banget loker remotenya jadi ada alasan kuat buat kaburajadulu,positif,60.26,positif
@joanthekid @bercinemargh @avenooresa oalah pantes waktu itu ada vt yang kamu bakal sanggup naik kereta tiap hari masak tiap hari kalo #kaburajadulu ternyata itu orkay yg buat wkwkw,oalah pantes waktu itu ada vt yang kamu bakal sanggup naik kereta tiap hari masak tiap hari kalau kaburajadulu ternyata itu orkay yang buat wkwkw,positif,60.29,positif
naa ini yg ku maksud,naa ini yang ku maksud,negatif,60.29,negatif
aku pun janji sprti ituu,aku pun janji seperti ituu,negatif,60.3,negatif
di luar negeri gk tamat sekolah SD aja gajinya gede,di luar negeri gk tamat sekolah sd saja gajinya gede,negatif,60.3,negatif
yauda yok semangat yok.banyak lagi tuh.😂,yauda yok semangat yok banyak lagi tuh,positif,60.3,positif
"I hope to do this experience, but I have not yet reached it 😊🥹",i hope to do this experience but i have not yet reached it,positif,60.3,positif
Pemerentah mempraktekkan #kaburajadulu when shits hit their ceiling,pemerentah mempraktekkan kaburajadulu when shits hit their ceiling,negatif,60.31,negatif
"kuliah diluar negeri+menetap disana. sedang aku usahakan
#KaburAjaDulu",kuliah diluar negeri menetap disana sedang aku usahakan kaburajadulu,netral,60.31,netral
yg paling kocak tuh minimal umur 21 lulusan S1🗿,yang paling kocak tuh minimal umur lulusan s,positif,60.32,positif
"suatu saat, ku terbang kesana 👐🤲",suatu saat ku terbang kesana,netral,60.33,netral
bismillah tahun depan US,bismillah tahun depan us,positif,60.35,positif
TERTAMPAR FAKTA😇,tertampar fakta,positif,60.36,positif
order 66🗿🗿,order,netral,60.37,netral
"Untung aq udh kabur di luar negri klo nggk mana bisa nabung ,bikin rumah",untung saya udh kabur di luar negri kalau nggk mana bisa nabung bikin rumah,negatif,60.38,negatif
@Gieehad 1 info lagi sekarang banyak juga orang2 indo yang setara S1 dan bisa mandarin english kerja sama project2 tambang China di Africa nah yg ini yg lulusan SD gak bakal bisa dipake ke luar negeri banyak yg join project tambang china di Indo loncatnya ke Africa rate gaji 3X indo,informasi lagi sekarang banyak juga orang indo yang setara s dan bisa mandarin english kerja sama project tambang china di africa nah yang ini yang lulusan sd gak bakal bisa dipake ke luar negeri banyak yang join project tambang china di indo loncatnya ke africa rate gaji x indo,negatif,60.39,negatif
"iyaain dulu aja sambil ngumpulin duit, kalau udah ada duit nya kita pindah serentak yokk",iyaain dulu saja sambil ngumpulin duit kalau sudah ada duit nya kita pindah serentak yokk,netral,60.39,netral
lamar di SPBU.penampilan menarik.kulit putih.tinggi minimal 170cm.S1.pengalaman 10thn.umur maximum 21thn.bs terbang.bs ngalahin api & matahari.gaji jt/bln lembur ga dibyr .hrs ganti bensin tumpah😁,lamar di spbu penampilan menarik kulit putih tinggi minimal cm s pengalaman tahun umur maximum tahun bisa terbang bisa ngalahin api matahari gaji jt bulan lembur ga dibyr harus ganti bensin tumpah,positif,60.41,positif
@hrdbacot Barusan banget bilang ke sodara kalo mau #kaburajadulu jangan ke jepang mending sekalian ke Aussie ambil visa DHV atau jerman sambil belajar Ausbildung,barusan banget bilang ke sodara kalau mau kaburajadulu jangan ke jepang lebih baik sekalian ke aussie ambil visa dhv atau jerman sambil belajar ausbildung,negatif,60.44,negatif
semoga tahun ini bisa kerja di aus,semoga tahun ini bisa kerja di aus,positif,60.45,positif
uhhhh🥵,uhhhh,negatif,60.45,negatif
info pindah luar negeri dong,informasi pindah luar negeri dong,netral,60.46,netral
Bukan #KaburAjaDulu tapi #BeneranKaburDeh,bukan kaburajadulu tapi benerankaburdeh,negatif,60.48,negatif
Syarat buat bisa #kaburajadlu: 1. Bisa bahasa asing ✅. 2. Punya uang ❌. Bisa bahasa asing uangnya kaga ada 😭😭,syarat buat bisa kaburajadlu bisa bahasa asing punya uang bisa bahasa asing uangnya tidak ada,netral,60.49,netral
dari 2008 lom ada niat tuk 😁😁pulang,dari belum ada niat tuk pulang,netral,60.5,netral
nabung dulu,nabung dulu,netral,60.5,netral
@Gajahobesitaaas dh hmpir semua tmpat ku jelajahi wktunnya #kaburajadulu mell,dh hmpir semua tmpat ku jelajahi wktunnya kaburajadulu mell,positif,60.54,positif
"ini emang udah jadi keinginan aku sih sebelum ada trend kaburajadulu, ngebayangin tinggal ditempat dimana gaada org yg tau kamu sama sekali.",ini emang sudah jadi keinginan aku sih sebelum ada trend kaburajadulu ngebayangin tinggal ditempat dimana tidak ada uang org yang tahu kamu sama sekali,positif,60.55,positif
pingin kabur tp tabungan q masih 50k 😩,pingin kabur tapi tabungan q masih ke,negatif,60.56,negatif
"aku jg medan kak, tp kuliah jurusan hotelier. skrng training di hotel malysia. niat mau lamjut tp bingung urus permitknya kak",aku juga medan kak tapi kuliah jurusan hotelier skrng training di hotel malysia niat mau lamjut tapi bingung urus permitknya kak,negatif,60.57,negatif
harus jadi avatar dulu,harus jadi avatar dulu,negatif,60.57,negatif
"Kelebihan kerja di luar negeri (negara maju) :
1. Gaji gede
2. Persyaratan mudah
3. Fresh Graduate mudah dapet kerja
4. Lingkungan bersih tanpa perlu mengandalkan pandawara tanpa perlu video-video buat lapor ke pandawara
Kekurangan :
1. Harus adaptasi
2. Biaya tinggi (kalau mandiri)
3. Banyak yang harus di urus buat keluar negeri
4. Jauh dari keluarga
Yang harus diperhatikan :
1. Jaga sikap
2. Sopan dan santun
3. Punya adab dan akal
4. Sopan
5. Santun
6. Gak boleh silat di tengah jalan
7. Gak boleh ribut di luar negeri
8. JANGAN MAIN JUDOL #STOPJUDIONLINE",kelebihan kerja di luar negeri negara maju gaji gede persyaratan mudah fresh graduate mudah dapat kerja lingkungan bersih tanpa perlu mengandalkan pandawara tanpa perlu video video buat lapor ke pandawara kekurangan harus adaptasi biaya tinggi kalau mandiri banyak yang harus di urus buat keluar negeri jauh dari keluarga yang harus diperhatikan jaga sikap sopan dan santun punya adab dan akal sopan santun gak boleh silat di tengah jalan gak boleh ribut di luar negeri jangan main judol stopjudionline,positif,60.57,positif
mau tapi belum bisa bahasanya😭🙏,mau tapi belum bisa bahasanya,netral,60.58,netral
"ukt kuliah naik, kerja tidak dipastikan gaji naik 😭",ukt kuliah naik kerja tidak dipastikan gaji naik,netral,60.58,netral
Carilah tempat dimana kamu dihargai 👍🏻,carilah tempat dimana kamu dihargai,positif,60.62,positif
Malah dibantu #kaburajadulu ahhahahaha,bahkan dibantu kaburajadulu ahhahahaha,positif,60.63,positif
"okee bang,, thankss info 🙏👌",okee bang thankss informasi,positif,60.63,positif
fakta.. valid. nooo debattt ..,fakta valid nooo debattt,negatif,60.66,negatif
"jerman itu njirrr, auise mah kalo mau kerja di sana kerja aja yang mreka cri adlh skil + b ing yang lancar, ausbildung setau ku jerman",jerman itu njirrr auise mah kalau mau kerja di sana kerja saja yang mreka cri adalah skil b ing yang lancar ausbildung setau ku jerman,negatif,60.66,negatif
luar negeri aja,luar negeri saja,negatif,60.67,negatif
@allmypieces Selain butuh cinta selaku WNI kita juga butuh cara kilat untuk #kaburajadulu,selain butuh cinta selaku wni kita juga butuh cara kilat untuk kaburajadulu,positif,60.67,positif
saya tetap bersekolah untuk mendapatkan cukup ilmu untuk keluar dari negara ini,saya tetap bersekolah untuk mendapatkan cukup ilmu untuk keluar dari negara ini,positif,60.67,positif
yg lulusan smp bisa apa 😌😌😌,yang lulusan smp bisa apa,negatif,60.7,negatif
 Negara demokratis dengan Pemerintahan yang jauh lebih bersih kalo menurut laskar #KaburAjaDulu,negara demokratis dengan pemerintahan yang jauh lebih bersih kalau menurut laskar kaburajadulu,positif,60.71,positif
melongo banget 😃,melongo banget,positif,60.72,positif
Anjeng udah 7 bulan berhasil #kaburajadulu dari masa lalu masa bengong sedetik langsung digentayangin rekaman indah bareng dia,anjeng sudah bulan berhasil kaburajadulu dari masa lalu masa bengong sedetik langsung digentayangin rekaman indah bareng dia,positif,60.74,positif
sama rencana sih gitu,sama rencana sih gitu,netral,60.77,netral
harus di tepati yaa janjinya🫵🏼,harus di tepati yaa janjinya,positif,60.77,positif
gw pengen banget ke Jepang atau gk Jerman 🥰,saya pengen banget ke jepang atau gk jerman,positif,60.78,positif
@Outstandjing This is us! Terakhir punya mobil tahun 2018 sebelum #kaburajadulu. Skrg kalo mudik either pinjam mobil ortu/mertua. Kami bantu untuk upgrade mobil mereka biar senang dan kami nyaman.,this is us terakhir punya mobil tahun sebelum kaburajadulu skrg kalau mudik either pinjam mobil orang tua mertua kami bantu untuk upgrade mobil mereka biar senang dan kami nyaman,positif,60.79,positif
"Ga perlu #kaburajadulu, kalo kerja remote bisa knp ngga? Gapapa dah weekendku agak keganggu yg penting dapet tambahan pemasukan. https://t.co/YUtfkBGDRZ",ga perlu kaburajadulu kalau kerja remote bisa kenapa tidak gapapa deh weekendku agak keganggu yang penting dapat tambahan pemasukan,negatif,60.79,negatif
gas aj kak🙏,gas saja kak,netral,60.79,netral
"ga ada biaya nya dan ga mudah kesana sendirian kan,org kecil kek gua emg bisa kesana..",ga ada biaya nya dan ga mudah kesana sendirian kan org kecil seperti saya emg bisa kesana,positif,60.79,positif
Krn kmrn baru selesai probation (btw di Austria probation time nya 1 bulan) dn blm sempet untuk berbagi jadi d tgl 8 dn 9 November gw bkin schedule untuk 1on1. Fokusnya untuk coba ngasih feedback ke resume tmn2 yg mau #kaburajadulu dn mngkn bsa start smbil target company nya.,karena kemarin baru selesai probation ngomong-ngomong di austria probation time nya bulan dn belum sempat untuk berbagi jadi di tanggal dn november saya bkin schedule untuk on fokusnya untuk coba memberikan feedback ke resume tmn yang mau kaburajadulu dn mungkin bisa start smbil target company nya,netral,60.8,netral
sepersekian detik mikir lah? emang gen z ngga pengen #kaburajadulu ? gegara sekilas gue liatnya yang kanan adalah passport ,sepersekian detik mikir lah emang gen z tidak pengen kaburajadulu gegara sekilas saya liatnya yang kanan adalah passport,negatif,60.8,negatif
@aniesbaswedan Tidak heran banyak anak muda pilih #KaburAjaDulu Yang heran adalah ketika pemerintah juga ikut #KaburAjaDulu,tidak heran banyak anak muda pilih kaburajadulu yang heran adalah ketika pemerintah juga ikut kaburajadulu,positif,60.8,positif
"Mending kerja diluar, pensiun di indo",lebih baik kerja diluar pensiun di indo,negatif,60.83,negatif
pasti kamu ikut gtg korsel yakan😁,pasti kamu ikut gtg korsel yakan,positif,60.85,positif
@Hilmi28 Bener itu Tadz... Maka na sy dukung anak muda yg pengen hidupnya berubah tp di Indonesia kurang dihargai klo bukan msh sanak saudara GK bisa dpt jabatan ato kerjaan bagus yg sesuai dg ilmu yg mrk dapatkan sy jg membantu mrk yg ingin kerja ke luar negeri ~ bisa DM ~ resmi https://t.co/FtNUqQQo2M,benar itu tadz maka na saya dukung anak muda yang pengen hidupnya berubah tapi di indonesia kurang dihargai kalau bukan masih sanak saudara gk bisa dapat jabatan atau kerjaan bagus yang sesuai dg ilmu yang mrk dapatkan saya juga membantu mrk yang ingin kerja ke luar negeri bisa dm resmi,positif,60.85,positif
wapres aja dicariin kerja ama bpknya 😹,wapres saja dicariin kerja sama bpknya,negatif,60.86,negatif
ga percaya tarot tapi kl tujuannya buat downfall pemerintah aku siap manifesting,ga percaya tarot tapi kalau tujuannya buat downfall pemerintah aku siap manifesting,negatif,60.86,negatif
"masih bingung antara new Zealand, Jepang, Rusia",masih bingung antara new zealand jepang rusia,netral,60.89,netral
"udah bisa bahasa asing, tinggal tunggu beres s1 sambil nabung, then cari beasiswa s2, god.. I can't wait",sudah bisa bahasa asing tinggal tunggu beres s sambil nabung then cari beasiswa s god i belum t wait,negatif,60.89,negatif
@okkymadasari @prabowo Dia kira bisa lolos begitu saja ke Yordania seperti #KaburAjaDulu part 1,dia kira bisa lolos begitu saja ke yordania seperti kaburajadulu part,negatif,60.9,negatif
Btw mumpung besok libur gue rencananya mau nyoba ah ngelantur live streaming di YT ngomongin soal LPK dan gimana journeynya untuk #KaburAjaDulu.,ngomong-ngomong selagi besok libur saya rencananya mau nyoba ah ngelantur live streaming di yt membicarakan soal lpk dan bagaimana journeynya untuk kaburajadulu,netral,60.91,netral
"ayoo belajar darii sekarang mulai belajar' bahasa asing and kumpulin uang banyaa, dann yap #kaburajaduluu 🤩🤩",ayoo belajar darii sekarang mulai belajar bahasa asing and kumpulin uang banyaa dann iya kaburajaduluu,positif,60.91,positif
@tanyarlfes Tim sama² anak pertama penganut #KaburAjaDulu tapi beda destinasi aja https://t.co/XQuJs6FErD,tim sama² anak pertama penganut kaburajadulu tapi beda destinasi saja,netral,60.95,netral
kerja di Indonesia persyaratannya melebihi nyari jodoh,kerja di indonesia persyaratannya melebihi mencari jodoh,negatif,60.96,negatif
Ini kalo tugas makin gonjang ganjing minggu depan bakal kubikin mochi mangga isi fla vanilla #copingmechanism #kaburajadulu #daritugas,ini kalau tugas makin gonjang ganjing minggu depan bakal kubikin mochi mangga isi fla vanilla copingmechanism kaburajadulu daritugas,netral,60.96,netral
nah bener pak😭,nah benar pak,netral,60.96,netral
dapet oke gas oke gas,dapat oke gas oke gas,netral,60.97,netral
Apa yg terjadi pada orm ini pelajaran besar bagi semua. Ini bisa jadi acuan supaya artis itu dpt perlindungan waktu kerja diluar negeri. Supaya gak diremehin sama promotor luar. Harus didukung bukan malah jd bahan tertawaan beberapa pihak. #Lingorm,apa yang terjadi pada orm ini pelajaran besar bagi semua ini bisa jadi acuan supaya artis itu dapat perlindungan waktu kerja diluar negeri supaya gak diremehin sama promotor luar harus didukung bukan bahkan jadi bahan tertawaan beberapa pihak lingorm,negatif,60.98,negatif
CINTA INDONESIA BUKAN PEJABAT YA,cinta indonesia bukan pejabat iya,positif,60.98,positif
blm lagi cari kerja harus dibawah usia sekian cantik menarik tinggi berpengalaman,belum lagi cari kerja harus dibawah usia sekian cantik menarik tinggi berpengalaman,negatif,61.01,negatif
What if I told you Sahroni di Zurich dan mayoritas yang #KaburAjaDulu multiple transit biar gak gampang ditrace.,what if i told you sahroni di zurich dan mayoritas yang kaburajadulu multiple transit biar gak gampang ditrace,netral,61.04,netral
"if u had then changed ur mind good for u, but i wont regret it since im not an indecisive person. once i decided i want something for my own good then i will fight for it. i AM being careful.",if kamu had then changed ur mind good for kamu but i wont regret it since im not an indecisive person once i decided i want something for my own good then i will fight for it i am being careful,negatif,61.07,negatif
kejarlah cita-citamu dan wujudkan impianmu di Negeri orang 🙏,kejarlah cita citamu dan wujudkan impianmu di negeri orang,negatif,61.09,negatif
Heyyy pengen juga gabung di trend ini😭,heyyy pengen juga gabung di trend ini,netral,61.11,netral
Ada yang mau kuliah atau kerja di luar negeri? Ternyata perlu banget IELTS buat mempersiapkan keduanya nih Bestie. Makasih banyak Kak UMMU udah share insight seputar IELTS semalam. Materinya daging banget. Yuk join kelas gratis lainnya di: https://t.co/2kyHoQn8I6 https://t.co/tRMT2OIHqT,ada yang mau kuliah atau kerja di luar negeri ternyata perlu banget ielts buat mempersiapkan keduanya ini bestie terima kasih banyak kak ummu sudah share insight seputar ielts semalam materinya daging banget yuk join kelas gratis lainnya di,positif,61.12,positif
ini yg tamatan SMP bg banyak,ini yang tamatan smp abang banyak,negatif,61.12,negatif
Baru 3 hari di jepang rasanya pengen pindah kerja kesini bismillah #kaburajadulu,baru hari di jepang rasanya pengen pindah kerja kesini bismillah kaburajadulu,positif,61.13,positif
emang kinerja bahlil mengandung nasionalisme?? 🙏,emang kinerja bahlil mengandung nasionalisme,positif,61.14,positif
"Suamiku yg udh di jepang malah kagak mau nih suruh diajak kabur. Bisa2 nya pgn balik cita2 jd kades, visinya memakmurkan petani 😌. Emang bisa org jujur diterima tanpa uang, gue slalu blg gitu ke dia",suamiku yang udh di jepang bahkan tidak mau ini suruh diajak kabur bisa nya pgn balik cita jadi kades visinya memakmurkan petani emang bisa org jujur diterima tanpa uang saya slalu bilang gitu ke dia,negatif,61.15,negatif
"Hati tetap nasionalisme, cuman perut butuh makan pak",hati tetap nasionalisme cuman perut butuh makan pak,positif,61.16,positif
Tujuan mu setelah ini kemana? Kerja ke luar kota? luar pulau? luar negeri? Atau kamu ingin liburan dulu? Kemana pun kamu melangkah tujuan akhir mu tetap pulang ke rumah Sejauh apapun kamu pergi itu hanya sementara Bisakah pergi selama nya sekarang?,tujuan mu setelah ini kemana kerja ke luar kota luar pulau luar negeri atau kamu ingin liburan dulu kemana pun kamu melangkah tujuan akhir mu tetap pulang ke rumah sejauh apapun kamu pergi itu hanya sementara bisakah pergi selama nya sekarang,negatif,61.16,negatif
@tanyakanrl Kyk tahu bulat dadakan ngajuin paspor padahal gtau mau kemana Semoga dgn berita2 yg nyampe ke negara luar jdi memudahkan kami wni yg klo kita ke luar negeri dlm cari kerja disana https://t.co/WmqdgreEAQ,seperti tahu bulat dadakan ngajuin paspor padahal tidak tahu mau kemana semoga dengan berita yang nyampe ke negara luar jadi memudahkan kami wni yang kalau kita ke luar negeri dlm cari kerja disana,negatif,61.17,negatif
mauu jugaa ke koreaa 🥹,mauu jugaa ke koreaa,positif,61.18,positif
"ngumpulin duit Ama rencanain matang matang, karena kalo kabur ga ada tujuan buat apa? jika ingin keluar negri cari lah negara yang cocok dengan kemampuan mu, jangan asal kabur ga ada tujuan, rencana kan matang matang jangan langsung kabur aja ga ada tujuan",ngumpulin duit sama rencanain matang matang karena kalau kabur ga ada tujuan buat apa jika ingin keluar negri cari lah negara yang cocok dengan kemampuan mu jangan asal kabur ga ada tujuan rencana kan matang matang jangan langsung kabur saja ga ada tujuan,negatif,61.18,negatif
"DISINI KERJA ISI NYA ORANG DALEM, AND CALO CALO PT MAS 🤣🤣🤣🤣",disini kerja isi nya orang dalem and makelar makelar pt mas,netral,61.19,netral
@MoodNetizen Kerja apapun gak masalah sebenarnya asal gajinya layak. Coba anda browsing gaji pelayan restoran sampai kurir di luar negeri lalu bandingkan dengan Republik Wakanda... ,kerja apapun gak masalah sebenarnya asal gajinya layak coba anda browsing gaji pelayan restoran sampai kurir di luar negeri lalu bandingkan dengan republik wakanda,negatif,61.2,negatif
benar sih ini 😳😳😳,benar sih ini,positif,61.2,positif
"yg Deket aja dulu, Malaysia gitu, ntar aku ajarin bahasa Melayu😭😭",yang deket saja dulu malaysia gitu nanti aku ajarin bahasa melayu,negatif,61.21,negatif
dapet gaji umr,dapat gaji umr,positif,61.21,positif
Satu pelajarin bahasa Inggris EARLY - jangan nunggu mau lulus. Invest yg banyak buat belajar bahasa karena ini gateway utama buat bisa kerja di luar negeri dengan proper.,satu pelajarin bahasa inggris early jangan nunggu mau lulus invest yang banyak buat belajar bahasa karena ini gateway utama buat bisa kerja di luar negeri dengan proper,positif,61.21,positif
gue abis oversharing ke temen emak gue mau kerja di luar negeri.,saya habis oversharing ke teman emak saya mau kerja di luar negeri,netral,61.21,netral
mine first - pengen #kaburAjaDulu keliling dunia sambil trading (wk) - Aku business analyst - $300 (refill tiap bulan in case abis) - total sih masih untung cuma belum cukup buat keliling dunia wkwk,mine first pengen kaburajadulu keliling dunia sambil trading wk aku business analyst refill tiap bulan in case habis total sih masih untung cuma belum cukup buat keliling dunia wkwk,positif,61.24,positif
PENTINGNYA MILIH PEMIMPIN PRO RAKYAT,pentingnya milih pemimpin profesional rakyat,netral,61.25,netral
Aku sama kaka ku juga udah persiapan nanti kalo lulus sekolah mau berusaha kerja buat ninggalin indonesia,aku sama kakak ku juga sudah persiapan nanti kalau lulus sekolah mau berusaha kerja buat ninggalin indonesia,positif,61.25,positif
"kalo bisa ganti kewarganegaraan ganti langsung gw mah, sesusah apapun itu gw jabanin 😭",kalau bisa ganti kewarganegaraan ganti langsung saya mah sesusah apapun itu saya jabanin,netral,61.26,netral
mau pindah bekali diri dengan bahasa dan dokumen lengkap kerja dulu berapa tahun di luarbpemajari bagaimana disana klw sudah nyaman tahu celahnya br pindah,mau pindah bekali diri dengan bahasa dan dokumen lengkap kerja dulu berapa tahun di luarbpemajari bagaimana disana kalau sudah nyaman tahu celahnya baru pindah,netral,61.27,netral
ko orang2 bisa kerja luar negeri si kan aku jg mau,ko orang bisa kerja luar negeri si kan aku juga mau,netral,61.28,netral
ganti HRD ajah gak sih 😅,ganti hrd ajah gak sih,negatif,61.29,negatif
@VeritasArdentur Masih berencana #KaburAjaDulu ?,masih berencana kaburajadulu,netral,61.29,netral
mau mutualan duolingo pls yuk saling suprot ak baru mulai lagi hehehe menuju #kaburajadulu 2027,mau mutualan duolingo pls yuk saling suprot saya baru mulai lagi hehehe menuju kaburajadulu,netral,61.3,netral
hayo regi😭,hayo regi,positif,61.31,positif
lanjut yuk kan kak.aku juga sama sudah nyaman di Singapur 😁😁😁,lanjut yuk kan kak aku juga sama sudah nyaman di singapur,netral,61.31,netral
kata gw kerja di luar negeri aja bang,kata saya kerja di luar negeri saja bang,negatif,61.31,negatif
ngapain di ragukan?PEJABAT KAN SELALU KERJA KERAS BUAT RAKYAT🫣,sedang apa di ragukan pejabat kan selalu kerja keras buat rakyat,positif,61.32,positif
"guys... ramein tiktoknya kak salsa erwina ya guys..
cuma suara dia yg memungkinkan untuk mendapatkan dukungan internasional.",teman-teman ramein tiktoknya kak salsa erwina iya teman-teman cuma suara dia yang memungkinkan untuk mendapatkan dukungan internasional,netral,61.34,netral
"#kaburajadulu
kerjaanyaa rinngaann gajinya becanda.. ga bnyak peraturan& umur & tamatan smp punn bs kerja d luar negeri.....☺️☺️🤭",kaburajadulu kerjaanyaa rinngaann gajinya becanda ga bnyak peraturan umur tamatan smp punn bisa kerja di luar negeri,negatif,61.35,negatif
"ini udh ke luar negri,lu baru keluar rumah😹😹😹",ini udh ke luar negri kamu baru keluar rumah,netral,61.35,netral
#kaburajadulu investornya.... Di indonesiantuh yg cocok investasi nampan emang..... Atau kalau enggak jadi vendor makanan 10rban yg dipotong makelar 4rb...,kaburajadulu investornya di indonesiantuh yang cocok investasi nampan emang atau kalau tidak jadi vendor makanan rban yang dipotong makelar rb,negatif,61.35,negatif
"gak pilih2 yg penting halal,",gak pilih yang penting halal,positif,61.36,positif
@9052library Menuju #kaburajadulu lbih tpat.a,menuju kaburajadulu lbih tpat a,positif,61.36,positif
alamak negara cool,alamak negara cool,negatif,61.37,negatif
dan rata2 yg pindah adalah yg pintar,dan rata yang pindah adalah yang pintar,positif,61.41,positif
"Nasionalisme saya boleh dibuktikan pak, saya tidak pindah ke negara lain, tapi pak...berat hidup dinegara yang kucintai ini pak",nasionalisme saya boleh dibuktikan pak saya tidak pindah ke negara lain tapi pak berat hidup dinegara yang kucintai ini pak,positif,61.43,positif
@slytheeryn @inginnolep @tanyarlfes wkwk itu dia sendernya keknya ktnya gmau ngasih data karna ga percaya pemerintah. pdhl bisa nanya dulu,wkwk itu dia sendernya kayaknya ktnya gmau memberikan data karena ga percaya pemerintah pdhl bisa bertanya dulu,netral,61.43,netral
Aku belum bisa #KaburAjaDulu tapi untungnya udah bisa #StanYangLainDulu,aku belum bisa kaburajadulu tapi untungnya sudah bisa stanyanglaindulu,positif,61.43,positif
saya cinta indonesia walaupun negara sendiri tidak mencintai saya 😊😊😊😊 saya berkelana ke negara lain hanya untuk mencari cinta yang setara yang membalas cinta saya tapi bukan berarti saya melupakan cinta pertama saya indonesia 😉😉😉😉,saya cinta indonesia walaupun negara sendiri tidak mencintai saya saya berkelana ke negara lain hanya untuk mencari cinta yang setara yang membalas cinta saya tapi bukan berarti saya melupakan cinta pertama saya indonesia,negatif,61.44,negatif
"gw udah #kaburajadulu
untung emak gw peka, besok gw berangkat ke Korea uhuyy",saya sudah kaburajadulu untung emak saya peka besok saya berangkat ke korea uhuyy,positif,61.44,positif
Trs aku terbiasa di indo yg seorang busa ngerjain bbrp jobdesc yg bahkan di luar kerjaan itu dan ternyata di luar negeri tuh org2 kerja bener2 sesuai jobdescnya aja ga ditambah2,terus aku terbiasa di indo yang seorang busa ngerjain bbrp jobdesc yang bahkan di luar kerjaan itu dan ternyata di luar negeri tuh org kerja benar sesuai jobdescnya saja ga ditambah,positif,61.45,positif
biaya hidup tinggi g bng?,biaya hidup tinggi g bng,negatif,61.46,negatif
@ardisatriawan Memang lebih baik #kaburajadulu,memang lebih baik kaburajadulu,negatif,61.47,negatif
bang ikut bangg😭,bang ikut bangg,positif,61.48,positif
tunggu aku lulus sekolah ya mau pindah ke jepang kalau ga thailand,tunggu aku lulus sekolah iya mau pindah ke jepang kalau ga thailand,netral,61.49,netral
nasionalisme dia bilang,nasionalisme dia bilang,netral,61.49,netral
@LaurensiaVidya @Bellabubart Posting ini harus booming. Karena daripada buat kunjungan kerja luar negeri dengan uang saku 3x UMR.. MENDING BUAT PASIEN BPJS DAH BEROBAT YANG BETUL.. MENDING BUAT NAKES NYA DIBAYAR DENGAN SESUAI BEBAN KERJANYA,posting ini harus booming karena daripada buat kunjungan kerja luar negeri dengan uang saku x umr lebih baik buat pasien bpjs deh berobat yang betul lebih baik buat nakes nya dibayar dengan sesuai beban kerjanya,positif,61.49,positif
dia punya duit (ongkos),dia punya duit ongkos,netral,61.5,netral
ini bukan soal fomo tapi soal menyelamatkan diri,ini bukan soal fomo tapi soal menyelamatkan diri,negatif,61.5,negatif
Belakangan ini rame banget tagar #KaburAjaDulu. Peluang kerja di luar negeri memang lebih menjanjikan tetapi persaingan di mana pun pasti ketat. The real question is: skill dan portofolio kamu udah siap belum? https://t.co/pw0JMltpmc,belakangan ini ramai banget tagar kaburajadulu peluang kerja di luar negeri memang lebih menjanjikan tetapi persaingan di mana pun pasti ketat the real question is skill dan portofolio kamu sudah siap belum,positif,61.53,positif
2 rb dapat apa?,rb dapat apa,netral,61.53,netral
@edyibnikawhe Ini belum termasuk gaji ke-13 insentif ini-itu dana studi banding (N.B. jalan-jalan gratisan ke luar negeri). Plus pensiun seumur hidup ssdh 5 tahun kerja. Plus gajinya baru saja dinaikkan!!!,ini belum termasuk gaji ke insentif ini itu dana studi banding dan b jalan jalan gratisan ke luar negeri plus pensiun seumur hidup ssdh tahun kerja plus gajinya baru saja dinaikkan,netral,61.53,netral
relate mndg kerja diluar negeri😹,relate mndg kerja diluar negeri,netral,61.54,netral
"kira"" berapa biaya biar bisa kabur keluar negri ya 😭#kaburajadulu",kira berapa biaya biar bisa kabur keluar negri iya kaburajadulu,negatif,61.56,negatif
@WArni68993 @kcoulnu @txtdrimedia Halo! Kalau kamu nanya soal 300 hari pemerintahan Prabowo pencapaiannya termasuk pertumbuhan ekonomi &gt;5% penghematan anggaran program makan siang gratis dan tindakan anti-korupsi seperti penangkapan Wakil Menteri Tenaga Kerja. Kritiknya: kebijakan luar negeri dianggap kurang,halo kalau kamu bertanya soal hari pemerintahan prabowo pencapaiannya termasuk pertumbuhan ekonomi begitu penghematan anggaran program makan siang gratis dan tindakan anti korupsi seperti penangkapan wakil menteri tenaga kerja kritiknya kebijakan luar negeri dianggap kurang,netral,61.56,netral
"“jika Indonesia sudah maju” What a funny sentence, you can keep dreaming then",jika indonesia sudah maju what a funny sentence you belum keep dreaming then,positif,61.56,positif
ga pernah ngeluh sih bg guamah 🗿,ga pernah ngeluh sih abang guamah,negatif,61.56,negatif
"manifesting, one day i'll do the same thing🤍",manifesting one day i ll do the same thing,netral,61.57,netral
BANGG IKUTTT,bangg ikuttt,positif,61.57,positif
Bismillah nyicil #kaburajadulu https://t.co/2OwxVP2TLp,bismillah mencicil kaburajadulu,positif,61.57,positif
"ada yang dana talang bang, kalo gw yang dana talang. kecuali mcu awal aja",ada yang dana talang bang kalau saya yang dana talang kecuali mcu awal saja,negatif,61.58,negatif
@tanyarlfes udah ga percaya pemerintah. maap ak gbsa di bohongi lg #KawalPutusanMK #TolakPilkadaAkal2an #TolakPolitikDinasti #IndonesiaEmergencyDemocracy,sudah ga percaya pemerintah maap saya gbsa di bohongi lagi kawalputusanmk tolakpilkadaakalan tolakpolitikdinasti indonesiaemergencydemocracy,negatif,61.58,negatif
@shuiraashi ayo #KaburAjaDulu ke pangkuan shua ,ayo kaburajadulu ke pangkuan shua,negatif,61.58,negatif
gimana caranya ka plisss,bagaimana caranya kakak plisss,positif,61.59,positif
Supaya memperbesar peluang #kaburajadulu It is not bad idea,supaya memperbesar peluang kaburajadulu it is not bad idea,negatif,61.59,negatif
@ini4kunku Gw percaya lu orang paling sabar.. Tpi slain pemerintah ada yg janjiin lu ga?? Biar status berubah lah.. ,saya percaya kamu orang paling sabar tapi slain pemerintah ada yang janjiin kamu ga biar status berubah lah,negatif,61.62,negatif
"Allahu, ngakak aku",allahu tertawa aku,positif,61.63,positif
@MamanPiyul itu pun kalo gak #kaburajadulu,itu pun kalau gak kaburajadulu,negatif,61.64,negatif
kemana2 tetep bawa paspor aja kak.. aman,kemana tetep bawa paspor saja kak aman,netral,61.66,netral
"iya, makanya aku bilang pake rata rata ""rata rata pengguna"" kalo cuma pengguna, dia kan juga pengguna tiktok ini?",iya makanya aku bilang pakai rata rata rata rata pengguna kalau cuma pengguna dia kan juga pengguna tiktok ini,negatif,61.67,negatif
"Pengen banget bisa ambil program lanjut magang di Jepang, please wish me luck.",pengen banget bisa ambil program lanjut magang di jepang please wish me luck,netral,61.67,netral
Mie Ayam Bakso Pengen ya tinggal bikin Kubilang juga apa sejauh apapun Indonesia bisa kau bawa kok. Ah males enakan beli Maap Statement itu tidak ada dlm diri org2 #KaburAjaDulu Hidup yg insya Allah stabil bikin kita gak males ngapa2in https://t.co/pLPDxstLgV,mie ayam bakso pengen iya tinggal bikin kubilang juga apa sejauh apapun indonesia bisa kamu bawa kok ah males enakan beli maap statement itu tidak ada dlm diri org kaburajadulu hidup yang insya allah stabil bikin kita gak males sedang apa,positif,61.67,positif
"eh lo, bener ya kak🔥",eh kamu benar iya kak,netral,61.67,netral
ka doain ya..semoga gua bisa #kaburajadulu sm keluarga😭😭😭,kakak doain iya semoga saya bisa kaburajadulu sm keluarga,netral,61.68,netral
mnrt gue statement diaspora yg paling realistis menanggapi #KaburAjaDulu dipegang sm gitasav,mnrt saya statement diaspora yang paling realistis menanggapi kaburajadulu dipegang sm gitasav,netral,61.68,netral
Cita cita dr sd pindah kewarganegaraan 🤣🤣,cita cita dr sd pindah kewarganegaraan,netral,61.69,netral
Sebenernya berusaha buat ga bergantung sama pemerintah. Tapi kalo di saham ngekor aja arah kebijakan akan kemana. Karena semakin kesini semakin percaya kalo market maker saham indo itu adalah ownernya sendiri,sebenernya berusaha buat ga bergantung sama pemerintah tapi kalau di saham ngekor saja arah kebijakan akan kemana karena semakin kesini semakin percaya kalau market maker saham indo itu adalah ownernya sendiri,negatif,61.71,negatif
menuju indonesia c emas,menuju indonesia c emas,netral,61.71,netral
@Ayun Lutvi how?🙂,lutvi how,netral,61.72,netral
Amnesty International Indonesia mengecam keras pernyataan Presiden Prabowo Subianto yang menuding demonstrasi Indonesia Gelap dan tagar #KaburAjaDulu sebagai gerakan dibayar koruptor . https://t.co/hoGcTtLlEr #apluswire #prabowo #amnesty #demokrasi https://t.co/CC914DrQUp,amnesty international indonesia mengecam keras pernyataan presiden prabowo subianto yang menuding demonstrasi indonesia gelap dan tagar kaburajadulu sebagai gerakan dibayar koruptor apluswire prabowo amnesty demokrasi,netral,61.73,netral
temanku ditanya pengan kerja dimana? rata' jawabnya pengen kerja diluar😭,temanku ditanya pengan kerja dimana rata jawabnya pengen kerja diluar,negatif,61.74,negatif
Kerja di luar negeri memang menggiurkan. Tapi jangan sampai pulangnya cuma jadi berita kriminal. Waspada TPPO karena sekali terjerat hidupmu bisa hilang begitu saja. Sobat Mido selalu cek informasi sebelum menerima tawaran kerja dan jangan mudah tergiur iming-iming gaji besar. https://t.co/VCHZKCAXxG,kerja di luar negeri memang menggiurkan tapi jangan sampai pulangnya cuma jadi berita kriminal waspada tppo karena sekali terjerat hidupmu bisa hilang begitu saja sobat mido selalu cek informasi sebelum menerima tawaran kerja dan jangan mudah tergiur iming iming gaji besar,positif,61.74,positif
cari yg saling mencintai aja ya kak🤣🤣,cari yang saling mencintai saja iya kak,netral,61.74,netral
"test bareng, interview bareng, eh dia yg masuk gue yg gak. tau""nya dia bilang punya kakak kerja disitu. 😩😩",test bareng interview bareng eh dia yang masuk saya yang gak tahu nya dia bilang punya kakak kerja disitu,negatif,61.74,negatif
aku sja kerja di Malaysia cuma sekolah SD Alhamdulillah bisa beli rumah dan semua yg aku mau,aku sja kerja di malaysia cuma sekolah sd alhamdulillah bisa beli rumah dan semua yang aku mau,positif,61.74,positif
plisss mau belajar bahasa Inggris dulu baru #kaburajadulu,plisss mau belajar bahasa inggris dulu baru kaburajadulu,netral,61.76,netral
@maxintime_ Semangat ya. Mungkin udah saatnya mencoba peluang magang dan kerja full-time di luar negeri?,semangat iya mungkin sudah saatnya mencoba peluang magang dan kerja full time di luar negeri,positif,61.77,positif
btul bang operator excavator sja harus nunggu 23 tahun baru bisa masuk perusahaan pdahal skil sdah punya 😁,btul bang operator excavator sja harus nunggu tahun baru bisa masuk perusahaan pdahal skil sdah punya,negatif,61.77,negatif
"Agak jauh ya ka,cari yg disitu aja klo ada,soalnya tempat saudara aku di daerah Tangerang Banten",agak jauh iya kakak cari yang disitu saja kalau ada soalnya tempat saudara aku di daerah tangerang banten,netral,61.78,netral
Nanti setelah menikah mau kerja di luar negeri. Mau ngetest apple pay untuk project aja harus minta tolong temen yang tinggal di luar negeri dan ini mau dijadiin premium buat voice call,nanti setelah menikah mau kerja di luar negeri mau ngetest apple pay untuk project saja harus minta tolong teman yang tinggal di luar negeri dan ini mau dijadiin premium buat voice call,negatif,61.78,negatif
tmn gua anak TW kerja di restoran 1jt 1hri anjir 😭,tmn saya anak tahu kerja di restoran jt hri anjing,netral,61.82,netral
belajar bahasa jepang kali y,belajar bahasa jepang kali ya,netral,61.84,netral
cooked😂,cooked,negatif,61.85,negatif
"Rakyat bebas memilih, jika ada pilihan/pny previllege pst otomatisnakan pilih opsi yg lbh baik ✌️🤭🙏",rakyat bebas memilih jika ada pilihan pny previllege pasti otomatisnakan pilih opsi yang lbh baik,netral,61.86,netral
@tanyarlfes Apa yg bakal dilakuin? Kl di luar negeri bisa tuh lapor dinas terkait. Tp kl di indo? Entahlah. Biarin aja kerja yg rajin dan berdoa agar rejekimu lancar. Trs putus kontak jgn sampe kl dy tua dan renta malah nyari2 km. Gasudi kan.,apa yang bakal dilakuin kalau di luar negeri bisa tuh lapor dinas terkait tapi kalau di indo entahlah biarin saja kerja yang rajin dan berdoa agar rejekimu lancar terus putus kontak jangan sampai kalau dy tua dan renta bahkan mencari kamu gasudi kan,negatif,61.86,negatif
fakta😂,fakta,negatif,61.86,negatif
emang bapak mau nyukupin ekonomi kita 😂😂😂,emang bapak mau nyukupin ekonomi kita,positif,61.87,positif
@itsmft_ Sejak hastag #kaburajadulu,sejak hastag kaburajadulu,negatif,61.87,negatif
Kamis Pagii Siang BEM UI 5 September prepare #DariRakyatUntukRakyat u/ bangsa Dorong UU Perampasan Aset segera dibahas &amp; disahkan Meskipun DPR Minta Maaf Tunjangan rumah &amp; kunjungan kerja luar negeri dihapus jangan kendor‼️ Tangkap &amp; Adili Jokowi Makzulkan Gibran Benahi Polri https://t.co/99lU9KQvQC,kamis pagii siang bem ui september prepare darirakyatuntukrakyat kamu bangsa dorong uu perampasan aset segera dibahas amp disahkan meskipun dpr minta maaf tunjangan rumah amp kunjungan kerja luar negeri dihapus jangan kendor tangkap amp adili jokowi makzulkan gibran benahi polri,netral,61.88,netral
tunggu akuu lulus sekolah ya,tunggu akuu lulus sekolah iya,netral,61.88,netral
Okay boss,okay boss,positif,61.9,positif
Yaallah berikanlah aku motivasi belajar lagi bahasa jepun #kaburajadulu emang kuat sih cuman sibuk banget ini hamba yaampun,yaallah berikanlah aku motivasi belajar lagi bahasa jepun kaburajadulu emang kuat sih cuman sibuk banget ini hamba yaampun,negatif,61.91,negatif
Terbaik setiap orang bisa raih manfaat dari kemitraan luar negeri! Kesempatan kerja bertambah teknologi canggih tersedia daerah tumbuh. Yuk bantu! Perkuat KEMITRAAN GLOBAL,terbaik setiap orang bisa raih manfaat dari kemitraan luar negeri kesempatan kerja bertambah teknologi canggih tersedia daerah tumbuh yuk bantu perkuat kemitraan global,positif,61.91,positif
general info [3] perhaps some of you guys are part of #KaburAjaDulu who knows ya kan.. then apakah ada kewajiban untuk pulang ke indo? jawabannya ga ada.,general informasi perhaps some of you teman-teman are part of kaburajadulu who knows iya kan then apakah ada kewajiban untuk pulang ke indo jawabannya ga ada,netral,61.92,netral
"bukan mslh nasionalisme.. pmerintah tinggal sediakan lapangan kerja yg bnyak dan gk patokkan umur dan brpenampilan menarik, tinggi dll..",bukan masalah nasionalisme pmerintah tinggal sediakan lapangan kerja yang bnyak dan gk patokkan umur dan brpenampilan menarik tinggi dan lain-lain,positif,61.93,positif
"lulus SMA otw korea
#kaburajadulu","lulus sama on the way, sedang di jalan korea kaburajadulu",netral,61.93,netral
@SBYudhoyono serius pak harus berfikir positif dan menaruh kepercayaan ke pemerintah? sedangkan di pemerintahan 10 tahun kebelakang bahkan saat ini pun kasus korupsi masih menjamur? bahkan prabowo aja sbg presiden ga ada tindakan apa apa? atas dasar apa rakyat harus percaya?,serius pak harus berfikir positif dan menaruh kepercayaan ke pemerintah sedangkan di pemerintahan tahun kebelakang bahkan saat ini pun kasus korupsi masih menjamur bahkan prabowo saja sbg presiden ga ada tindakan apa apa atas dasar apa rakyat harus percaya,negatif,61.94,negatif
Banyak sekali anggota DPR yang memilih #KaburAjaDulu di saat negeri ini ada kerusuhan. Tetapi saya lihat Bang Adian Napitupulu dan Oneng / Rieke Diah Pitaloka adalah sosok yang mau hadir dan menemui mereka di lapangan. Kenapa mereka berani? Karena rakyat adalah tuan mereka. https://t.co/SCso9rc5mq,banyak sekali anggota dpr yang memilih kaburajadulu di saat negeri ini ada kerusuhan tetapi saya lihat bang adian napitupulu dan oneng rieke diah pitaloka adalah sosok yang mau hadir dan menemui mereka di lapangan kenapa mereka berani karena rakyat adalah tuan mereka,positif,61.96,positif
tunggu aku jepang,tunggu aku jepang,netral,61.97,netral
sini lah masih ke cukup💪🔥,sini lah masih ke cukup,netral,61.98,netral
arighato ghozaimas,arighato ghozaimas,positif,61.98,positif
maka dari itu harus bisa kluar dari Zona itu,maka dari itu harus bisa kluar dari zona itu,negatif,61.98,negatif
iyhhhkn🥺🥺,iyhhhkn,positif,62.0,positif
makan nya kerja,makan nya kerja,negatif,62.01,negatif
setuju bos benar saya ex Malaysia,setuju bos benar saya mantan malaysia,negatif,62.02,negatif
duluan bree,duluan bree,negatif,62.03,negatif
@. @͔ @Slapedbluee87 gimana kawan2 ??🗿,bagaimana kawan,negatif,62.04,negatif
Lupa nyalain strava #TimnasDay #KaburAjaDulu https://t.co/lXIGDbFuiv,lupa nyalain strava timnasday kaburajadulu,negatif,62.05,negatif
"nasionalisme kagak bikin kenyang!! selama halal, gaskeun mau kemana aee",nasionalisme tidak bikin kenyang selama halal gaskeun mau kemana aee,negatif,62.08,negatif
Faktaaaaaa 💯💯💯💯💯,faktaaaaaa,negatif,62.08,negatif
Bismillah semoga nyamber,bismillah semoga nyamber,positif,62.09,positif
"Baru juga balik indo, udh ada #kaburajadulu 😭",baru juga balik indo udh ada kaburajadulu,netral,62.09,netral
Semoga beneran keterimaaaa biar selangkah #kaburajadulu,semoga beneran keterimaaaa biar selangkah kaburajadulu,positif,62.09,positif
@barengwarga Terus enaknya apa? Ya bisa ke luar negeri pengalaman. Itupun jadwalnya udah padat bisa jalan2 setelah jam kerja di lokasi tujuan Makanya kalau aku ikut dinas luar paksu aku jalan2 sendiri. Itupun aku cuma nebeng hotel krn 1 kamar berdua ya kan makan &amp; transport bayar sendiri,terus enaknya apa iya bisa ke luar negeri pengalaman itupun jadwalnya sudah padat bisa jalan setelah jam kerja di lokasi tujuan makanya kalau aku ikut dinas luar paksu aku jalan sendiri itupun aku cuma nebeng hotel karena kamar berdua iya kan makan amp transport bayar sendiri,negatif,62.1,negatif
bisa ga yah ikutan #kaburajadulu tanpa kuliah? 🙂,bisa ga yah ikutan kaburajadulu tanpa kuliah,negatif,62.1,negatif
#KaburAjaDulu ke Jepang 🇯🇵 Kandidat dari Indonesia 🇮🇩 akan diberikan sponsor visa gijinkoku oleh klien dan proses perekrutan ini tidak dipungut biaya sama sekali alias gratis. Cukup bawa sertifikasi N2-N1 nya aja https://t.co/pgUMVnJHDI,kaburajadulu ke jepang kandidat dari indonesia akan diberikan sponsor visa gijinkoku oleh klien dan proses perekrutan ini tidak dipungut biaya sama sekali alias gratis cukup bawa sertifikasi dan dan nya saja,netral,62.11,netral
@amsterdeeym NGAKAKKK #kaburajadulu,ngakakkk kaburajadulu,negatif,62.11,negatif
Jepang 🗿😂,jepang,positif,62.11,positif
Sekarang saatnya #kaburajadulu,sekarang saatnya kaburajadulu,negatif,62.12,negatif
@jokolanangan ril cuy hasilnya para wakil mbub wakil e sopo ikut trend #kaburajadulu,ril cuy hasilnya para wakil mbub wakil e sopo ikut trend kaburajadulu,positif,62.12,positif
"impian ku dari SMP pindah ke luar negeri, sekarang udh kuliah semester 2 masih berjuang cari cara biar bisa ikut #kaburajadulu",impian ku dari smp pindah ke luar negeri sekarang udh kuliah semester masih berjuang cari cara biar bisa ikut kaburajadulu,positif,62.12,positif
@rtommyb Bismillah #kaburajadulu,bismillah kaburajadulu,positif,62.13,positif
Saatnya untuk #KaburAjaDulu,saatnya untuk kaburajadulu,negatif,62.13,negatif
lagi ngumpulin dana dan umur buat #kaburajadulu,lagi ngumpulin dana dan umur buat kaburajadulu,netral,62.13,netral
@dskylover beliau ini beneran menerapkan #kaburajadulu,beliau ini beneran menerapkan kaburajadulu,negatif,62.13,negatif
 Dalam situasi seperti ini saya menghimbau masyarakat untuk tenang. Untuk percaya kepada pemerintah yang saya pimpin. Pemerintah yang saya pimpin akan berbuat yang terbaik untuk rakyat. Semua keluhan masyarakat akan kami catat dan tindak lanjuti. ga ada minta maaf pak?,dalam situasi seperti ini saya menghimbau masyarakat untuk tenang untuk percaya kepada pemerintah yang saya pimpin pemerintah yang saya pimpin akan berbuat yang terbaik untuk rakyat semua keluhan masyarakat akan kami catat dan tindak lanjuti ga ada minta maaf pak,negatif,62.14,negatif
"ga semua yang diluar sesuai ekspetasilu, negara luar juga punya masyarakatnya sendiri, kecuali lu mampu bertahan lebih dari 5-10 tahun, hidup dimanapun ga semudah pamernya warga di medsos",ga semua yang diluar sesuai ekspetasilu negara luar juga punya masyarakatnya sendiri kecuali kamu mampu bertahan lebih dari tahun hidup dimanapun ga semudah pamernya warga di medsos,negatif,62.15,negatif
hahahaha ak niatnya stay disini sampe udah ngga bisa kerja lagi baru pensiun 😂😂,hahahaha saya niatnya stay disini sampai sudah tidak bisa kerja lagi baru pensiun,negatif,62.16,negatif
@adibssiraj @YouTube Rocky gerung percaya sama pemerintah buat lu yang gak percaya sama pemerintah ya lu jadi ga seutuju juga dong sama rocky gerung?,rocky gerung percaya sama pemerintah buat kamu yang gak percaya sama pemerintah iya kamu jadi ga seutuju juga dong sama rocky gerung,positif,62.19,positif
P! Info gimana cara bisa kerja sbg dokter umum di luar negeri? Uda semuak itu kerja di Indonesia #kaburajadulu #Indonesia,p informasi bagaimana cara bisa kerja sbg dokter umum di luar negeri uda semuak itu kerja di indonesia kaburajadulu indonesia,netral,62.21,netral
trend ini harus bertahan sampai aku lulus👊👊,trend ini harus bertahan sampai aku lulus,negatif,62.23,negatif
#KaburAjaDulu jadi tren Banyak yang pengen langsung kerja ke luar negeri. Tapi... kalia udah pada siap belom? Cek thread dibawah karena kita akan bahas persiapannya:,kaburajadulu jadi trend banyak yang pengen langsung kerja ke luar negeri tapi kalia sudah pada siap belum cek thread dibawah karena kita akan bahas persiapannya,netral,62.23,netral
"hati"" yaaa",hati yaaa,netral,62.24,netral
"Setelah apinya padam emang masalahnya selesai? Harus bangun lagi, butuh biaya, butuh waktu dan butuh effort lebih. Lu pikir aja lebih gampang mana daripada nyari rumah baru yg nawarin kenyaman lebih?",setelah apinya padam emang masalahnya selesai harus bangun lagi butuh biaya butuh waktu dan butuh effort lebih kamu pikir saja lebih gampang mana daripada mencari rumah baru yang nawarin kenyaman lebih,negatif,62.25,negatif
@NAHCB97 Gmn engga tempat kerja ku isinya te en ni semua kak jdi yh bahasan gitu sensitif dan te en ni sana emng pd gk suka wkwkwk sbnrnya aku tuh dh private yg di ig nah temen kerjaku ini Cepu ke atasan Aminnnn kakkk sekali dapet di luar negeri Aminnn aminnn,gmn engga tempat kerja ku isinya te en ini semua kak jadi yh bahasan gitu sensitif dan te en ini sana memang pada gk suka wkwkwk sbnrnya aku tuh dh private yang di ig nah teman kerjaku ini cepu ke atasan aminnnn kakkk sekali dapat di luar negeri aminnn aminnn,negatif,62.25,negatif
setelah #DirumahAja terbitlah #KaburAjaDulu 😭,setelah dirumahaja terbitlah kaburajadulu,netral,62.26,netral
nabung dulu aja bg,nabung dulu saja abang,negatif,62.26,negatif
#haruskabur,haruskabur,positif,62.26,positif
@jondhez kalo bener gamungkin jadi pelopor #KaburAjaDulu ke Yordania bang,kalau benar gamungkin jadi pelopor kaburajadulu ke yordania bang,netral,62.26,netral
"seandainya gua melek ini dari awal, pasti tujuan gua buat keluar negri",seandainya saya melek ini dari awal pasti tujuan saya buat keluar negri,negatif,62.26,negatif
@f.arief 😭,arief,netral,62.27,netral
Jepang setenang itu 😌 mana syaratnya cuma harus bisa bahasa Jepang doang lu udah aman,jepang setenang itu mana syaratnya cuma harus bisa bahasa jepang doang kamu sudah aman,positif,62.27,positif
@fitfitricantik @pratman66 @HwamulanNgoceh @yaniarsim Bukan gitu Bang. Kalo setara SMA emang iya tapi bukan Paket C. Sekolahnya sama pada umumnya. Memang peraturannya aja yang kayak gitu senua Ijazah dari luar negeri harus memiliki surat penyetaraan dari Kemendikti. Baik kalo mau dibuat lanjut pendidikan atau kerja di Indonesia.,bukan gitu bang kalau setara sama emang iya tapi bukan paket c sekolahnya sama pada umumnya memang peraturannya saja yang kayak gitu senua ijazah dari luar negeri harus memiliki surat penyetaraan dari kemendikti baik kalau mau dibuat lanjut pendidikan atau kerja di indonesia,negatif,62.27,negatif
aku masi pelajar bang. .,aku masi pelajar bang,negatif,62.28,negatif
mampu bersaing kah orang kek elu?,mampu bersaing kah orang seperti kamu,positif,62.28,positif
mulyono hama,mulyono hama,netral,62.29,netral
ke jambi ae bg sini bnyk loker gaji 10 sampe 15 Jt 2 bulan,ke jambi ae abang sini banyak loker gaji sampai jt bulan,netral,62.3,netral
@kans_ohee @tanyarlfes Lu masih percaya sm pemerintah? Pernah dgr ga kasus korupsi dana pensiun di Taspen? Yakin duit kita bakalan aman2 aja? Ngeri malah ditilep nanti sama yg megang. Pokoknya gw trust issue klo soal duit,kamu masih percaya sm pemerintah pernah dgr ga kasus korupsi dana pensiun di taspen yakin duit kita akan aman saja ngeri bahkan ditilep nanti sama yang megang pokoknya saya trust issue kalau soal duit,negatif,62.3,negatif
seandainya gw orang kaya bakal kaya gini,seandainya saya orang kaya bakal kaya gini,positif,62.3,positif
btw KK milih destinasi negara apa ?,ngomong-ngomong kakak milih destinasi negara apa,netral,62.31,netral
#faktabanget,faktabanget,negatif,62.35,negatif
@BojogBongkol @RekamDigital_ ya karena kuncinya disitu bang orangtua kaya kurikulum pendidikannya beda juga. anak dari ekonomi kelas menengah ke bawah mana mungkin bisa punya pemikiran begitu orang sekolah aja gratis dari pemerintah. jangan salahin orang yang ga percaya sama dia cuman kondisinya beda,iya karena kuncinya disitu bang orangtua kaya kurikulum pendidikannya beda juga anak dari ekonomi kelas menengah ke bawah mana mungkin bisa punya pemikiran begitu orang sekolah saja gratis dari pemerintah jangan salahin orang yang ga percaya sama dia cuman kondisinya beda,negatif,62.35,negatif
emg bener kan 😂,emg benar kan,positif,62.37,positif
bismillah akan nyusul nantii yawww #kaburajadulu @yayaya_,bismillah akan nyusul nantii yawww kaburajadulu,positif,62.38,positif
Inpo kerja di luar negeri plisss caranya gimana,inpo kerja di luar negeri plisss caranya bagaimana,netral,62.39,netral
suatu saat nanti aku pasti bisa ke Amerika,suatu saat nanti aku pasti bisa ke amerika,positif,62.4,positif
nasionalisme itu bukan sekedar mencintau negara ini dgn kita tinggal di indo aja. ga korupsi uang rakya bentuk nasionalisme pak...cinta sm negara sendiri bkn serakah,nasionalisme itu bukan sekedar mencintau negara ini dengan kita tinggal di indo saja ga korupsi uang rakya bentuk nasionalisme pak cinta sm negara sendiri bukan serakah,positif,62.4,positif
di Indonesia mau kerja bnyak amat persyaratan yee😂😂😂,di indonesia mau kerja bnyak amat persyaratan yee,positif,62.41,positif
Lebih enak di kampung sendiri bang. Negeriku luar biasa bang. Hanya orang yang berpikir sempit yg seperti itu.,lebih enak di kampung sendiri bang negeriku luar biasa bang hanya orang yang berpikir sempit yang seperti itu,negatif,62.41,negatif
Kapal ajaa,kapal ajaa,positif,62.42,positif
@BigAlphaID Sempat ada tren di medsos tentang #KaburAjaDulu apakah berdasarkan statistik tren itu benar adanya? Berapa angkanya? Bagaimana tanggapan bapak mengenai brain drain? Dimana hal yg sama juga terjadi di negara seperti india dan filipina.,sempat ada trend di medsos tentang kaburajadulu apakah berdasarkan statistik trend itu benar adanya berapa angkanya bagaimana tanggapan bapak mengenai brain drain dimana hal yang sama juga terjadi di negara seperti india dan filipina,netral,62.43,netral
diindo yg kerja gk boleh jelek.,diindo yang kerja gk boleh jelek,negatif,62.45,negatif
"gasss #kaburajadulu
@cheesecu @Skyblue~ @boba rasa matcha🐯 @Miracle✨ @liaaa🌼 @afana.makeup @𐙚⋆°.ᡣ𐭩 𝒀𝒖𝒑𝒊𝒊 ᡣ𐭩.°⋆𐙚 @Kinan @natasha @ayumi",gasss kaburajadulu rasa matcha makeup ᡣ𐭩 𝒀𝒖𝒑𝒊𝒊 ᡣ𐭩 𐙚,negatif,62.46,negatif
"Bingung napa ya orang² pada mau ke Jepang? 🤔ada apa emang disana? napa gak ke Amerika aja? setahu ku Amerika itu negara paling maju, segala hal² modern yang kita pakai sekarang ini buatan dari amerik",bingung kenapa iya orang² pada mau ke jepang ada apa emang disana kenapa gak ke amerika saja setahu ku amerika itu negara paling maju segala hal² modern yang kita pakai sekarang ini buatan dari amerik,negatif,62.47,negatif
"admin gerinda udah pindah ke luarnegri bang kerja dia sekarang, udah ga ngurus medsos 🤣",admin gerinda sudah pindah ke luarnegri bang kerja dia sekarang sudah ga mengurus medsos,netral,62.47,netral
Saya rencana mau kerja di Korea doakan yah guyss,saya rencana mau kerja di korea doakan yah guyss,netral,62.48,netral
"owhhh okok
soalnya info dari om gw harus minimal kuliah 2 thn,,beda tmpat kerja soalnya",owhhh okok soalnya informasi dari om saya harus minimal kuliah tahun beda tmpat kerja soalnya,netral,62.5,netral
cari loker diluar biar bisa #kaburajadulu,cari loker diluar biar bisa kaburajadulu,negatif,62.5,negatif
"di Indonesia kerja serius gaji bercanda
di luar negeri kerja serius gaji juga serius malah +bonus",di indonesia kerja serius gaji bercanda di luar negeri kerja serius gaji juga serius bahkan bonus,positif,62.5,positif
Nah tadi topik diskusinya tuh Apakah orang harus punya pengalaman kerja di luar negeri? Dia tanya Kalo Dokter gmn? Butuh pengalaman kerja di LN ga? Aku jelasin kalo dokter casenya beda krn ada penyetaraan dll TRUSSS dia tanya lagi Loh trus kenapa km mau ambil di LN? ,nah tadi topik diskusinya tuh apakah orang harus punya pengalaman kerja di luar negeri dia tanya kalau dokter gmn butuh pengalaman kerja di ln ga aku jelasin kalau dokter casenya beda karena ada penyetaraan dan lain-lain trusss dia tanya lagi loh trus kenapa kamu mau ambil di ln,netral,62.51,netral
Plisss up supaya diliat bapa wowo,plisss up supaya diliat bapa wowo,positif,62.54,positif
semoga aja banyak yg pindah😭,semoga saja banyak yang pindah,positif,62.54,positif
@Hilmi28 @podo_radong1 Betul dan maaf ustadz...kami sdh ga percaya dg badan² bentukan pemerintah dg dalih amal zakat dll mending kami lgsg donasikan ke yang berhak mendapatkan zakat infak sodakoh dsb ketimbang ke @baznasindonesia !!!,betul dan maaf ustadz kami sdh ga percaya dg badan² bentukan pemerintah dg dalih amal zakat dan lain-lain lebih baik kami langsung donasikan ke yang berhak mendapatkan zakat infak sodakoh dsb ketimbang ke,negatif,62.55,negatif
ini beneran 2030 generasi emas?? cih!,ini beneran generasi emas cih,negatif,62.59,negatif
@worksfess aku mau #KaburAjaDulu ke jepang mari saling mendoakan,aku mau kaburajadulu ke jepang mari saling mendoakan,positif,62.59,positif
@korizen🤍❄️ iya jga ya,iya juga iya,netral,62.59,netral
"Sebab ibarat pemimpin adalah cerminan rakyatnya, para pejabat pejabat di pemerintahan (gak semua) juga berasal dari rakyat, jadi mentalnya akan kebawa hingga mereka menjabat.",sebab ibarat pemimpin adalah cerminan rakyatnya para pejabat pejabat di pemerintahan gak semua juga berasal dari rakyat jadi mentalnya akan kebawa hingga mereka menjabat,positif,62.59,positif
"Siap bekerja di bawah tekanan. !!
kerjaan 4 orang jadi 1 orang
gaji ttp 1 orang
mau resign tp tmpt lain pasti sama aja gk jauh beda 😅😅😅",siap bekerja di bawah tekanan kerjaan orang jadi orang gaji ttp orang mau resign tapi tempat lain pasti sama saja gk jauh beda,negatif,62.6,negatif
@hnirankara Belum lagi operasional seperti turun naik mobil dinas berikut supir ajudan asisten pribadi serta kunjungan kerja ke luar negeri. semua itu ditanggung negara dgn memakai pajak rakyat,belum lagi operasional seperti turun naik mobil dinas berikut supir ajudan asisten pribadi serta kunjungan kerja ke luar negeri semua itu ditanggung negara dengan memakai pajak rakyat,negatif,62.6,negatif
maaf ya beliau lagi sibuk 😂,maaf iya beliau lagi sibuk,netral,62.62,netral
"Jangan kasih celah untuk di reject saat interview #kaburajadulu

Technical skill aja gaj cukup untuk dapat offer. 

Make sure kamu pelajari culture &amp; values perusahaan… ⬇️",jangan kasih celah untuk di reject saat interview kaburajadulu technical skill saja gaj cukup untuk dapat offer make sure kamu pelajari culture amp values perusahaan,netral,62.62,netral
"""DARI MANA DUIT NYAAA""",dari mana duit nyaaa,negatif,62.65,negatif
"benar banget ini mahh 😅😅
Di Bima juga harus ada orang dalam baru bisa masuk kerja😂😂",benar banget ini mahh di bima juga harus ada orang dalam baru bisa masuk kerja,positif,62.66,positif
dapet terima kasih 😂,dapat terima kasih,positif,62.66,positif
"cari tmpt yg bener aja si, gw lulusan sma jd manager restoran disini😂",cari tempat yang benar saja si saya lulusan sama jadi manager restoran disini,netral,62.67,netral
#kaburajadulu ke singepor,kaburajadulu ke singepor,negatif,62.73,negatif
Mau cepetan cari kerja luar negeri euy...,mau cepetan cari kerja luar negeri euy,positif,62.73,positif
ongkos brpakah bang?,ongkos brpakah bang,negatif,62.74,negatif
"pengen banget ikut #kaburajadulu
tapi baru aja punya bayi umur 4bln, mana anak pertama lagi😭😭",pengen banget ikut kaburajadulu tapi baru saja punya bayi umur bulan mana anak pertama lagi,negatif,62.74,negatif
itss my dreamm bisa pergi ke inggriss,itss my dreamm bisa pergi ke inggriss,positif,62.75,positif
@aiurskiest count me as intl teume; krn kerja di luar negeri ke indo cm setahun 1-2x. beli album bisa banget di GO tp ngambilnya nunggu pulang beli album shipping ke negara tmptku tinggal harganya lbh mahal shippingnya.. untung pny temen teume disini jd patungan delivery feenya ,count me as intl teume karena kerja di luar negeri ke indo cm setahun x beli album bisa banget di go tapi ngambilnya nunggu pulang beli album shipping ke negara tmptku tinggal harganya lbh mahal shippingnya untung pny teman teume disini jadi patungan delivery feenya,positif,62.75,positif
sma sya juga tau nya cuma oh..yes..no doang..,sama sya juga tahu nya cuma oh yes no doang,netral,62.75,netral
gass jepang @cell💗🌷🦕 @cc @dyah,gass jepang,netral,62.76,netral
teman2 minta doanya semoga aku dan @moonbebe bisa kerja dan hidup di luar negeri🙏🏻🥹🥺,teman minta doanya semoga aku dan bisa kerja dan hidup di luar negeri,netral,62.77,netral
"dan.. klo ad kejadian buruk,utk lapor ke pihak berwajib.. cekatan, sigap langsung gass kerja, aksi, nyata. beda di konoha😩🤭",dan kalau ada kejadian buruk untuk lapor ke pihak berwajib cekatan sigap langsung gass kerja aksi nyata beda di konoha,negatif,62.78,negatif
tapi aku tegaskan jika kalian ingin mendirikan usaha sendiri dari awal maka kalian harus siap mental karena dunia bisnis sesungguhnya mengendalikan atau dikendalikan,tapi aku tegaskan jika kalian ingin mendirikan usaha sendiri dari awal maka kalian harus siap mental karena dunia bisnis sesungguhnya mengendalikan atau dikendalikan,netral,62.78,netral
Bissmilah tahun depan tahun depan ya lagi bisa☺️🔥,bissmilah tahun depan tahun depan iya lagi bisa,netral,62.79,netral
bahlil muridnya mulyono gk usah di hiraukan sepatah kata pun dr bahlil,bahlil muridnya mulyono gk perlu di hiraukan sepatah kata pun dr bahlil,netral,62.79,netral
@henderypunya Udahhh #kaburajadulu kahhh??? Safe skies vonnnnn️,udahhh kaburajadulu kahhh safe skies vonnnnn,positif,62.8,positif
siapa yg mau ikut pindah ke swiss? #kaburajadulu,siapa yang mau ikut pindah ke swiss kaburajadulu,netral,62.8,netral
tunggu kontrac gw habis d malay boy gw cooling gimna,tunggu kontrac saya habis di malay boy saya cooling gimna,negatif,62.8,negatif
"pengen juga sii ke gini, tapi belum ada modalnyaa;/",pengen juga sii ke gini tapi belum ada modalnyaa,netral,62.83,netral
"fakta bang
#kaburajadulu
udh gtu bisa kerja harus pake adm yg waw",fakta bang kaburajadulu udh gtu bisa kerja harus pakai adm yang waw,negatif,62.88,negatif
@echva.1 gas Ng korea,gas ng korea,negatif,62.89,negatif
papa michael mending kamu #kaburajadulu jd harqeel bisa hidup tentram HARQEEL GONJANG GANJING #HQ_AGZEPS219 #AsmaraGenZSolid219 #HARQEEL,papa michael lebih baik kamu kaburajadulu jadi harqeel bisa hidup tentram harqeel gonjang ganjing hq_agzeps asmaragenzsolid harqeel,netral,62.89,netral
@jupzoyyy mff udh berencana #kaburajadulu,mff udh berencana kaburajadulu,netral,62.92,netral
pindah ke jepang,pindah ke jepang,negatif,62.92,negatif
nama nya juga negara jalan di tempat,nama nya juga negara jalan di tempat,positif,62.92,positif
tungguuuu bang mau matenging bahasa Inggris ku duluuuu,tungguuuu bang mau matenging bahasa inggris ku duluuuu,netral,62.94,netral
Nasionalisme ..para pejabat negara ..gimana,nasionalisme para pejabat negara bagaimana,negatif,62.94,negatif
semalem mimpi berenang di curug finlandia bagus bat tp bknnya finlandia tu dingin yh. idklah mungkin ini pertanda akan mewujudkan #kaburajadulu,semalem mimpi berenang di curug finlandia bagus bat tapi bukannya finlandia tu dingin yh idklah mungkin ini pertanda akan mewujudkan kaburajadulu,negatif,62.95,negatif
ikut juga lu,ikut juga kamu,netral,62.95,netral
seperti hanya cinta dan malam💀,seperti hanya cinta dan malam,netral,62.96,netral
Yookk pindah yookk 😂,yookk pindah yookk,negatif,62.98,negatif
"dn ingt kalo g ad gcrd ga bsa balik ke amrik lg kita kalo misalnya mau ke indo,",dn ingt kalau g ada gcrd ga bisa balik ke amrik lagi kita kalau misalnya mau ke indo,negatif,63.01,negatif
kerja di luar bg bisa buat rumah bisa buat nikah dan bisa membiayai orang tua umroh,kerja di luar abang bisa buat rumah bisa buat nikah dan bisa membiayai orang tua umroh,positif,63.01,positif
pengen liat epep dunia nyata dlu😘,pengen lihat epep dunia nyata dulu,netral,63.02,netral
kitaa tunggu sampai lulus dulu sekarang Masi kls 1 SMA ☺️,kitaa tunggu sampai lulus dulu sekarang masi kls sama,netral,63.03,netral
@Cygta_12 @tanyarlfes Ini sama kayak cowo korea. Katanya kalau mau cari pasangan korea at least yg pernah kuliah di luar negeri atau kerja di luar biar open minded :),ini sama kayak cowo korea katanya kalau mau cari pasangan korea at least yang pernah kuliah di luar negeri atau kerja di luar biar open minded,positif,63.03,positif
"gua yang coba kerja sana sini, sulit juga untuk mendapatkan gaji diatas umr, mending kerja diluar negeri yg penghasilannya besar dan dijamin hidup nyaman😃🙂",saya yang coba kerja sana sini sulit juga untuk mendapatkan gaji diatas umr lebih baik kerja diluar negeri yang penghasilannya besar dan dijamin hidup nyaman,positif,63.04,positif
Saya cuma pengen kerja kumpeni mematuhi peraturan ketenagakerjaan di sekitaran jaksel dengan jam kerja yang waras dan kerjaan yang gak dibawa pulang supaya saya bisa fokus dengan S2 prep sy ke luar negeri,saya cuma pengen kerja kumpeni mematuhi peraturan ketenagakerjaan di sekitaran jaksel dengan jam kerja yang waras dan kerjaan yang gak dibawa pulang supaya saya bisa fokus dengan s prep saya ke luar negeri,positif,63.04,positif
in this economy kalau kantor kamu mulai betingke mending #kaburajadulu dimulai dari kantor. liat klausul kontrakmu. terakhir w kaboer dari sebuah perusahaan adalah karena nda ada kejelasan setelah kontrak berakhir. w liat kontrak kerja w dan made the decision.,in this economy kalau kantor kamu mulai betingke lebih baik kaburajadulu dimulai dari kantor lihat klausul kontrakmu terakhir w kaboer dari sebuah perusahaan adalah karena tidak ada kejelasan setelah kontrak berakhir w lihat kontrak kerja w dan made the decision,netral,63.08,netral
ujung²na pindah den 🤣🤣🤣,ujung²na pindah den,netral,63.08,netral
Nikmir msh open adopt anak ga sih? Mau minta uang buat kabur ke ln wkwkwk,nikmir masih open adopt anak ga sih mau minta uang buat kabur ke ln wkwkwk,negatif,63.09,negatif
ijin bang mau nanyak abang kabur modal orang dalem apa dari bahasa Inggris trus cari pengalaman soalnya aku pengen kerja luar negri,ijin bang mau nanyak abang kabur modal orang dalem apa dari bahasa inggris trus cari pengalaman soalnya aku pengen kerja luar negri,netral,63.1,netral
"Yang penting sih persyaratan sama gaji nya setara, ya kali persyaratan bejibun tapi gaji cuma 1-3 JT an",yang penting sih persyaratan sama gaji nya setara iya kali persyaratan banyak tapi gaji cuma jt an,negatif,63.11,negatif
@zouzuwi Kesempatan untuk #KaburAjaDulu,kesempatan untuk kaburajadulu,negatif,63.12,negatif
gayamu. terserah dia lah,gayamu terserah dia lah,negatif,63.12,negatif
WKWKWKWKWKKWKW,wkwkwkwkwkkwkw,negatif,63.14,negatif
Alhamdulillah aku udh kabur ke jepang,alhamdulillah aku udh kabur ke jepang,negatif,63.14,negatif
Seyaman ini d Taiwan,seyaman ini di taiwan,netral,63.15,netral
@nabblest pilihan mutlak #KaburAjaDulu ,pilihan mutlak kaburajadulu,negatif,63.17,negatif
"fakta bang
saya aja dah mu Nene""Alhamdulilah kerja di luar negri,gajih ngalahin UMR di indonesia",fakta bang saya saja deh mu nene alhamdulilah kerja di luar negri gajih ngalahin umr di indonesia,negatif,63.17,negatif
"Yuk, siapa tau dapet rumah n 500jt free mas 🤣",yuk siapa tahu dapat rumah dan jt free mas,positif,63.18,positif
dapat bansos bg.,dapat bansos abang,netral,63.19,netral
meskipun ga bisa kek vidio diatas ya bersyukur gue puas dengan hidup gue sekarang.. pesen sih yg pengen kabur.. harap segera kabur biar populasi berkurang 🗿,meskipun ga bisa seperti vidio diatas iya bersyukur saya puas dengan hidup saya sekarang pesen sih yang pengen kabur harap segera kabur biar populasi berkurang,positif,63.19,positif
joinnn ngarep deweee,joinnn ngarep deweee,positif,63.19,positif
Pengalaman 1 tahun wkwk,pengalaman tahun wkwk,netral,63.21,netral
at this point #kaburajadulu demi kewarasan bersama,at this point kaburajadulu demi kewarasan bersama,netral,63.22,netral
"jangan ragukan cinta tanah air kami pak,
Yg memimpin tanah air cinta kami gk?
kerja keluar 1 tahun sama halnya kerja di sini 3 tahun🗿",jangan ragukan cinta tanah air kami pak yang memimpin tanah air cinta kami gk kerja keluar tahun sama halnya kerja di sini tahun,positif,63.23,positif
pada akhirnya bertahan hidup akan jauh lebih penting dari nasionalisme 😭,pada akhirnya bertahan hidup akan jauh lebih penting dari nasionalisme,positif,63.23,positif
Dulu #KaburAjaDulu karena admin merasa better than people around me di kantor. Setelah kabur &amp; kerja di Eropa malah sempat anxious karena banyak yg lebih pintar dari admin But the point stands: kalau kamu merasa pintar &amp; gak berkembang di Indonesia consider #KaburAjaDulu.,dulu kaburajadulu karena admin merasa better than people around me di kantor setelah kabur amp kerja di eropa bahkan sempat anxious karena banyak yang lebih pintar dari admin but the point stands kalau kamu merasa pintar amp gak berkembang di indonesia consider kaburajadulu,positif,63.25,positif
Betul bang dikorea kt lebih sejahtera drod negri konoha cr kerja susah,betul bang dikorea kita lebih sejahtera drod negri konoha cr kerja susah,positif,63.25,positif
Sometime kita-kita lupa luar biasanya kerja sama itu adalah peninggalan berharga kami. Mari praktikkan dalam aktivitas keseharian untuk jaga negeri dan realisasikan kemakmuran kolektif. Bersatu Jaga Negeri https://t.co/XoQTWJVPsr,sometime kita kita lupa luar biasanya kerja sama itu adalah peninggalan berharga kami mari praktikkan dalam aktivitas keseharian untuk jaga negeri dan realisasikan kemakmuran kolektif bersatu jaga negeri,positif,63.26,positif
menyala abngkuh🔥🔥🔥🔥,menyala abngkuh,positif,63.26,positif
marii kita berusahaaa agarr bisaa #kaburajadulu,marii kita berusahaaa agarr bisaa kaburajadulu,positif,63.27,positif
@SahroniNasdem hastag #KaburAjaDulu nya mana bang???,hastag kaburajadulu nya mana bang,negatif,63.28,negatif
@alotsofweird @idextratime @sport @DeadlineDayLive Konoha kali bg indo kaga gitu btw pemerintah sangat mengayomi kalo di indo mah ga pernah tuh pungli² atau morotin rakyat kalo di Konoha sih gw percaya (dg nada sopan dan lemah lembut),konoha kali abang indo tidak gitu ngomong-ngomong pemerintah sangat mengayomi kalau di indo mah ga pernah tuh pungli² atau morotin rakyat kalau di konoha sih saya percaya dg nada sopan dan lemah lembut,negatif,63.29,negatif
@BudiBukanIntel Pendidikan gak rata =&gt; sekolah rakyat Keuangan mikro bermasalah =&gt; KOMERA BUMN gak berAKHLAK =&gt; DANANTARA Bayi anak Stunting =&gt; MBG anak sekolah Pecandu Narkoba =&gt; masukan pesantren Ini bukti pemerintah kita selalu punya solusi out of the box untuk semua masalah #KaburAjaDulu,"pendidikan gak rata begitu sekolah rakyat keuangan mikro bermasalah begitu komera bumn gak berakhlak begitu danantara bayi anak stunting begitu mbg anak sekolah pecandu narkotika, psikotropika, dan obat terlarang begitu masukan pesantren ini bukti pemerintah kita selalu punya solusi out of the box untuk semua masalah kaburajadulu",positif,63.3,positif
@caw 𐙚 ݁𖥔 ݁˖ soon,𐙚 𖥔 soon,negatif,63.35,negatif
"emang lebih baik si
#Kaburajadulu",emang lebih baik si kaburajadulu,positif,63.39,positif
@tahutelurrrrr @txtdrpemerintah Tolong seseorang Post jg komen si luhut ttg #KaburAjaDulu,tolong seseorang post juga komen si luhut tentang kaburajadulu,negatif,63.39,negatif
lu pelajari dulu persentase sama perbandingan nya baru ngatain lawak😂,kamu pelajari dulu persentase sama perbandingan nya baru ngatain lawak,negatif,63.39,negatif
Ke luar negeri sendirian belum. Ntar aja kali ya pas dapet kerja di luar aja sekalian.,ke luar negeri sendirian belum nanti saja kali iya pas dapat kerja di luar saja sekalian,negatif,63.41,negatif
@all @keroon. timnas ❤,timnas,positif,63.43,positif
harus punya rawa rontek kalo kepala terbelah harus bisa balik sendiri😭😭 @Ikram Afro Attamimi @PAYUNGAGUNGTOURORGANIZER @arf_ucil @akushop111 @nilam wardani @RHEE @BOLANG45 @itsmeee tika,harus punya rawa rontek kalau kepala terbelah harus bisa balik sendiri afro attamimi wardani tika,negatif,63.43,negatif
"Nahhh cukup jujur disiplin,rajin klo dijp cukup ini aj si wkwkw ga mandang muka",nahhh cukup jujur disiplin rajin kalau dijp cukup ini saja si wkwkw ga mandang muka,negatif,63.43,negatif
kubu mania😂,kubu mania,positif,63.44,positif
@whathegeez aku sudah packing #kaburajadulu,aku sudah packing kaburajadulu,netral,63.44,netral
pengen diluar negeri kerja,pengen diluar negeri kerja,positif,63.48,positif
mau bgt pls,mau banget pls,positif,63.49,positif
"mumpung masih muda umur 20+ #kaburajadulu udah paling bener aslinya, jangan sampe telat 😅",selagi masih muda umur kaburajadulu sudah paling benar aslinya jangan sampai terlambat,positif,63.5,positif
@StopPlandemit Udh udh kerja keluar negeri aja semuanya gue sarankan sumpah at least sekali seumur hidup cobain kerja di luar negeri bedain culture nya &amp; tentusaja duitnyaa lebih gede. Kek kalo mengharap loker di indo dg sikon saat ini. Semua usaha sdg susah daya beli masyarakat turun.,udh udh kerja keluar negeri saja semuanya saya sarankan sumpah at least sekali seumur hidup cobain kerja di luar negeri bedain culture nya amp tentusaja duitnyaa lebih gede seperti kalau mengharap loker di indo dg situasi dan kondisi saat ini semua usaha sdg susah daya beli masyarakat turun,positif,63.5,positif
@prabowo Pencetus ide #KaburAjaDulu,pencetus ide kaburajadulu,negatif,63.54,negatif
"bang kalau kerja dilaut ga ush ditanya bang yaelah, itu jelas sesuai dengan pekerjaan nya pesiar yg jelas harus disediakan krna ga cuma satu tmpt yg didatangin😭😭😭",bang kalau kerja dilaut ga ush ditanya bang yaelah itu jelas sesuai dengan pekerjaan nya pesiar yang jelas harus disediakan krna ga cuma satu tempat yang didatangin,negatif,63.55,negatif
Pas pertemuan keluarga dan itu juga pertama kali Ijen ijun ketemu. Ijun udah mohon² ke Ijen untuk batalin jodoh2an ini soalnya suara ijun gak didenger di sini. Ijen iya aja sama permintaan ijun Krn Ijun bilang dia masih pengen bebas dia mau coba kerja di luar negeri juga.,pas pertemuan keluarga dan itu juga pertama kali ijen ijun ketemu ijun sudah mohon² ke ijen untuk batalin jodohan ini soalnya suara ijun gak didenger di sini ijen iya saja sama permintaan ijun karena ijun bilang dia masih pengen bebas dia mau coba kerja di luar negeri juga,negatif,63.55,negatif
@worksfess PLSSS AMBILL AJA PLS Selain salary naik dpt bantuan apart and the most imporant thing is BISA #KaburAjaDulu,plsss ambill saja pls selain salary naik dapat bantuan apart and the paling imporant thing is bisa kaburajadulu,negatif,63.57,negatif
beneran harus kerja di luar negeri kalau di indo mah.....,beneran harus kerja di luar negeri kalau di indo mah,negatif,63.57,negatif
Tutorr,tutorr,positif,63.61,positif
Negara lain mendukung #kaburajadulu warga konoha,negara lain mendukung kaburajadulu warga konoha,netral,63.61,netral
@ayayamericano Will do makasih ai #kaburajadulu ,will do terima kasih ai kaburajadulu,positif,63.61,positif
ijin qrt ngng2 #kaburajadulu @fairydazz jd keinget lu mau ke turki,ijin qrt ngng kaburajadulu jadi keinget kamu mau ke turki,positif,63.62,positif
"Ini yg aku rasain bgt dari tahun lalu, katakanlah sok visioner tp aku bener2 setuju sama #kaburajadulu. Udah mulai les bahasa inggris akhir2 ini, pelan2 upgrade skill, ilmu, sama tabungan buat cari kerja di luar negeri. Mungkin belum bisa kalau waktu dekat, tp berusaha dulu 🥲 https://t.co/f3C4fQdvbw",ini yang aku rasain banget dari tahun lalu katakanlah sok visioner tapi aku benar setuju sama kaburajadulu sudah mulai les bahasa inggris akhir ini pelan upgrade skill ilmu sama tabungan buat cari kerja di luar negeri mungkin belum bisa kalau waktu dekat tapi berusaha dulu,positif,63.64,positif
@english_menfess mungkin maksud blio bahasa dunia TAU AH NGAKAK TRUS INGET ITU bahasa ibu kita adalah bahasa inggris we inggris #kaburajadulu,mungkin maksud blio bahasa dunia tahu ah tertawa trus inget itu bahasa ibu kita adalah bahasa inggris we inggris kaburajadulu,negatif,63.65,negatif
Kira-kira apa yang sedang ditutupi pemerintah di balik viralnya kasus Vina Cirebon? Senin Indonesian Gelap #KaburAjaDulu Yuki Kato,kira kira apa yang sedang ditutupi pemerintah di balik viralnya kasus vina cirebon senin indonesian gelap kaburajadulu yuki kato,netral,63.65,netral
komen ni pun aku tujukan utk yg berdokumen lengkap en?,komen ini pun aku tujukan untuk yang berdokumen lengkap en,netral,63.66,netral
Realistis lebih utama dari pada nasionalis 🗿,realistis lebih utama dari pada nasionalis,negatif,63.66,negatif
gass luar negri taa,gass luar negri taa,positif,63.67,positif
"belom lagi wajib bisa bahasa jepang, karna bahasa inggris disana gak dipakek",belum lagi wajib bisa bahasa jepang karena bahasa inggris disana gak dipakek,negatif,63.68,negatif
Pemerintah yang kumaksud itu Kemenekraf karena memang bidangnya. Perlu dimention sebagai bukti masih ada hal baik di tengah krisisnya kepercayaan masyarakat terhadap pemerintah. Awalnya aku pun ga percaya pemerintah support tapi sutradaranya konfirmasi. https://t.co/ab1Ijq3l7L https://t.co/o0frwfo6bb,pemerintah yang kumaksud itu kemenekraf karena memang bidangnya perlu dimention sebagai bukti masih ada hal baik di tengah krisisnya kepercayaan masyarakat terhadap pemerintah awalnya aku pun ga percaya pemerintah support tapi sutradaranya konfirmasi,positif,63.68,positif
Anak mudah Indonesia terinspirasi ini untuk #KaburAjaDulu karena #indonesiagelap,anak mudah indonesia terinspirasi ini untuk kaburajadulu karena indonesiagelap,positif,63.69,positif
Harus menguasai 4 elemen,harus menguasai elemen,netral,63.69,netral
Yuk #kaburajadulu ke Singapura...,yuk kaburajadulu ke singapura,netral,63.73,netral
@MiskinTV_ Ga heran sih banyak yg percaya lah bahar smith ngaku cucu nabi aja banyak yg ngikut. Gw ngerti pemerintah punya program makan gratis. Biar orang2 begini otaknya kebuka,ga heran sih banyak yang percaya lah bahar smith mengaku cucu nabi saja banyak yang ikut saya mengerti pemerintah punya program makan gratis biar orang begini otaknya kebuka,positif,63.74,positif
ikutan nnti,ikutan nnti,netral,63.74,netral
heal yeah 🔥,heal yeah,negatif,63.75,negatif
 BURUAN! LOWONGAN TERBATAS! CV Gemilang Jaya PURWOKERTO lagi butuh MARKETING baru! Gaji bonus komisi sampai tour luar negeri nunggu kamu! Kriteria: Pria/Wanita Min. SMA/sederajat Jujur kerja keras penampilan menarik https://t.co/6Oyb3OieaQ,buruan lowongan terbatas cv gemilang jaya purwokerto lagi butuh marketing baru gaji bonus komisi sampai tour luar negeri nunggu kamu kriteria pria wanita min sama sederajat jujur kerja keras penampilan menarik,positif,63.75,positif
@saksruch1 Kerja remote yang basis perusahaannya luar negeri aja,kerja remote yang basis perusahaannya luar negeri saja,netral,63.77,netral
"Dan ku putuskan untuk mengejar cita""ku kembali 🥺🥺🥺",dan ku putuskan untuk mengejar cita ku kembali,positif,63.77,positif
iyaa betul bngt ayo pindah,iyaa betul bngt ayo pindah,positif,63.78,positif
Utang lunas boleh lah kerja ke luar negeri. Bisa nabung dan bisa beli apapun tanpa mkirin kebutuhan yang lain heheh,utang lunas boleh lah kerja ke luar negeri bisa nabung dan bisa beli apapun tanpa mkirin kebutuhan yang lain heheh,positif,63.78,positif
tiba2 ada keinginan kalo indonesia belum bener abis kuliah pengen nyoba #kaburajadulu entah itu kuliah lagi atau kerja,tiba ada keinginan kalau indonesia belum benar habis kuliah pengen nyoba kaburajadulu entah itu kuliah lagi atau kerja,negatif,63.79,negatif
plis siapapun ajak gue kerja di luar negeri atau kasih info loker beasiswa s2 juga gk papa deh,plis siapapun ajak saya kerja di luar negeri atau kasih informasi loker beasiswa s juga gk papa deh,negatif,63.8,negatif
@hapev527 @kompascom iyaa emang mahal tapi gajinya masih gede makannya orang yang kerja di luar negeri kebanyakan pulang ke Indo bisa beli rumah beli mobil,iyaa emang mahal tapi gajinya masih gede makannya orang yang kerja di luar negeri kebanyakan pulang ke indo bisa beli rumah beli mobil,positif,63.81,positif
ya doain KA☺️,iya doain kakak,positif,63.81,positif
menyalaaaaa kakak....,menyalaaaaa kakak,positif,63.81,positif
@HYBE_MERCH @HYBEOFFICIALtwt malah mereka kreatif dan inovatif. bnyk fans jg yg anak DKV jd rekrut mereka aja sana dr luar negeri gas mau wfh jg boleh. modal dikit! tp klo perusahaan udh punya tlong disuruh kerja yg becus!!,bahkan mereka kreatif dan inovatif banyak fans juga yang anak dkv jadi rekrut mereka saja sana dr luar negeri gas mau wfh juga boleh modal dikit tapi kalau perusahaan udh punya tlong disuruh kerja yang becus,positif,63.84,positif
Jadi... Mau #KaburAjaDulu? Boleh banget! Tapi siapin dirimu dulu ya. Mulai dari pelatihan ambil sertifikasi dan asah skill bahasa. Yuk upgrade your skill &amp; improve yourself with us! ,jadi mau kaburajadulu boleh banget tapi siapin dirimu dulu iya mulai dari pelatihan ambil sertifikasi dan asah skill bahasa yuk upgrade your skill amp improve yourself with us,netral,63.84,netral
@DestsPangestuni @McL_Wong @b_arbiella @ARSIPAJA Hobby studi banding maksudnya adalah kerja sambil jalan2 ke luar negeri. Itu yg ada dipikirannya. Studi banding gak harus ke luar negeri. Studi banding bisa secara online atau mendatangkan pihak luar ke sini.,hobby studi banding maksudnya adalah kerja sambil jalan ke luar negeri itu yang ada dipikirannya studi banding gak harus ke luar negeri studi banding bisa secara online atau mendatangkan pihak luar ke sini,positif,63.86,positif
"kerja 2 tahun aja, trus sambil lpk ke jepang. kalo udh siap tinggal #kaburAjaDulu",kerja tahun saja trus sambil lpk ke jepang kalau udh siap tinggal kaburajadulu,netral,63.87,netral
@RyuDeka #kaburajadulu dimulai dr bapak pejabat,kaburajadulu dimulai dr bapak pejabat,netral,63.88,netral
secapek ini dapat 1.5 jt...😭😭,secapek ini dapat jt,positif,63.91,positif
"ngambil jalur visa kek ny, Ama bea cukai d naikin klw lu pulang bawa barang yakin lh mereka naikin harga pajak ny😂",mengambil jalur visa seperti ny sama bea cukai di naikin kalau kamu pulang bawa barang yakin lh mereka naikin harga pajak ny,netral,63.91,netral
tau kan kenapa papua mau merdeka juga 🗿,tahu kan kenapa papua mau merdeka juga,positif,63.91,positif
Yuk #kaburajadulu ke taiwan @DakotaGeorgy ...,yuk kaburajadulu ke taiwan,netral,63.93,netral
bagi yang mau ke luar negri hati hati di sekap sama di ambil organ organ tubuh kita,bagi yang mau ke luar negri hati hati di sekap sama di ambil organ organ tubuh kita,netral,63.95,netral
pengen keluar negri,pengen keluar negri,negatif,63.95,negatif
"we saya Mak Mak tau🙏🤣🤣🤣,dn suami jg kerja bareng,tapi suami dah pulang duluan,bisnis ternak wedus🤭🤭🤭",we saya ibu ibu tahu dn suami juga kerja bareng tapi suami deh pulang duluan bisnis ternak wedus,netral,63.97,netral
gw jg KL usia 20an pengen kabur dr Konoha ini...hidup sehat dinegeri yg Saket...,saya juga kalau usia an pengen kabur dr konoha ini hidup sehat dinegeri yang saket,negatif,63.99,negatif
@kelinshi Walah ternyata aku sesiap itu untuk #kaburajadulu,walah ternyata aku sesiap itu untuk kaburajadulu,negatif,64.0,negatif
iya tapi Indi maunya yg muda dan sakti bisa membelah bumi yg tua ga dapat jatah kerja usia 36 malah kena lay off selalu bermasalah dengan usia padhal experienced ga usah ditanya gaji nurut perusahaan,iya tapi indi maunya yang muda dan sakti bisa membelah bumi yang tua ga dapat jatah kerja usia bahkan kena lay off selalu bermasalah dengan usia padhal experienced ga perlu ditanya gaji nurut perusahaan,positif,64.01,positif
Ngakak kecil kak,tertawa kecil kak,negatif,64.01,negatif
Story WA tmn w serius2 bgt yg S2 di luar negeri foto dlu pemandangan yg cari kerja foto mo interview yg kerja foto lunch eaaa yg berkeluarga foto anak yg serius pacaran up dlu cinta2an. Meanwhile w yg floating unemployed ini (kdg kerja kdg engga) cm up yaoi mulu ,story wa tmn w serius banget yang s di luar negeri foto dulu pemandangan yang cari kerja foto mau interview yang kerja foto lunch eaaa yang berkeluarga foto anak yang serius pacaran up dulu cintaan meanwhile w yang floating unemployed ini kdg kerja kdg engga cm up yaoi melulu,positif,64.02,positif
semoga panggilan #kaburajadulu itu segera menghampiri kita semua ,semoga panggilan kaburajadulu itu segera menghampiri kita semua,positif,64.05,positif
"setiap tahun yg keluar tuh banyak dan bertambah,, cuman skrng aja lagi momen trendingnya",setiap tahun yang keluar tuh banyak dan bertambah cuman skrng saja lagi momen trendingnya,positif,64.05,positif
"pantesan tanteku ke dubai, mana ga ngajak² syedih kalik😭",pantesan tanteku ke dubai mana ga ngajak² syedih kalik,netral,64.08,netral
"lawangan kerja banyak bhai di malaysia, org² malaysia pun bnyk yg bukak bisnis dan kerjakan warga asing.",lawangan kerja banyak bhai di malaysia org² malaysia pun banyak yang bukak bisnis dan kerjakan warga asing,netral,64.09,netral
Disuruh bayar klo mau keterima kerja juga🤣,disuruh bayar kalau mau keterima kerja juga,negatif,64.1,negatif
semoga trend ini Masi lanjut sampe 2026,semoga trend ini masi lanjut sampai,positif,64.1,positif
@imnameilm @tanyarlfes Masih ada dan mulai berpikir untuk kerja ke luar negeri agar lebih mudah ngumpulin duitnya,masih ada dan mulai berpikir untuk kerja ke luar negeri agar lebih mudah ngumpulin duitnya,positif,64.11,positif
presensi dulu bang,presensi dulu bang,netral,64.11,netral
huaaaaaaa ikuttt bgg,huaaaaaaa ikuttt bgg,positif,64.12,positif
@tanyarlfes Lah yg kmrin pke #kaburajadulu tu mana ? Lah ini kesempatan d kasi peluang,lah yang kmrin pke kaburajadulu tu mana lah ini kesempatan di kasi peluang,negatif,64.14,negatif
NAIKIN HATAQ #KABURAJADULU ENTAR LAGI GW JOIN,naikin hataq kaburajadulu entar lagi saya join,negatif,64.15,negatif
tutor kak😭,tutor kak,netral,64.16,netral
"syaratnya lu nikah sama org sana ,bukan main tinggal ajah 🤣🤣🤣",syaratnya kamu nikah sama org sana bukan main tinggal ajah,netral,64.2,netral
#KaburAjaDulu by wakil rakyat https://t.co/yM3wZR7u1L,kaburajadulu by wakil rakyat,netral,64.21,netral
di konoha umur 55 udh d anggap jompo .🥺,di konoha umur udh di anggap jompo,negatif,64.23,negatif
Belajar ilmu matematika yg bener. Beres SMA segera kabur kuliah ke luar negeri. MIT klo bisa. Kerja di silicon valley. Jadi orang kaya biar bisa bantu saudara2 di tanah air. Mending tinggal di luar negeri aja. Ke Indonesia mending klo mau liburan aja. #kaburajadulu,belajar ilmu matematika yang benar beres sama segera kabur kuliah ke luar negeri mit kalau bisa kerja di silicon valley jadi orang kaya biar bisa bantu saudara di tanah air lebih baik tinggal di luar negeri saja ke indonesia lebih baik kalau mau liburan saja kaburajadulu,negatif,64.23,negatif
selamat carmen kamu sudah menjalankan misi #KaburAjaDulu dan dapet gaji di atas UMR,selamat carmen kamu sudah menjalankan misi kaburajadulu dan dapat gaji di atas umr,positif,64.26,positif
@•tata wess gekk siap siapp bar subuhh mangkatt,tata wess gekk siap siapp bar subuhh mangkatt,positif,64.27,positif
Sabi gak sih kalo misalkan warung Madura buka di Eropa 🗿🗿,sabi gak sih kalau misalkan warung madura buka di eropa,netral,64.27,netral
@sabrinaazel Yang sudah #kaburajadulu gak usah balik aja deh....,yang sudah kaburajadulu gak perlu balik saja deh,negatif,64.28,negatif
si anji 😭 tiba2 nongol,si anji tiba nongol,negatif,64.28,negatif
yg gajinya dibawah 1jt perbulan sini ngumpul 🙂👍🏻,yang gajinya dibawah jt perbulan sini berkumpul,negatif,64.3,negatif
@shitlicious Ya mending liburan lah mereka. The real tagar #kaburajadulu ,iya lebih baik liburan lah mereka the real tagar kaburajadulu,positif,64.33,positif
"2020 : #dirumahaja
2025 : #KaburAjaDulu
2030 : #KrisisEkonomi
2035 : #IndonesiaBubar",dirumahaja kaburajadulu krisisekonomi indonesiabubar,negatif,64.35,negatif
ORANG DALAM related bgt 😂,orang dalam related banget,positif,64.35,positif
@randomable_ Fixxx #GibranPresiden2029 gacoorr gak ada lawan mampussss #kaburajadulu,fixxx gibranpresiden gacoorr gak ada lawan mampussss kaburajadulu,negatif,64.37,negatif
"Mau kerja di indo minimal punya orang dalam kak🥲
Skil & pengetahuan itu nomor sekian yang penting punya orang dalam,makanya banyak yang nganggur 🥲",mau kerja di indo minimal punya orang dalam kak skil pengetahuan itu nomor sekian yang penting punya orang dalam makanya banyak yang tidak punya pekerjaan,negatif,64.39,negatif
all is lost save yourself,all is lost save yourself,negatif,64.39,negatif
HIDUP BLONDE Yuki Kato Indonesia Gelap JAKEHOON BEST CHEMISTRY 3 Agustus AJINOMOTO X WILLIAMEST #TiffanyIcons #ENHYPEN_SUNGHOON #KaburAjaDulu #JAKEHOONBESTDUO https://t.co/8U98N1FzzA,hidup blonde yuki kato indonesia gelap jakehoon best chemistry agustus ajinomoto x williamest tiffanyicons enhypen_sunghoon kaburajadulu jakehoonbestduo,netral,64.41,netral
Kekejaman majikan terhadap para Tenaga Kerja Wanita atau TKW di luar negeri terus terjadi. Seorang TKW disiksa majikan kini hanya bisa terbaring di ranjang. Diketahui Ida merupakan TKW asal Kabupaten Kerinci Jambi yang bekerja di Penang Malaysia. https://t.co/w0m2CWXN0j,kekejaman majikan terhadap para tenaga kerja wanita atau tkw di luar negeri terus terjadi seorang tkw disiksa majikan kini hanya bisa terbaring di ranjang diketahui ida merupakan tkw asal kabupaten kerinci jambi yang bekerja di penang malaysia,netral,64.41,netral
@sbyfess Kerja di luar negeri sambil ngumpulin uang. Kalau uangnya cukup banyak pulang ke indo. Buka peternakan atau paling enggak beli SBN atau deposito. Jadi tuh financial freedom.,kerja di luar negeri sambil ngumpulin uang kalau uangnya cukup banyak pulang ke indo buka peternakan atau paling tidak beli sbn atau deposito jadi tuh financial freedom,netral,64.42,netral
cabut rumput ja di taiwan 1 bulan masih dapat 14jt😅,pergi rumput saja di taiwan bulan masih dapat jt,negatif,64.42,negatif
"kursus bahasa inggris atau luar negri lainnya, bikin paspor atau visa, bawa uang sekian juta tergantung negara yang di tuju. kurang lebih kek gitu yang saya tau bang🙏",kursus bahasa inggris atau luar negri lainnya bikin paspor atau visa bawa uang sekian juta tergantung negara yang di tuju kurang lebih seperti gitu yang saya tahu bang,netral,64.46,netral
guys aku give up ya soal tka.. mau fokus belajar bahasa aja buat kerja diluar #kaburajadulu,teman-teman aku give up iya soal tka mau fokus belajar bahasa saja buat kerja diluar kaburajadulu,netral,64.46,netral
ganti m,ganti m,netral,64.47,netral
"belajar dulu donk kk, 3 atau 6 bulan aja yg penting fokus insyaAllah bakal ngerti bahasa dasarnya.
aq belajar cuma 3 bulan kk dulu, maklum TKI 🤭",belajar dulu donk kakak atau bulan saja yang penting fokus insyaallah bakal mengerti bahasa dasarnya saya belajar cuma bulan kakak dulu maklum tki,negatif,64.48,negatif
Yuk yang mau #Kaburajadulu jalur kuliah pake uang pajak orang indo yang kerja di Jepang! Cus dicoba!!! https://t.co/m6J4uQnzNy,yuk yang mau kaburajadulu jalur kuliah pakai uang pajak orang indo yang kerja di jepang cus dicoba,negatif,64.49,negatif
KAAKK DOAIN BISA NYUSUL SECEPATNYAA,kaakk doain bisa nyusul secepatnyaa,positif,64.5,positif
Mari kerja dalam negeri dan menabung di bank luar negeri saja. #GakKabur #KaburAjaDulu,mari kerja dalam negeri dan menabung di bank luar negeri saja gakkabur kaburajadulu,positif,64.5,positif
bismillah lulus sekolah ke jepang,bismillah lulus sekolah ke jepang,positif,64.52,positif
"luar negri,dan setuju ke Jepang→→→→",luar negri dan setuju ke jepang,netral,64.57,netral
@ThatSun510 @BukanAntarkota @mulkanjabariyan @StopPlandemit @ranglasi @seekracle @Faraz_kepri @FirmanSentosa22 @mamakchayank @SumandoGaek kmrn war rame ama akun2 pro-vax di lapak @sdenta bs dibilang semua ga suka kebijakan2 pemerintah sampai ada yg gak percaya ama si BGS. tapi masalah vaksin udah kek Kultus dah pokoknya ,kemarin war ramai sama akun profesional vax di lapak bisa dibilang semua ga suka kebijakan pemerintah sampai ada yang gak percaya sama si bagus tapi masalah vaksin sudah seperti kultus deh pokoknya,negatif,64.62,negatif
ya Allah bisa ya Allah,iya allah bisa iya allah,netral,64.63,netral
Hahahahahah,hahahahahah,positif,64.63,positif
"1 keuangan yang maha esa
2 kemanusiaan yang adil jika ada uang
3 keuangan Indonesia
4 kerakyatan yang dipimpin jika ada uang
5 keadilan rakyat jika ada uang",keuangan yang maha esa kemanusiaan yang adil jika ada uang keuangan indonesia kerakyatan yang dipimpin jika ada uang keadilan rakyat jika ada uang,netral,64.64,netral
@jokoanwar Om kapan tayang ini menarik ni seperti nya #maukaburkemana #KaburAjaDulu,om kapan tayang ini menarik ini seperti nya maukaburkemana kaburajadulu,negatif,64.64,negatif
bang gw jg berusaha biar kek lu,bang saya juga berusaha biar seperti kamu,positif,64.65,positif
sampai sugeh mas wkkwkwkwk 😅😅😅😅😅😅,sampai sugeh mas wkkwkwkwk,positif,64.66,positif
"wkwwk, dri dlu udh kepikiran ke jpg",wkwwk dari dulu udh terpikirkan ke jpg,negatif,64.67,negatif
Kualifikasi pekerjaan aj harus menguasai beberapa elemen.wkwkkw,kualifikasi pekerjaan saja harus menguasai beberapa elemen tertawa,netral,64.69,netral
nasional doang gabikin kenyang pakkk😭🙏,nasional doang gabikin kenyang pakkk,negatif,64.69,negatif
di Indonesia sebenarnya banyak uang tapi uang nya masih di kantor pemerintah 🫢,di indonesia sebenarnya banyak uang tapi uang nya masih di kantor pemerintah,netral,64.69,netral
2in ajak akuu 😭😭😭,in ajak akuu,netral,64.73,netral
gw bukan mau trend bang tapi gw emang butuh pekerjaan 😊,saya bukan mau trend bang tapi saya emang butuh pekerjaan,negatif,64.74,negatif
doain bisa secepatnya #kaburajadulu https://t.co/iLpTpl2xxk,doain bisa secepatnya kaburajadulu,positif,64.75,positif
sama kita bang,sama kita bang,netral,64.75,netral
klu bisa bahasa nya siih mending kerja d luar negeri,klu bisa bahasa nya siih lebih baik kerja di luar negeri,positif,64.76,positif
nakes udh lulus sejak thn kmrin + belum kerja. Yg bilang pasar kerja di dlm negeri baik2 saja ya hanya pemerintah saranku pragmatis aja dulu km bisa terima dulu tawaran ortumu utk sementara sblm dpt kerjaan nakes if possible: coba apply ke fasyankes di luar daerah km/di LN,nakes udh lulus sejak tahun kmrin belum kerja yang bilang pasar kerja di dlm negeri baik saja iya hanya pemerintah saranku pragmatis saja dulu kamu bisa terima dulu tawaran ortumu untuk sementara sblm dapat kerjaan nakes if possible coba apply ke fasyankes di luar daerah kamu di ln,negatif,64.77,negatif
cita cita ku ingin meninggalkan negri ini,cita cita ku ingin meninggalkan negri ini,positif,64.8,positif
Isu membludaknya kebutuhan lapangan pekerjaan mendapat perhatian publik beberapa waktu terakhir. ⁣ ⁣ Pengusaha memandang bahwa membuka akses masyarakat dalam menjangkau lapangan kerja di luar negeri bisa menjadi salah satu solusi.⁣ ⁣ &gt;&gt; https://t.co/WBcOoRDugF https://t.co/coq76TPWVK,isu membludaknya kebutuhan lapangan pekerjaan mendapat perhatian publik beberapa waktu terakhir pengusaha memandang bahwa membuka akses masyarakat dalam menjangkau lapangan kerja di luar negeri bisa menjadi salah satu solusi begitu begitu,positif,64.8,positif
@Einzelkampfen 100jt sebulan? Setara average income di US ya. Jadi menurut lu org yg kerja di luar negeri pahlawan devisa harus die,jt sebulan setara average income di us iya jadi menurut kamu org yang kerja di luar negeri pahlawan devisa harus die,netral,64.81,netral
ka 😭🗿,kakak,positif,64.82,positif
"Inpo loker di Jepang, Tp yg gapake modal… 🥺",inpo loker di jepang tapi yang gapake modal,netral,64.83,netral
aku di UK enak nyari duit disini tapi di belanjain di Indonesia,aku di uk enak mencari duit disini tapi di belanjain di indonesia,negatif,64.85,negatif
harus doain ya,harus doain iya,positif,64.87,positif
"I don't think there's anything bad about this video, besides it's their choice, you can't just say tt is 'penurun iq😂'",i don t think there s anything bad about this video besides it s their choice you belum t just say tt is penurun iq,negatif,64.87,negatif
tapi jangan berekspetasi lebih ya. nanti aku terbebani. terjun ke politik kadang terasa menakutkan. padahal mau kerja di badan amal aja. ya kerjain apa yang aku bisa. sisanya ku pikir nanti. dan gak ada salahnya aku punya koneksi ke luar negeri.,tapi jangan berekspetasi lebih iya nanti aku terbebani terjun ke politik kadang terasa menakutkan padahal mau kerja di badan amal saja iya kerjain apa yang aku bisa sisanya ku pikir nanti dan gak ada salahnya aku punya koneksi ke luar negeri,negatif,64.88,negatif
bandung dek..,bandung adik,positif,64.89,positif
Setidaknya yang dapet LPDP itu sharing gimana kuliah di luar negeri belajar apa aja neliti apa aja. Tau sendiri dari SMA ke kuliah itu semembingungkan apa. Sekarang isinya pada traveling kerja ma bule dsb. Bikin aja opsi student loan drpd beasiswa. Malah cuan.,setidaknya yang dapat lpdp itu sharing bagaimana kuliah di luar negeri belajar apa saja neliti apa saja tahu sendiri dari sama ke kuliah itu semembingungkan apa sekarang isinya pada traveling kerja ma bule dsb bikin saja opsi student loan drpd beasiswa bahkan cuan,negatif,64.91,negatif
nasionalisme bukan sekedar diucap pa bahlu wkwk tpi dilaksanakan,nasionalisme bukan sekedar diucap pa bahlu wkwk tapi dilaksanakan,netral,64.92,netral
😂😂Para manusia kocak,para manusia kocak,positif,64.93,positif
"sabar bg lgi les bhs jpng
lulus skolh otw jepang","sabar abang lagi les bhs jpng lulus skolh on the way, sedang di jalan jepang",positif,64.94,positif
allahumma sholli aʼla sayyidina muhammad wa ala ali muhammad,allahumma sholli aʼla sayyidina muhammad wa ala ali muhammad,netral,64.94,netral
"samaa kak aku pn nglamar sana sini susah bett, sekli nya ada panggilan eh gaada kbr lgi dri hrd nya. pngn bgt krja kluar negri tpi biaya nya jhga lmayan ps mau brngkt mna adik msh skolah bnyk pertimbngn",samaa kak aku pn nglamar sana sini susah bett sekli nya ada panggilan eh tidak ada uang kabar lagi dari hrd nya pngn banget krja kluar negri tapi biaya nya jhga lmayan ps mau berangkat mna adik masih skolah banyak pertimbngn,negatif,64.94,negatif
bisa ga ya kuliah atau kerja di luar negeri? mau BANGET ,bisa ga iya kuliah atau kerja di luar negeri mau banget,netral,64.95,netral
doa aja yang baik baik buat negara kita,doa saja yang baik baik buat negara kita,positif,64.95,positif
bentar lg plis baru setengah dari target tabungan 😔,sebentar lagi plis baru setengah dari target tabungan,netral,64.96,netral
mmg la bila tempoh dh tamat ada yg tknk balik 🗿 pastu Malaysia kene tmpung ramai warga asing,mmg lah bila tempoh dh tamat ada yang tknk balik pastu malaysia kene tmpung ramai warga asing,negatif,64.97,negatif
kocak malah #KaburAjaDulu,kocak bahkan kaburajadulu,positif,64.98,positif
@sbmptnfess Masih percaya kalo hidup kita ga ada sangkut pautnya sama pemerintah? Mau masuk kedokteran di univ bagus aja musti privilege anak orkay. Pdahal meski univ top 1 juga ga sebagus itu kualitas pendidikannya.,masih percaya kalau hidup kita ga ada sangkut pautnya sama pemerintah mau masuk kedokteran di univ bagus saja mesti privilege anak orkay pdahal meski univ top juga ga sebagus itu kualitas pendidikannya,positif,64.99,positif
"setau yg pernah aku demgar, mereka mempersilakan kita bekerja bahkan di umur mencapai lansia pun tidak ada perbandingan selagi ada skills dan tekad",setau yang pernah aku demgar mereka mempersilakan kita bekerja bahkan di umur mencapai lanjut usia pun tidak ada perbandingan selagi ada skills dan tekad,positif,65.0,positif
Work! Di sini ada yg kerja remote jd graphic designer gt ga tp kantornya luar negeri? Bagi tips dong hrs nyiapin apa dan nemunya dmn nyari loker di sini yg umr dan ga masalah klo non jurusan disen susah bener,work di sini ada yang kerja remote jadi graphic designer begitu ga tapi kantornya luar negeri bagi tips dong harus mempersiapkan apa dan nemunya dmn mencari loker di sini yang umr dan ga masalah kalau non jurusan disen susah benar,positif,65.01,positif
Akuu Suka Jepang Tidur Brave Pink #ArtistBersuara ALERTA ALERTA Ojol #KaburAjaDulu Kejaksaan Republik Indonesia Rakyat #WujudkanIndonesiaDamai https://t.co/UXK8XnSin0,akuu suka jepang tidur brave pink artistbersuara alerta alerta ojol kaburajadulu kejaksaan republik indonesia rakyat wujudkanindonesiadamai,positif,65.01,positif
@The_RedsIndo Akhirnya TAA ikut2 tren #KaburAjaDulu,akhirnya taa ikut trend kaburajadulu,positif,65.01,positif
@psbrdx Saya jadi tahu ... Kenapa Direttore Sportivo dari Luar Negeri Justru Sering di Ambil Oleh Friedkin. Ternyata Karena DS dari Italia LAMBAT Kerja nya sebagai contoh ya Ricky Massara ini ‍️‍️,saya jadi tahu kenapa direttore sportivo dari luar negeri justru sering di ambil oleh friedkin ternyata karena ds dari italia lambat kerja nya sebagai contoh iya ricky massara ini,positif,65.02,positif
ajak woy,ajak woy,netral,65.02,netral
sbenernya ak pengen pindah negara .cuma ga punya duid aja😭,sbenernya saya pengen pindah negara cuma ga punya duid saja,negatif,65.02,negatif
ya mending kerja di luar negeri lahh kalo di indo dapet apa dapet hikmah nya doang,iya lebih baik kerja di luar negeri lahh kalau di indo dapat apa dapat hikmah nya doang,negatif,65.04,negatif
plz ajak aku 😢,plz ajak aku,netral,65.04,netral
@sinefilbodong ini ia kak #kaburajadulu,ini ia kak kaburajadulu,netral,65.04,netral
apa itu nasionalisme 😂,apa itu nasionalisme,netral,65.06,netral
Yg kemaren #kaburajadulu siap nih kayaknya,yang kemarin kaburajadulu siap ini kayaknya,negatif,65.08,negatif
bgg ikutt,bgg ikutt,negatif,65.08,negatif
@Kyora139738 @Afat3K bertahan malah lebih #indonesiagelap ,bertahan bahkan lebih indonesiagelap,positif,65.09,positif
Mau berharap tapi gak berharap. Kek gw ga percaya instansi pemerintah apapun itu. Tp setidaknya lumayan buat melani ketar ketir,mau berharap tapi gak berharap seperti saya ga percaya instansi pemerintah apapun itu tapi setidaknya lumayan buat melani ketar ketir,negatif,65.1,negatif
tapi kepengen bgt gw kerja di luar negeri gt its my dream since smk. tp anehnya gw gapunya goals gitu cuman ada keinginan scr garis besar doang aja????? klo gt doang mah smw org jg bisa,tapi mau banget saya kerja di luar negeri begitu its my dream since smk tapi anehnya saya gapunya goals gitu cuman ada keinginan secara garis besar doang saja kalau begitu doang mah semua org juga bisa,negatif,65.1,negatif
selagi masih ada niat pasti bisa😁,selagi masih ada niat pasti bisa,netral,65.11,netral
"kalo meninggal di luar negri,
kita di makamkan di luar negri atau di indo ?",kalau meninggal di luar negri kita di makamkan di luar negri atau di indo,negatif,65.11,negatif
mengurangi saingann,mengurangi saingann,negatif,65.15,negatif
Belakangan ini juga ramai aplikasi yang menyediakan akses jual beli saham luar negeri terutama pasar saham Amerika tapi jika belum pernah transaksi saham sama sekali mungkin lebih baik coba transaksi di BEI dulu supaya paham cara kerja pasar saham dulu,belakangan ini juga ramai aplikasi yang menyediakan akses jual beli saham luar negeri terutama pasar saham amerika tapi jika belum pernah transaksi saham sama sekali mungkin lebih baik coba transaksi di bei dulu supaya paham cara kerja pasar saham dulu,netral,65.17,netral
iya Alhamdulillah... soalnya iparku pamer di STTS dia baru bbrp bulan di luar aku kira kalau di luar di atas gaji kakanya yg di jakarta 12 JT ke atas,iya alhamdulillah soalnya iparku pamer di stts dia baru bbrp bulan di luar aku kira kalau di luar di atas gaji kakanya yang di jakarta jt ke atas,positif,65.17,positif
Kerja luar negeri https://t.co/bkV1K8WYmE,kerja luar negeri,positif,65.18,positif
"yes, we'll feel homesick.. but that's better",yes we ll feel homesick but that s better,netral,65.22,netral
kelas,kelas,positif,65.23,positif
Rakyat Indonesia tak berdaulat rezim antek penjajah RRC kerusakan alam ugal² laut di pagar hampir seluruh NKRI bencana Sumatra lama pulih bencana mau di pindah ke Papua #IndonesiaGelap #IndonesiaTenggelam Lihat video BIMASENA! #TikTok https://t.co/DLIDr47CeY,rakyat indonesia tidak berdaulat rezim antek penjajah rrc kerusakan alam ugal² laut di pagar hampir seluruh nkri bencana sumatra lama pulih bencana mau di pindah ke papua indonesiagelap indonesiatenggelam lihat video bimasena tiktok,negatif,65.25,negatif
Dulu tagar #kaburajadulu katanya nggak cinta tanah air sekarang baru sadar saat tidak bisa kasih lapangan pekerjaan Kurangi Pengangguran Mendikti Saintek Dorong Mahasiswa Indonesia Cari Kerja ke Luar Negeri Klik untuk baca: https://t.co/lD9gP3b7d3,dulu tagar kaburajadulu katanya tidak cinta tanah air sekarang baru sadar saat tidak bisa kasih lapangan pekerjaan kurangi pengangguran mendikti saintek dorong mahasiswa indonesia cari kerja ke luar negeri klik untuk baca,negatif,65.25,negatif
@yunepto karena orang2 pada ga percaya sama pemerintah (aku juga) tapi dalam perkembangan ekosistem web3 di Indo pada akhirnya suka ga suka cepat atau lambat (aku yakin lambat sih) pemerintah pasti akan ikutan terlibat jadi udah fokus cari JP aja dan @yunepto tetap konsisten edukasi,karena orang pada ga percaya sama pemerintah aku juga tapi dalam perkembangan ekosistem web di indo pada akhirnya suka ga suka cepat atau lambat aku yakin lambat sih pemerintah pasti akan ikutan terlibat jadi sudah fokus cari jp saja dan tetap konsisten edukasi,positif,65.27,positif
Memulai hari pertama #kaburajadulu https://t.co/vJvNmuccUx,memulai hari pertama kaburajadulu,netral,65.28,netral
ya Allah pengen banget direkrut foreign company biar #KaburAjaDulu ,iya allah pengen banget direkrut foreign company biar kaburajadulu,positif,65.29,positif
@kompascom Pencatatan data makin baik. Yg penting mikir bgm menciptakan lapangan kerja sebanyak jumlah pencari kerja. Jika perlu atur efisien pekerja untuk luar negeri. Buat simpel jangan dipungli. Kementrian lebih ringan bebannya bila banyak tenaga bisa kerja di neg lain.,pencatatan data makin baik yang penting mikir bgm menciptakan lapangan kerja sebanyak jumlah pencari kerja jika perlu atur efisien pekerja untuk luar negeri buat simpel jangan dipungli kementrian lebih ringan bebannya bila banyak tenaga bisa kerja di neg lain,negatif,65.3,negatif
spil dong,spil dong,negatif,65.31,negatif
wkkwkwkwk 😂,wkkwkwkwk,positif,65.31,positif
soonnnnn aku,soonnnnn aku,positif,65.32,positif
"""Murata Manufacturing""",murata manufacturing,netral,65.32,netral
bisa banget kak,bisa banget kak,netral,65.33,netral
planga plongo dipercaya,planga plongo dipercaya,negatif,65.34,negatif
Sekarang cita cita gw dapet kerja di luar negeri korea china thailand bisaa yok,sekarang cita cita saya dapat kerja di luar negeri korea china thailand bisaa yok,netral,65.35,netral
"kesempatan tdk akan dtg dua kali. Pergunakanlah masa muda/single mu dgn kerja keras, gapai cita²&impian mu itu.",kesempatan tidak akan datang dua kali pergunakanlah masa muda single mu dengan kerja keras gapai cita² impian mu itu,netral,65.35,netral
info,informasi,netral,65.4,netral
ko pinter sihh...🤣🤣,ko pinter sihh,negatif,65.4,negatif
#kaburajadulu adalah harapanku ke Australia di tahun 2025,kaburajadulu adalah harapanku ke australia di tahun,positif,65.41,positif
diluar negeri ada org yang suka nge gibah ga sih? kek ny klo g ad tnng,diluar negeri ada org yang suka nge gibah ga sih seperti ny kalau g ada tnng,negatif,65.42,negatif
lagi berusaha untuk hastag #kaburajadulu wkwk,lagi berusaha untuk hastag kaburajadulu wkwk,netral,65.43,netral
namanya juga tiktoker,namanya juga tiktoker,positif,65.46,positif
@excclsior Wkwkwk sesekali boleh #KaburAjaDulu (liburan) biar ga penat. Makin sibuk dan susah cuti ya tapi kamu?,wkwkwk sesekali boleh kaburajadulu liburan biar ga penat makin sibuk dan susah cuti iya tapi kamu,netral,65.47,netral
Hidup cuma sekali dan aku terlahir sebagai warga negara indonesia. #KaburAjaDulu,hidup cuma sekali dan aku terlahir sebagai warga negara indonesia kaburajadulu,positif,65.47,positif
@noellenih mau join #KaburAjaDulu jadinyaa ,mau join kaburajadulu jadinyaa,netral,65.47,netral
Udah bener... Gerakan #kaburajadulu didukung pemerintah sesuai keinginan kalian,sudah benar gerakan kaburajadulu didukung pemerintah sesuai keinginan kalian,positif,65.48,positif
"rakyat indo, bersiaplah😈😈",rakyat indo bersiaplah,positif,65.49,positif
gw lebih suka kerja di luar negri dr pd di Indonesia karna ya terjamin gajinya beda sama Indonesia gaji ga terjamin malah ngabisin tenaga sama duit doang 😂😂😂😂😂,saya lebih suka kerja di luar negri dr pada di indonesia karena iya terjamin gajinya beda sama indonesia gaji ga terjamin bahkan ngabisin tenaga sama duit doang,positif,65.49,positif
kasih tauu ci,kasih tauu ci,netral,65.5,netral
trend' bisa diteruskn smpe 2027 nggk😭??,trend bisa diteruskn smpe nggk,negatif,65.51,negatif
ke luar negeri aja gak si,ke luar negeri saja gak si,netral,65.51,netral
si bahlil aja suruh pindah ke pulau socotra 😂,si bahlil saja suruh pindah ke pulau socotra,negatif,65.52,negatif
"banyakin belajar bahasa Jepang kalo mau magang ke Jepang, saran ku si ke Jepang bg",banyakin belajar bahasa jepang kalau mau magang ke jepang saran ku si ke jepang abang,positif,65.53,positif
masih sekolah:),masih sekolah,negatif,65.55,negatif
Gaji besar resiko juga besar,gaji besar resiko juga besar,positif,65.55,positif
@Fiiyuu LO HARUS IKUTT,kamu harus ikutt,negatif,65.55,negatif
bnr bgt lagii,bnr banget lagii,positif,65.56,positif
manifesting this year me,manifesting this year me,positif,65.58,positif
"gue udh 5 taun di korea alhamdulillah kebeli tanah , sama bangun rumah ...",saya udh tahun di korea alhamdulillah kebeli tanah sama bangun rumah,positif,65.59,positif
sholawatin aja dlu🥰🥰🥰,sholawatin saja dulu,netral,65.59,netral
@_ranituran presiden dari #kaburajadulu,presiden dari kaburajadulu,netral,65.6,netral
fakta nya mmg bgt..S1 dn pengalaman itu udh ga dipake lg klo ga ada org dalam..trs jg ada batasan umurnya..,fakta nya mmg banget s dn pengalaman itu udh ga dipake lagi kalau ga ada org dalam terus juga ada batasan umurnya,negatif,65.61,negatif
Dan aku yang kabur ke malysia😊,dan aku yang kabur ke malysia,netral,65.62,netral
iy deh gw doain,iy deh saya doain,positif,65.63,positif
kenapa lahir indonesia yaallah,kenapa lahir indonesia yaallah,positif,65.64,positif
"teruslah pura"" bahagia bro",teruslah pura bahagia saudara laki-laki,negatif,65.65,negatif
Buat yang mau #KaburAjaDulu,buat yang mau kaburajadulu,netral,65.67,netral
"pengennn biar bisa ke shanghai,xinjiang,beijing,trss kuliah di shanghai university behhhh",pengennn biar bisa ke shanghai xinjiang beijing trss kuliah di shanghai university behhhh,positif,65.67,positif
Insya Allah gua nyusul ke sana bg,insya allah saya nyusul ke sana abang,positif,65.68,positif
@JAEYUNsaja @GwimaMYSTERY Positif thinking mungkin mau praktekin #kaburajadulu sih bang.. ,positif thinking mungkin mau praktekin kaburajadulu sih bang,positif,65.68,positif
Intinya harus dikawal. Itu inti dari thread Pak Anies. Ga menyatakan setuju/tidak pro/kontra. Beliau masih ada keyakinan dalam hal ini meski banyak yg sudah tidak percaya pada TNI/pemerintah.,intinya harus dikawal itu inti dari thread pak anies ga menyatakan setuju tidak profesional kontra beliau masih ada keyakinan dalam hal ini meski banyak yang sudah tidak percaya pada tni pemerintah,negatif,65.69,negatif
@daniellozkyy Berdasarkan analisis twitmu kepribadianmu tampak resilient tapi lelah menghadapi bipolar diskriminasi kerja dan frustrasi romantis. Kamu outspoken tentang identitas gay doyan cowok Virgo yang mengayomi foodie (sate kambing kopi) dan ambisius kabur ke luar negeri via S2.,berdasarkan analisis twitmu kepribadianmu tampak resilient tapi lelah menghadapi bipolar diskriminasi kerja dan frustrasi romantis kamu outspoken tentang identitas gay doyan cowok virgo yang mengayomi foodie sate kambing kopi dan ambisius kabur ke luar negeri via s,negatif,65.69,negatif
@kemenhub151 Kalo gue ikutin kata emak gue yg bilang beli tiket pesawat setelah terima gaji aja heeew gaa dapat tiket dah gue. Untung belinya di awal bulan. Ga percaya lagi dah sm pemerintah. Liat tuh ga ada tiket lagii,kalau saya ikutin kata emak saya yang bilang beli tiket pesawat setelah terima gaji saja heeew gaa dapat tiket deh saya untung belinya di awal bulan ga percaya lagi deh sm pemerintah lihat tuh ga ada tiket lagii,negatif,65.69,negatif
nah bner bgt,nah bner banget,positif,65.74,positif
@minase_nayuki @icblues kalau liat berita² gini kayak nya pingin #kaburajadulu ke Selandia Baru ,kalau lihat berita² gini kayak nya pingin kaburajadulu ke selandia baru,negatif,65.75,negatif
Hai german buddy! 🇩🇪 Mau belajar bahasa jerman 700k/level dan bisa dicicil? bareng Hello Leute aja! Di kami tersedia kelas A1 - B1 dan benefit lain nya loh jam kelas bisa menyesuaikan murid juga For more info : https://t.co/T8lfiIVC8e ya #kaburajadulu #zonauang #zonajajan,hai german buddy mau belajar bahasa jerman ke level dan bisa dicicil bareng hello leute saja di kami tersedia kelas a b dan benefit lain nya loh jam kelas bisa menyesuaikan murid juga for more informasi iya kaburajadulu zonauang zonajajan,netral,65.77,netral
ikut pls ikuttt,ikut pls ikuttt,netral,65.77,netral
heyy heyyy😂,heyy heyyy,negatif,65.78,negatif
Balik lagi ke #lokercot edisi #kaburajadulu bareng akuh Kali ini ada loker baru dari Jepang yg butuh pengalaman domain spesifik di #softwareengineering yg bisa kalian coba. Langsung cekidot aja yah! @hrdbacot @ezash @primawansatrio @myassirullah @ditoks @ecommurz https://t.co/GqgFE8nkZ0,balik lagi ke lokercot edisi kaburajadulu bareng akuh kali ini ada loker baru dari jepang yang butuh pengalaman domain spesifik di softwareengineering yang bisa kalian coba langsung coba lihat saja yah,netral,65.81,netral
"kerja di luar negri ngumpulin uang banyak"" habis itu investasi buka usaha di Indonesia🗿",kerja di luar negri ngumpulin uang banyak habis itu investasi buka usaha di indonesia,netral,65.81,netral
"yg pindah keluar negri nasibnya bagus semoga selamanya bagus, tapi bagi yg pindah keluar negri nasibnya ga bagus, semoga ada jalan buat bagus",yang pindah keluar negri nasibnya bagus semoga selamanya bagus tapi bagi yang pindah keluar negri nasibnya ga bagus semoga ada jalan buat bagus,negatif,65.81,negatif
"Generasi emas,tapi negara lain sudah pada diamond,platinum, netherite,dll😕",generasi emas tapi negara lain sudah pada diamond platinum netherite dan lain-lain,negatif,65.81,negatif
Pemerintah lebih percaya hal yang dibangun ketika owner mobil memiliki uang lebih (Norwegian Goverment Pension Fund / ADIA) ga salah kalau beli voltage stabilizer. Kalau mobil kalian suzuki baleno yang ball jointnya pecah racksteer oblak thermostat mati water pump jebol -c,pemerintah lebih percaya hal yang dibangun ketika owner mobil memiliki uang lebih norwegian goverment pension fund adia ga salah kalau beli voltage stabilizer kalau mobil kalian suzuki baleno yang ball jointnya pecah racksteer oblak thermostat mati water pump jebol c,negatif,65.82,negatif
SIDEHUSTLE UNTUK MEMBIAYAI #KaburajaDulu menyusil @isnolongerhere ,sidehustle untuk membiayai kaburajadulu menyusil,negatif,65.82,negatif
wibu mimpi vt😂🙏 dipikir kuliah diluar modal pinter mtk & ipa😂 bahasanya jyga wajib dek,wibu mimpi vt dipikir kuliah diluar modal pinter mtk ipa bahasanya jyga wajib adik,negatif,65.82,negatif
@worksfess temen kakaku lulusan dari univ dubai jurusan arsitektur dia malah balik ke indo terus ngeluh disini cari kerja susah akhirnya mau balik ke dubai lagi kata aing ma juga udah bener di luar negeri malah balik kesini lagi anjjj,teman kakaku lulusan dari univ dubai jurusan arsitektur dia bahkan balik ke indo terus ngeluh disini cari kerja susah akhirnya mau balik ke dubai lagi kata saya ma juga sudah benar di luar negeri bahkan balik kesini lagi anjjj,negatif,65.83,negatif
gas bro,gas saudara laki-laki,netral,65.85,netral
Keberhasilan ini merupakan wujud nyata kehadiran negara bagi WNI bermasalah di luar negeri. KBRI Yangon mengapresiasi dukungan otoritas Myanmar serta kerja sama erat dengan Dit. PWNI Kemlu RI dan KBRI Bangkok sehingga proses pemulangan dapat berjalan lancar.,keberhasilan ini merupakan wujud nyata kehadiran negara bagi wni bermasalah di luar negeri kbri yangon mengapresiasi dukungan otoritas myanmar serta kerja sama erat dengan dit pwni kemlu ri dan kbri bangkok sehingga proses pemulangan dapat berjalan lancar,positif,65.86,positif
"Iya bener kata dia, tapi aku disini d hotel dan mostly pake english, ada yg gabisa pake english juga sih",iya benar kata dia tapi aku disini di hotel dan mostly pakai english ada yang gabisa pakai english juga sih,negatif,65.92,negatif
@worksfess di kantor gue gini nder mereka nyediawin beasiswa (bantuan biaya pendidikan) buat jenjang S2 baik di dalam atau di luar negeri. di kantor gue syaratnta IPK nya di atas 3 5 saat S1 pernah jadi karyawan terbaik 3x selama masa kerja. sisanya urusan administrasi,di kantor saya gini nder mereka nyediawin beasiswa bantuan biaya pendidikan buat jenjang s baik di dalam atau di luar negeri di kantor saya syaratnta ipk nya di atas saat s pernah jadi karyawan terbaik x selama masa kerja sisanya urusan administrasi,netral,65.93,netral
please pengen punya pasangan dari negara lain biar bisa #kaburajadulu,please pengen punya pasangan dari negara lain biar bisa kaburajadulu,negatif,65.93,negatif
@itsquaileggs Untung ga daftar CPNS. Gapernah percaya sama yang namanya pemerintah. Apalagi setelah mulyono CS.,untung ga daftar cpns gapernah percaya sama yang namanya pemerintah apalagi setelah mulyono cs,positif,65.93,positif
Sri Sultan Hamengkubuwono X mendatangi masa aksi demonstrasi yang adalah raja Jawa Kerajaan. Sedangkan anggota DPR malah #KaburAjaDulu yang katanya demokrasi. Apakah kita lebih cocok dengan sistem kerajaan agar falsafah Jawa diterapkan untuk keadilan sosial bagi seluruh rakyat,sri sultan hamengkubuwono x mendatangi masa aksi demonstrasi yang adalah raja jawa kerajaan sedangkan anggota dpr bahkan kaburajadulu yang katanya demokrasi apakah kita lebih cocok dengan sistem kerajaan agar falsafah jawa diterapkan untuk keadilan sosial bagi seluruh rakyat,negatif,65.93,negatif
yokk semangat kak kita cari diluar😹🔥,yokk semangat kak kita cari diluar,negatif,65.94,negatif
Gw kl ada kesempatan dan tawaran yg menarik gw juga mau pindah keluar negri #kaburajadulu,saya kalau ada kesempatan dan tawaran yang menarik saya juga mau pindah keluar negri kaburajadulu,netral,65.94,netral
"dorg lari ada dokumen lengkap, so tkpe la. dorg nk merantau jgk mcm korg merantau luar negara",dorg lari ada dokumen lengkap so tkpe lah dorg nk merantau jgk mcm korg merantau luar negara,negatif,65.94,negatif
Tapi karena aku dapet pengalaman kurang baik jadilah.... Gak diizinkan lagi untuk kerja di luar negeri. Pengen ke Jepang atau Korea atau malah ke German? Waktu itu ada yang ajakin wk... Tapi gak yakin orang nya bisa kuat di liar negeri mengingat pernah punya pengalaman,tapi karena aku dapat pengalaman kurang baik jadilah gak diizinkan lagi untuk kerja di luar negeri pengen ke jepang atau korea atau bahkan ke german waktu itu ada yang ajakin wk tapi gak yakin orang nya bisa kuat di liar negeri mengingat pernah punya pengalaman,positif,65.96,positif
hohoho,hohoho,negatif,65.98,negatif
Rekomendasi warnet di sekitaran Kota Tangerang/Jakarta Barat yang internet high speed untuk war WHV Australia dong! #whv #sduwhv #KaburAjaDulu,rekomendasi warnet di sekitaran kota tangerang jakarta barat yang internet high speed untuk war whv australia dong whv sduwhv kaburajadulu,netral,65.99,netral
#NegaraMundur,negaramundur,negatif,66.04,negatif
Felt this mama pernah bilang boleh kuliah di luar negeri mama masih sanggup. Tp aku tau pasti mama bakal kerja 1000x lebih dari biasanya. And yap i choosed to stay here,felt this mama pernah bilang boleh kuliah di luar negeri mama masih sanggup tapi aku tahu pasti mama bakal kerja x lebih dari biasanya and iya i choosed to stay here,positif,66.04,positif
Negara kalo rakyatnya udah ga percaya sama pemerintah sipil biasanya minta tolong dengan militer. Bagaimana ini kita terapkan di MU ambil pelatih dari Special Air Service,negara kalau rakyatnya sudah ga percaya sama pemerintah sipil biasanya minta tolong dengan militer bagaimana ini kita terapkan di mu ambil pelatih dari special air service,negatif,66.05,negatif
persyaratan nya harus bisa menguasai seluruh element di bumi😭,persyaratan nya harus bisa menguasai seluruh element di bumi,netral,66.05,netral
"gen z mkin di tantang, makin di gas lah🤣",gen z mkin di tantang makin di gas lah,negatif,66.05,negatif
Ketua DPR RI @puanmaharani_ri : ..dibalik setiap kata ada pesan dibalik setiap pesan ada keresahan dan dibalik keresahan ada harapan.. __ #Demokrasi #KaburAjaDulu #IndonesiaGelap #NegaraKonoha #BenderaOnePiece https://t.co/fg6nX3o1eu,ketua dpr ri dibalik setiap kata ada pesan dibalik setiap pesan ada keresahan dan dibalik keresahan ada harapan __ demokrasi kaburajadulu indonesiagelap negarakonoha benderaonepiece,netral,66.06,netral
Asli gw kalo punya duid mending pindah,asli saya kalau punya duid lebih baik pindah,netral,66.06,netral
"ibu ku aja dapet fasilitas yang lengkap kayak apartemen, uang makan, kesehatan, dll, nanti kalo aku udah selesai sekolah aku mau ikut Ibu ku bikin trend
#kaburajadulu",ibu ku saja dapat fasilitas yang lengkap kayak apartemen uang makan kesehatan dan lain-lain nanti kalau aku sudah selesai sekolah aku mau ikut ibu ku bikin trend kaburajadulu,negatif,66.09,negatif
"memang rumput tetangga itu selalu terlihat lebih hijau ,,,tp sebenernya sama ja kok,,,,yg di Malaysia jg sering kan yg muji2 indo,,",memang rumput tetangga itu selalu terlihat lebih hijau tapi sebenernya sama saja kok yang di malaysia juga sering kan yang muji indo,positif,66.09,positif
"bismillah semoga bisa nyusul, Aamiin",bismillah semoga bisa nyusul aamiin,positif,66.1,positif
ABIS GAJIAN SAATNYA INVEST IN YOURSELF! BISA DICICIL &amp; ECERAN! Siapin #KaburAjaDulu dengan mulai belajar IELTS! #zonauang #IELTS https://t.co/ow7ccX0IOE,habis gajian saatnya invest in yourself bisa dicicil amp eceran siapin kaburajadulu dengan mulai belajar ielts zonauang ielts,netral,66.13,netral
"me too,pray for me too all.",me too pray for me too all,positif,66.14,positif
ya hidup disana kan juga gak murah anyway dimana pun anda bekerja klo amda benar2x pubya skill yg baik dan prestasi yg baik gak akan kesulitan🙏🙏🙏🙏,iya hidup disana kan juga gak murah anyway dimana pun anda bekerja kalau amda benarx pubya skill yang baik dan prestasi yang baik gak akan kesulitan,positif,66.14,positif
Setelah 5 hari berlelah-lelah ria belajar bahasa jepang. Waktunya temen2 LPK Yoshimura healing bersama nih. Saksikan keseruannya ya.... #kaburajadulu #lpk #lpkjepang #magang #tokuteiginou #lokerterbaru #lokerjepang #fyp #viral #trend https://t.co/Gevbp2ZuSq,setelah hari berlelah lelah ria belajar bahasa jepang waktunya teman lpk yoshimura healing bersama ini saksikan keseruannya iya kaburajadulu lpk lpkjepang magang tokuteiginou lokerterbaru lokerjepang fyp viral trend,netral,66.15,netral
harus bisa rasengan menguasai elemen api air dan udara,harus bisa rasengan menguasai elemen api air dan udara,netral,66.16,netral
bro why are you writing in English it's not like they're going to under it😭🙏,saudara laki-laki why are you writing in english it s not like they reply going to under it,negatif,66.16,negatif
iya dong😁,iya dong,positif,66.19,positif
"pajak diluar negri 10%...
di indo skrg malah 13.5% bang...",pajak diluar negri di indo skrg bahkan bang,negatif,66.2,negatif
berarti kmu diganti kak?,berarti kmu diganti kak,negatif,66.2,negatif
@aartaglia Semoga Indonesia bisa lebih waras dan lebih adil biar kita gak perlu #KaburAjaDulu. Capek jg kalau rakyat selalu harus turun ke jalan buat didengar. Semoga yang di atas sadar kekuasaan itu soal tanggung jawab. Dan yang di bawah seperti kita semoga tetap kuat walau terus diuji. https://t.co/4ArFSPEmLI,semoga indonesia bisa lebih waras dan lebih adil biar kita gak perlu kaburajadulu capek juga kalau rakyat selalu harus turun ke jalan buat didengar semoga yang di atas sadar kekuasaan itu soal tanggung jawab dan yang di bawah seperti kita semoga tetap kuat walau terus diuji,positif,66.23,positif
"pgn ke malay gw asli
#kaburajadulu",pgn ke malay saya asli kaburajadulu,netral,66.23,netral
Masa gagal cuma gara-gara bahasa? Belajar dari sekarang yuk bareng Jepang Koey! Kelas basic-nya bisa kamu intip di link bio~ biar gak cuma paham ramen tapi juga paham seleksi dan bisa langsung pake hastag #KaburAjaDulu ,masa gagal cuma gara gara bahasa belajar dari sekarang yuk bareng jepang koey kelas basic nya bisa kamu intip di link bio biar gak cuma paham ramen tapi juga paham seleksi dan bisa langsung pakai hastag kaburajadulu,netral,66.24,netral
@rozzarilla Betul makanya banyak yang #kaburajadulu Semangat everyone jangan menyerah cari karir (tapi diluar negara jangan disini),betul makanya banyak yang kaburajadulu semangat everyone jangan menyerah cari karir tapi diluar negara jangan disini,negatif,66.24,negatif
@idextratime #kaburajadulu kebaca bgt woeyy,kaburajadulu kebaca banget woeyy,positif,66.24,positif
@tanyakanrl Kampus bagus dibilang jelek. Justru adanya UT ini membantu orang-orang yang kerja bisa tetep kuliah dengan jadwal yang sefleksibel mungkin. Bahkan ada yang kerja di luar negeri tapi kuliahnya di UT kok. Terlebih lagi sistem pembelajarannya mandiri. Ngga semua orang bisa menurutku,kampus bagus dibilang jelek justru adanya ut ini membantu orang orang yang kerja bisa tetep kuliah dengan jadwal yang sefleksibel mungkin bahkan ada yang kerja di luar negeri tapi kuliahnya di ut kok terlebih lagi sistem pembelajarannya mandiri tidak semua orang bisa menurutku,negatif,66.26,negatif
"kalau dokumen lengkap & rezeki dia kat Malaysia apa salah nya, please jaga attitude awak",kalau dokumen lengkap rezeki dia kat malaysia apa salah nya please jaga attitude saya,netral,66.29,netral
Cocokan hashtag #KaburAjaDulu Or #DuluAjaKabur ??????,cocokan hashtag kaburajadulu or duluajakabur,netral,66.31,netral
btul si emil udah mulai pake aku kamu aku kamu #menyesuaikan katanya :D. eh fun fact jio tuh ga terbiasa pake gue elu makanya suka ga konsisten. dari kecil dia ikut papa kerja pindah pindah kadang di luar negeri kadang di indo tapi bukan jakarta. biar gampang dia pake aku kamu.,btul si emil sudah mulai pakai aku kamu aku kamu menyesuaikan katanya di eh fun fact jio tuh ga terbiasa pakai saya kamu makanya suka ga konsisten dari kecil dia ikut papa kerja pindah pindah kadang di luar negeri kadang di indo tapi bukan jakarta biar gampang dia pakai aku kamu,negatif,66.31,negatif
@sourwis @ARSIPAJA Sudah saatnya kita #KaburAjaDulu dan jadi warganya princess noa,sudah saatnya kita kaburajadulu dan jadi warganya princess noa,negatif,66.32,negatif
*butuh,butuh,netral,66.32,netral
DOAIN GUA BENTAR LAGI NYUSUL BG!,doain saya sebentar lagi nyusul abang,positif,66.34,positif
Setuju sama kaburajadulu biar saingan gw berkurang disini😁,setuju sama kaburajadulu biar saingan saya berkurang disini,positif,66.34,positif
"mau ikut trendnya jg, tapi kasi aku duit",mau ikut trendnya juga tapi kasi aku duit,negatif,66.35,negatif
@tanyarlfes Di katain g bakal bisa jadi koki. Keliling dunia. Kerja d luar negeri. Karena ga punya org tua atau previlege. Nyet?? Gue skrg d hk balik indo buat wisuda trs blm kelar wisuda udh di kontrak di USA. Bye bitch,di katain g bakal bisa jadi koki keliling dunia kerja di luar negeri karena ga punya org tua atau previlege nyet saya skrg di hk balik indo buat wisuda terus belum kelar wisuda udh di kontrak di usa bye bitch,negatif,66.36,negatif
Mau ngonten makeup ihhh plz kasih motivasii Mau ngelivee ih tiap hari lah plz semangatin Mau nambah skill ih tp yg gratis semangatin plzz Mau ke luar negeri ih cari duwit dan belajar dulu laa Mau duwitt give me my money yeaaahh Mau kaya ih yaa kerja,mau ngonten makeup ihhh plz kasih motivasii mau ngelivee ih tiap hari lah plz semangatin mau nambah skill ih tapi yang gratis semangatin plzz mau ke luar negeri ih cari duwit dan belajar dulu laa mau duwitt give me my money yeaaahh mau kaya ih yaa kerja,positif,66.36,positif
"nasionalisme emang penting, tp urusan duit tetep lebih dari penting bahkan di atas penting 😁",nasionalisme emang penting tapi urusan duit tetep lebih dari penting bahkan di atas penting,negatif,66.36,negatif
"belajar bahasa butuh brp lama bang?, dan apa aja yang harus di pelajari biar bisa ke negera orang?",belajar bahasa butuh berapa lama bang dan apa saja yang harus di pelajari biar bisa ke negera orang,negatif,66.4,negatif
kerja ngumpulin duit lanjut kerja di jepang abis tu nikah ama cwe jepang😋,kerja ngumpulin duit lanjut kerja di jepang habis tu nikah sama cwe jepang,negatif,66.4,negatif
"Doain bang, tgl 15 feb gua berangkat ke jepang",doain bang tanggal feb saya berangkat ke jepang,positif,66.4,positif
yg dia fikirin aku harus bisa dpt pemasukan yg pasti untuk bekal masa tua misalnya kerja ikut pemerintah dn dpt pensiunan sedangkan ak calon pewaris utama keluarga yg kluargaku juga pengusaha. Senin Indonesian Gelap #KaburAjaDulu Yuki Kato,yang dia fikirin aku harus bisa dapat pemasukan yang pasti untuk bekal masa tua misalnya kerja ikut pemerintah dn dapat pensiunan sedangkan saya calon pewaris utama keluarga yang kluargaku juga pengusaha senin indonesian gelap kaburajadulu yuki kato,positif,66.43,positif
#TidurAjaDulu,tidurajadulu,negatif,66.43,negatif
Emang kebanyakan di luar negeri gada batas usia kerja. Contoh paling simple yang Gen Z semua tau Bunda Corla.,emang kebanyakan di luar negeri gada batas usia kerja contoh paling simple yang gen z semua tahu bunda corla,positif,66.44,positif
#kaburajadulu #indonesiagelap #indonesiacemas,kaburajadulu indonesiagelap indonesiacemas,negatif,66.44,negatif
"Jadi, dengan cara Anda sendiri, malah ngatain atau menyumpahin biar jadi perdagangan manusia. Parah sih, aslinya bisa ditanyain kenapa alasannya, tapi malah disumpahin. Ciri khas banget Indo-nya, bre. 😁",jadi dengan cara anda sendiri bahkan ngatain atau menyumpahin biar jadi perdagangan manusia parah sih aslinya bisa ditanyain kenapa alasannya tapi bahkan disumpahin ciri khas banget indo nya bre,positif,66.44,positif
ANGGOTA DPR rn #kaburajadulu,anggota dpr rn kaburajadulu,negatif,66.45,negatif
@hansdavidian P @.prabowo sang pionir #KaburAjaDulu,p prabowo sang pionir kaburajadulu,netral,66.45,netral
yg tempo hari bingung ke mana mau #kaburajadulu cuss! https://t.co/Lid6jgxgjz,yang tempo hari bingung ke mana mau kaburajadulu cuss,netral,66.47,netral
"gw kalo punya kesempatan bisa ke luar negeri, mending gw kerja keluar negeri dri pada negeri sendiri",saya kalau punya kesempatan bisa ke luar negeri lebih baik saya kerja keluar negeri dari pada negeri sendiri,negatif,66.49,negatif
@yappingfess ikut lpk aja kerja di luar negeri,ikut lpk saja kerja di luar negeri,negatif,66.5,negatif
"Betul, yang teruji seperti Bung Hatta, Sutan Sjahrir, Tan Malaka aja masih aja banyak haters nya. Apalagi kayak si Bahlul ini..",betul yang teruji seperti bung hatta sutan sjahrir tan malaka saja masih saja banyak haters nya apalagi kayak si bahlul ini,negatif,66.51,negatif
dapet pajak 😁,dapat pajak,positif,66.52,positif
@sudirmansaid @prabowo @DPR_RI Ahlinya #KaburAjaDulu,ahlinya kaburajadulu,negatif,66.52,negatif
@thicketofdreams Bisa aja.. Mungkin naik haji atau keliling dunia atau #KaburAjaDulu heol.,bisa saja mungkin naik haji atau keliling dunia atau kaburajadulu heol,negatif,66.54,negatif
iya kayak harus menguasai 10 element,iya kayak harus menguasai element,negatif,66.55,negatif
Kesempatan kerja di luar negeri terbuka lebar nih sob ini dia rekomendasi platform belajar bahasa yang bisa nemenin perjalananmu https://t.co/KOhGxOyPUs,kesempatan kerja di luar negeri terbuka lebar ini sob ini dia rekomendasi platform belajar bahasa yang bisa nemenin perjalananmu,positif,66.55,positif
@berlianidris Rekan kerja usia muda beberapa orang sudah resign dan sebahagian lagi otodidak bahasa dan semuanya tujuannya ke luar negeri,rekan kerja usia muda beberapa orang sudah resign dan sebahagian lagi otodidak bahasa dan semuanya tujuannya ke luar negeri,netral,66.57,netral
GK penting nasi goreng yg penting nasionalisme 🤣🤣,gk penting nasi goreng yang penting nasionalisme,negatif,66.57,negatif
"#KaburAjaDulu
Orang orang gak bakalan cabut kalau pemerintahnya beres hak dan kewajibannya sebagai warga negara yang fair, minimal 3 ini deh :
Pendidikan, kesehatan, kesejahteraan
Fenomena brain drain kayak WNI yang pindah kewarganegaraan ke singapore persentasenya naik terus tiap tahun.
Karena singapore bisa menjamin 3 hal itu, our country failed them & us.
Dan negara kita sendiri kan gak boleh dual cithenship? Ya negara yang maksa buat milih salah satu kan. Dan orang pasti akan pilih yang lebih baik.",kaburajadulu orang orang gak akan pergi kalau pemerintahnya beres hak dan kewajibannya sebagai warga negara yang fair minimal ini deh pendidikan kesehatan kesejahteraan fenomena brain drain kayak wni yang pindah kewarganegaraan ke singapore persentasenya naik terus tiap tahun karena singapore bisa menjamin hal itu our country failed them us dan negara kita sendiri kan gak boleh dual cithenship iya negara yang maksa buat milih salah satu kan dan orang pasti akan pilih yang lebih baik,negatif,66.58,negatif
tunggu gw bang 2 tahun lagi,tunggu saya bang tahun lagi,netral,66.58,netral
@denss_ kita kapan???,kita kapan,negatif,66.58,negatif
"aku s1 gaji 1,5 🥺",aku s gaji,netral,66.59,netral
Sumpah gapaham lg smp terangga kita nyariin job buat #kaburajadulu. Makaseee akaaaak!,sumpah gapaham lagi smp terangga kita mencari job buat kaburajadulu makaseee akaaaak,positif,66.6,positif
"Susahnya yah pasti ada tpi lebih banyak enaknya, balance sih. Kalau gak enak yah mana betah juga😭🙏",susahnya yah pasti ada tapi lebih banyak enaknya balance sih kalau gak enak yah mana betah juga,positif,66.6,positif
Yuk #kaburajadulu ke AS...,yuk kaburajadulu ke as,netral,66.62,netral
keadilan bagi yang ber(uang),keadilan bagi yang ber uang,positif,66.63,positif
Suasana hangat dan penuh semangat menyertai kegiatan Sosialisasi Peluang Kerja ke Luar Negeri dan Migrasi Aman di Kelurahan Harapan Jaya Bekasi Utara,suasana hangat dan penuh semangat menyertai kegiatan sosialisasi peluang kerja ke luar negeri dan migrasi aman di kelurahan harapan jaya bekasi utara,positif,66.63,positif
Kabur ku ke malaysia 🥰 hari hari tengok sawit mas tapi bersyukur keungan membaik,kabur ku ke malaysia hari hari menjenguk sawit mas tapi bersyukur keungan membaik,positif,66.64,positif
Yeaaii kontrak Aupair sudah diterima. Langkah #kaburajadulu ke Jerman makin nyata nih. 🇩🇪️ https://t.co/8ufTLzvEEC,yeaaii kontrak aupair sudah diterima langkah kaburajadulu ke jerman makin nyata ini,positif,66.65,positif
dia ngga tau rakyat indo semakin di tantang malah semakin semangat 😅😅,dia tidak tahu rakyat indo semakin di tantang bahkan semakin semangat,positif,66.65,positif
dapet bansos,dapat bansos,netral,66.67,netral
"wkwkw,temen saya pernah ditawarin kerja ke Kamboja tapi langsung ditolak😂",wkwkw teman saya pernah ditawarin kerja ke kamboja tapi langsung ditolak,negatif,66.69,negatif
"Udah gw lakuin,ini th Ke-5 gw di USA",sudah saya lakuin ini th ke saya di usa,negatif,66.7,negatif
lah iya juga 😹😹😹,lah iya juga,positif,66.7,positif
kakk.. aku masih mau lulus SMP bentar lagi SMA TUNGGU AKU TREND JANGAN PUPUS DULUUU,kakk aku masih mau lulus smp sebentar lagi sama tunggu aku trend jangan pupus duluuu,negatif,66.71,negatif
"kalo yg baru lulus enak mas masuknya, loker pt. kpp tambang batubara kalimantan masih nyari karyawan fress... kalo di tempat saya bagian welder/pengelasan mas di cari cuman harus ada sertifikat bnsp",kalau yang baru lulus enak mas masuknya loker pt kpp tambang batubara kalimantan masih mencari karyawan fress kalau di tempat saya bagian welder pengelasan mas di cari cuman harus ada sertifikat bnsp,positif,66.71,positif
@puffclawndoryn aku juga walaupun kerja di luar negeri tetep ga akan beli merch sampai segitunya,aku juga walaupun kerja di luar negeri tetep ga akan beli merch sampai segitunya,negatif,66.72,negatif
heueuh,heueuh,positif,66.73,positif
"Sodara gw kerja dijepang kuli bangunan ongkos 100jta,gaji 90jt/bln",sodara saya kerja dijepang kuli bangunan ongkos jta gaji jt bulan,netral,66.73,netral
"IYALAGI, WKWK😭😭",iyalagi wkwk,positif,66.74,positif
@TheWannadies_ nakkk udah saatnya #KaburAjaDulu,nakkk sudah saatnya kaburajadulu,negatif,66.75,negatif
guys pls kita sholat tahajud dan doa bareng2 yuk Indonesia bnr2 butuh pertolongan Allah Swt. dan emg cuma Allah yg bisa bantu i m so scared for our future rn orang2 yg menjabat di pemerintahan aren t gonna help us too busy helping themselves alias pd #KaburAjaDulu,teman-teman pls kita sholat tahajud dan doa bareng yuk indonesia bnr butuh pertolongan allah swt dan emg cuma allah yang bisa bantu i m so scared for our future rn orang yang menjabat di pemerintahan aren t gon na help us too busy helping themselves alias pada kaburajadulu,negatif,66.77,negatif
@carmoeera Gede juga tekat lu buat #KaburAjaDulu Jazzz wkwkwkwk.,gede juga tekat kamu buat kaburajadulu jazzz wkwkwkwk,positif,66.78,positif
fixxxxx,fixxxxx,positif,66.78,positif
"malah senang lah pejabatnya, harusnya revolusi bukan kabur aja😏",bahkan senang lah pejabatnya harusnya revolusi bukan kabur saja,positif,66.81,positif
doain biar bisa kabur ke swiss,doain biar bisa kabur ke swiss,negatif,66.82,negatif
Maka apa salahnya untuk migrasi kemana saja. Tuh orang jaman dulu juga hidupnya pindah-pindah untuk menunjang kelangsungan hidup!,maka apa salahnya untuk migrasi kemana saja tuh orang jaman dulu juga hidupnya pindah pindah untuk menunjang kelangsungan hidup,negatif,66.82,negatif
udh pernah ngerasain 1 bln,udh pernah ngerasain bulan,positif,66.83,positif
"iyaa bangg, ini lagii belajarr",iyaa bangg ini lagii belajarr,positif,66.85,positif
@NenkMonica Kuli Di Australia banyak juga dari Vietnam mereka bisa kaya raya loh walau cuma jadi kuli...... Di Konoha waktu rakyat nya mau ke luar negeri buat cari kerja malah di takut takutin... Goblok yah? Bukannya di pasilitasi di permudah di beri idukasi... Kan buat gaji kalian jg?,kuli di australia banyak juga dari vietnam mereka bisa kaya raya loh walau cuma jadi kuli di konoha waktu rakyat nya mau ke luar negeri buat cari kerja bahkan di takut takutin bodoh yah bukannya di pasilitasi di permudah di beri idukasi kan buat gaji kalian juga,positif,66.87,positif
Yuk #KaburAjaDulu ke Perancis...,yuk kaburajadulu ke perancis,negatif,66.89,negatif
Izin on di base soalnya mentab Niko gak ketolong #kaburajadulu,izin on di base soalnya mentab niko gak ketolong kaburajadulu,negatif,66.89,negatif
ayo bdl keliling,ayo bdl keliling,netral,66.89,netral
di indo persyaratan kerja udah kaya persyaratan masuk syurga 😭,di indo persyaratan kerja sudah kaya persyaratan masuk syurga,negatif,66.9,negatif
"kan, di indo itu misalnya kmu punya skill apapun itu, ujung"" nya ga keterima. intinya di indo itu mencakup 1 hal, yakni : penampilan😂",kan di indo itu misalnya kmu punya skill apapun itu ujung nya ga keterima intinya di indo itu mencakup hal yakni penampilan,netral,66.9,netral
dapetin nya juga ga se mudah yg di keliatan blm bayar pajak nya les bahasa dll jd syukurin aja dlu apa yg ada ga ush banyak ribet karna fomo,dapetin nya juga ga se mudah yang di kelihatan belum bayar pajak nya les bahasa dan lain-lain jadi syukurin saja dulu apa yang ada ga ush banyak ribet karena fomo,positif,66.92,positif
bang boleh gak bawa kabur sama uang hasil ngambil kotak amal ?,bang boleh gak bawa kabur sama uang hasil mengambil kotak amal,netral,66.93,netral
engga juga sekarang aku kerja di taiwan tapi boss baik jaga lansia. kemarin aja dapet thr sampe 8jt. Disini lebih dihargai dr pd di indo 😭,engga juga sekarang aku kerja di taiwan tapi boss baik jaga lanjut usia kemarin saja dapat thr sampai jt disini lebih dihargai dr pada di indo,negatif,66.93,negatif
minimal disana ga ada bahlil gibran bisa tidur nyenyak gw.. 😎,minimal disana ga ada bahlil gibran bisa tidur nyenyak saya,positif,66.95,positif
mumpung masih muda gas aja bang👍,selagi masih muda gas saja bang,negatif,66.96,negatif
"ujung2 nya lu kerja jg buat org rumah, otomatis bakal balik",ujung nya kamu kerja juga buat org rumah otomatis bakal balik,netral,66.97,netral
Ngelihat banyak ojol yang membagikan makanan hasil titipan dari teman-teman dari luar negeri ngebuktiin kalau mereka itu kerja pakai hati--ikhlas sehingga bisa amanah atas kepercayaan orang lain. Lalu bagaimana dengan para orang pemegang bangku jabatan di atas sana?,ngelihat banyak ojol yang membagikan makanan hasil titipan dari teman teman dari luar negeri ngebuktiin kalau mereka itu kerja pakai hati ikhlas sehingga bisa amanah atas kepercayaan orang lain lalu bagaimana dengan para orang pemegang bangku jabatan di atas sana,negatif,66.98,negatif
@ardi_tama1 gimana ya bang soalnya setiap orang pasti mengimpikan bisa 'pensiun cepet' dan hidup enak di masa tua. beberapa jalan diantaranya ya ntah kerja di luar negeri (kemudian balik ke negara asal/negara dngn harga jual-belinya murah) atau make investasi.,bagaimana iya bang soalnya setiap orang pasti mengimpikan bisa pensiun cepat dan hidup enak di masa tua beberapa jalan diantaranya iya ntah kerja di luar negeri kemudian balik ke negara asal negara dengan harga jual belinya murah atau make investasi,positif,67.0,positif
@UGM_FESS in case mau kerja di luar negeri bisa coba cari2 tau info buat visa gijinkoku di Jepang. Bisa cari lowongannya di Hello work atau cari TSK terpercaya. Ada beberapa yg butuh sertifikat bhs Jepang tapi ada juga yang ngga butuh. Wish you luck ya kak,in case mau kerja di luar negeri bisa coba cari tahu informasi buat visa gijinkoku di jepang bisa cari lowongannya di hello work atau cari tsk terpercaya ada beberapa yang butuh sertifikat bhs jepang tapi ada juga yang tidak butuh wish you luck iya kak,netral,67.02,netral
3. Sekolah negeri itu di cetak untuk jadi karyawan/pegawai tapi bukan pengusaha guys 4. Lingkungan pertemananmu itu menentukan masa depanmu 5. Gaya hidupmu itu juga dipandang orang kaya 6. Orang kaya tidak pernah pamer guys 7. Dia gak kerja tapi asetnya di luar banyak,sekolah negeri itu di cetak untuk jadi karyawan pegawai tapi bukan pengusaha teman-teman lingkungan pertemananmu itu menentukan masa depanmu gaya hidupmu itu juga dipandang orang kaya orang kaya tidak pernah pamer teman-teman dia gak kerja tapi asetnya di luar banyak,negatif,67.02,negatif
"selama ada niat serius mah gampang"" aja bang🗿",selama ada niat serius mah gampang saja bang,positif,67.03,positif
tutor,tutor,positif,67.03,positif
Apakah ini pertanda untuk menamatkan pendidikan dan #kaburajadulu demi penghidupan yang lebih layak? ,apakah ini pertanda untuk menamatkan pendidikan dan kaburajadulu demi penghidupan yang lebih layak,negatif,67.04,negatif
aku janji Sama diri sndiri bakal ikut tresnd ini 2031/2030,aku janji sama diri sendiri bakal ikut tresnd ini,positif,67.04,positif
gue beneran seneng bgt ngeliat temen temen guru yg sekarang udah pada lari ke luar negeri buat kerja di luar mereka mendapatkan kelayakan lebih dr dulu update an mereka seolah bilang bahwa gapapa kabur aja dulu kalau negara belum siap memberi kelayakan bagi guru gurunya,saya beneran seneng banget melihat teman teman guru yang sekarang sudah pada lari ke luar negeri buat kerja di luar mereka mendapatkan kelayakan lebih dr dulu update an mereka seolah bilang bahwa gapapa kabur saja dulu kalau negara belum siap memberi kelayakan bagi guru gurunya,positif,67.04,positif
"ga cuma kabur pengenya pindah sekalian,syudahh sangat muaakkkkch di negara sendiri🤣",ga cuma kabur pengenya pindah sekalian syudahh sangat muaakkkkch di negara sendiri,negatif,67.05,negatif
balik la menyemak je datang sini,balik lah menyemak je datang sini,negatif,67.08,negatif
dari 2 tahun lalu pengen bgt kursus terus kerja di Korea tapi ga dapet izin orang tua,dari tahun lalu pengen banget kursus terus kerja di korea tapi ga dapat izin orang tua,negatif,67.08,negatif
@worksfess Klo di-hire oleh perusahaan luar dgn hasil kerja dipakai di luar negeri ya minta standar asal negara yg hired. US federal minimum wage itu di US$7 5/jam. Di luar rata2 perhitungan upah per jam. Belum lg perhitungan upah lemburnya.,kalau di hire oleh perusahaan luar dengan hasil kerja dipakai di luar negeri iya minta standar asal negara yang hired us federal minimum wage itu di us jam di luar rata perhitungan upah per jam belum lagi perhitungan upah lemburnya,netral,67.08,netral
@ghozyulhaq @gunawanridwan SDM yg ngelola beda integritasnya maaasss. Ga ada yg percaya sama pemerintah wakanda terutama setelah selama ini ngeliat track recordnya.,sdm yang ngelola beda integritasnya maaasss ga ada yang percaya sama pemerintah wakanda terutama setelah selama ini melihat track recordnya,negatif,67.1,negatif
Anggep aja kuliah S2 &amp; S3 di Luar Negeri. Keluarga di rumah serba cukup uang hasil kerja kemaren. Pulang ke rumah jadi KELUARGA BAHAGIA Kaya Raya. PERLU DITIRU. &gt;&gt;,anggep saja kuliah s amp s di luar negeri keluarga di rumah serba cukup uang hasil kerja kemarin pulang ke rumah jadi keluarga bahagia kaya raya perlu ditiru begitu begitu,positif,67.12,positif
akan saya dukung orang tegal yang #kaburajadulu,akan saya dukung orang tegal yang kaburajadulu,positif,67.12,positif
bang bayarin tiket ke jepang bang 😅😅,bang bayarin tiket ke jepang bang,netral,67.13,netral
may this kind of life find me 🥰 aamiin ya Allah,may this kind of life find me aamiin iya allah,positif,67.13,positif
"nmpak cm pandai,kalau camtu listkan lah keburukan dia? lain la kalau rakyat Malaysia ni rajin nk kerja kuli bangunan kan????",nmpak cm pandai kalau camtu listkan lah keburukan dia lain lah kalau rakyat malaysia ini rajin nk kerja kuli bangunan kan,negatif,67.14,negatif
masih weee,masih weee,positif,67.14,positif
Apa yg bisa lo lakuin biar bisa #kaburajadulu setelah lulus kuliah? Gue mau share apa yg bisa lo lakukan buat membuka peluang &amp; bener2 dapet pekerjaan ke luar negeri. Gue share dr perspektif orang yang gagal yang hampir bisa kabur tp gagal karena kurang maksimal di hal2 ini,apa yang bisa kamu lakuin biar bisa kaburajadulu setelah lulus kuliah saya mau share apa yang bisa kamu lakukan buat membuka peluang amp benar dapat pekerjaan ke luar negeri saya share dr perspektif orang yang gagal yang hampir bisa kabur tapi gagal karena kurang maksimal di hal ini,negatif,67.14,negatif
ke jepang yu #KaburAjaDulu,ke jepang yu kaburajadulu,netral,67.15,netral
dpt apa dg nasionalisme 😂,dapat apa dg nasionalisme,negatif,67.15,negatif
kerja 10 jam🤣,kerja jam,negatif,67.15,negatif
#KaburAjaDulu diawali dari anggota DPR mantep emang kontol.,kaburajadulu diawali dari anggota dpr mantap emang kontol,negatif,67.16,negatif
woyy gua belom prepare tunggu dulu😭,woyy saya belum prepare tunggu dulu,netral,67.18,netral
"bismillah, one day☺️🤲🏻",bismillah one day,positif,67.18,positif
"Nah itu, pdhl aku tinggal d kota kcil jaman itu UMR d kotaku g smpe 700rb tp gjiku psti diatas 1jt -1,25jt",nah itu pdhl aku tinggal di kota kcil jaman itu umr di kotaku g smpe rb tapi gjiku pasti diatas jt jt,negatif,67.19,negatif
@Shizuu.🇮🇩🇯🇵 gass kita ke Jepang,gass kita ke jepang,netral,67.2,netral
Kerja remote bukan lagi tren tapi masa depan. Dapat gaji global kerja dari rumah dan tetap dekat keluarga. ‍‍‍ Selengkapnya soal peluang kerja remote Australia https://t.co/orCH31dDyK,kerja remote bukan lagi trend tapi masa depan dapat gaji global kerja dari rumah dan tetap dekat keluarga selengkapnya soal peluang kerja remote australia,netral,67.2,netral
Orang sukarela bagiin tips/pengalaman mereka sukses beasiswa pengalaman #KaburAjaDulu pengalaman urus dokumen admin negara pengalaman kesehatan. Atau kaya sekarang sama-sama 'ngabarin' pemerintah soal kondisi darurat negara kita.,orang sukarela bagiin tips pengalaman mereka sukses beasiswa pengalaman kaburajadulu pengalaman urus dokumen admin negara pengalaman kesehatan atau kaya sekarang sama sama ngabarin pemerintah soal kondisi darurat negara kita,negatif,67.2,negatif
Sepupu-sepupu dan temen-temen yg milih wowo gendut. Sekarang lg ikutan santuy2 kayak DPR ke luar negeri sambil memetik bunga atau malah memetik hikmahnya? Sambil sibuk kerja kejar deadline beli bbm ngantri panjang ribet bayar pajak sering kejebak macet/banjir di jalan?!,sepupu sepupu dan teman teman yang milih wowo gendut sekarang lagi ikutan santuy kayak dpr ke luar negeri sambil memetik bunga atau bahkan memetik hikmahnya sambil sibuk kerja kejar deadline beli bbm mengantri panjang ribet bayar pajak sering kejebak macet banjir di jalan,negatif,67.2,negatif
2.5 bg,abang,positif,67.23,positif
Tingkat pengangguran tinggi disuruh cari kerja ke LN. Gagal #KaburAjaDulu tapi semoga bisa mempersiapkan bekal untuk anak supaya bisa kabur di masa depan sebelum Indonesia benar2 gela,tingkat pengangguran tinggi disuruh cari kerja ke ln gagal kaburajadulu tapi semoga bisa mempersiapkan bekal untuk anak supaya bisa kabur di masa depan sebelum indonesia benar gela,negatif,67.23,negatif
Hukum siapapun yg menjadi calo,hukum siapapun yang menjadi makelar,negatif,67.24,negatif
trend nyaa jgn ilang dlu smpe akhir tahun😭😭🙏🏻,trend nyaa jangan hilang dulu smpe akhir tahun,negatif,67.25,negatif
"wkwkwk aku lulus smk memilih lngsng kerja baru lanjut kuliah biar pas lulus kuliah tinggal lanjutin karir di tmpt kerja wkkww, aku yakin krna kamu juga apply cv di tmpt tmp yg layak untuk S1 kamu makanya agak susah cari yg sesuai",wkwkwk aku lulus smk memilih lngsng kerja baru lanjut kuliah biar pas lulus kuliah tinggal lanjutin karir di tempat kerja wkkww aku yakin krna kamu juga apply cv di tempat tmp yang layak untuk s kamu makanya agak susah cari yang sesuai,positif,67.25,positif
dimana Indonesia sekarang..,dimana indonesia sekarang,negatif,67.26,negatif
Like nya banyakan lu bang wkwk😂,like nya banyakan kamu bang wkwk,positif,67.26,positif
Pemerintah akan menjamin kehidupan keluarganya serta memberikan perhatian khusus kepada orang tuanya adik-adiknya dan kakak-kakaknya. PRETT PRETT. Ga bakal ada yang percaya,pemerintah akan menjamin kehidupan keluarganya serta memberikan perhatian khusus kepada orang tuanya adik adiknya dan kakak kakaknya prett prett ga bakal ada yang percaya,positif,67.27,positif
"aku janji ke diri aku sendiri, lulus SMP, fokus belajar buat SMA, lalu kerja di jepang / tinggal di jepang , biar bisa ikutan #kaburajadulu",aku janji ke diri aku sendiri lulus smp fokus belajar buat sama lalu kerja di jepang tinggal di jepang biar bisa ikutan kaburajadulu,positif,67.27,positif
"gw juga mikir gini kk , kalau gk bisa kabur krna kerja minimal bisa dpt jodoh di luar aja gmna biar bisa kabur , mngkin masa dpn anakku bisa lebih baikk kalau hidup di negara lain gtu loh 😭😭",saya juga mikir gini kakak kalau gk bisa kabur krna kerja minimal bisa dapat jodoh di luar saja gmna biar bisa kabur mngkin masa dpn anakku bisa lebih baikk kalau hidup di negara lain gtu loh,negatif,67.29,negatif
Aku usia 23? Kerja 8 to 4 sorenya ngajar TPA malem bikin orderan mulai ngerintis olshop weekend jalan pernah ke luar negeri banyak ke luar kotanya juga udah ngga minta duit ortu belajar financial literacy mulai investasi ngasih THR mulai nyetir mobil bikin cerpen.,aku usia kerja to sorenya ngajar tpa malam bikin orderan mulai ngerintis olshop weekend jalan pernah ke luar negeri banyak ke luar kotanya juga sudah tidak minta duit orang tua belajar financial literacy mulai investasi memberikan thr mulai nyetir mobil bikin cerpen,netral,67.3,netral
jirlah mimpiku dari 2019 sampe 2025 blom keturutan masi jadi mahasiswa di indo,jirlah mimpiku dari sampai blom keturutan masi jadi mahasiswa di indo,negatif,67.31,negatif
@I`Mㅤnaa?`々ㅤ亗 kaburajadulu ini trnyta,mㅤnaa 々ㅤ亗 kaburajadulu ini trnyta,netral,67.31,netral
Cerita #kaburajadulu dari masyarakat Indonesia kala itu,cerita kaburajadulu dari masyarakat indonesia kala itu,negatif,67.32,negatif
Sometime kita-kita lupa luar biasanya kerja sama itu adalah pusaka agung kami. Mari praktikkan dalam kehidupan sehari-hari untuk jaga negara dan capai kemakmuran kolektif. Bersatu Jaga Negeri https://t.co/E1WBm2sujJ,sometime kita kita lupa luar biasanya kerja sama itu adalah pusaka agung kami mari praktikkan dalam kehidupan sehari hari untuk jaga negara dan capai kemakmuran kolektif bersatu jaga negeri,positif,67.32,positif
@wuwamfs New federation keknya indo makanya pada merantau. #kaburajadulu,new federation kayaknya indo makanya pada merantau kaburajadulu,negatif,67.32,negatif
"sangking kaya nya, dikorupsi dari dulu dan yg korupsi tidak 1-2 orang aja masih ga habis kekayaan bangsa Indonesia 😏",sangking kaya nya dikorupsi dari dulu dan yang korupsi tidak orang saja masih ga habis kekayaan bangsa indonesia,positif,67.35,positif
bukan pindah pak tapi numpang tinggal sementara,bukan pindah pak tapi numpang tinggal sementara,negatif,67.35,negatif
pemerintah sih bagi aku,pemerintah sih bagi aku,negatif,67.36,negatif
@Mipadehlevel1 @bukanverdonk @Kaleidoxope ga harus luar negeri tukang apapun jg kadang ada yg jam kerjanya beda dg jam kerja normal sesimpel biarin aja mereka kerja di jam kerja mereka kita tetep bales di jam kerja kita,ga harus luar negeri tukang apapun juga kadang ada yang jam kerjanya beda dg jam kerja normal sesimpel biarin saja mereka kerja di jam kerja mereka kita tetep balas di jam kerja kita,negatif,67.37,negatif
"gen z di kampung ku udah 3 orang coy ke jepang, kelahiran 2000 an yuk bisa yuk nyusul ke jepang, Australia, jerman. 😂😭😁",gen z di kampung ku sudah orang coy ke jepang kelahiran an yuk bisa yuk nyusul ke jepang australia jerman,netral,67.37,netral
Real sii indonesia 💔,real sii indonesia,positif,67.4,positif
2. Step out on (someone) Arti: Mengkhianati pasangan dengan menjalin hubungan dengan orang lain. He stepped out on his wife with a coworker. (Dia mengkhianati istrinya dengan rekan kerjanya.) #bahasainggris #kursusbahasa #kaburajadulu,step out on someone arti mengkhianati pasangan dengan menjalin hubungan dengan orang lain he stepped out on his wife with a coworker dia mengkhianati istrinya dengan rekan kerjanya bahasainggris kursusbahasa kaburajadulu,negatif,67.41,negatif
tunggu aku punya uang dulu bang,tunggu aku punya uang dulu bang,netral,67.41,netral
@iamd0el @FT_IDN Kalo dr era kolonial iya begitu org melayu jarang kawin-beranak dgn eropa. Ditambah di era skrg ga banyak orang malay yg kerja ke luar negeri kalo Indo kan banyak yg jd pekerja migran akhirnya lahir pemain halfblood kaya Wibowo Riki Matsuda Samuel Silalahi Mikael Egill dll,kalau dr era kolonial iya begitu org melayu jarang kawin beranak dengan eropa ditambah di era skrg ga banyak orang malay yang kerja ke luar negeri kalau indo kan banyak yang jadi pekerja migran akhirnya lahir pemain halfblood kaya wibowo riki matsuda samuel silalahi mikael egill dan lain-lain,negatif,67.42,negatif
Dasa Windu sudah negara ini berdiri namun Harapan sepertinya makin sirna dilingkupi Keputusasaan akan arah masa depan negeri.. #Dirgahayu80NKRI 🇮🇩 Semoga kelak suatu hari Perubahan terjadi sehingga mindset #kaburajadulu berubah menjadi #pulangajadulu untuk membangun NKRI,dasa windu sudah negara ini berdiri namun harapan sepertinya makin sirna dilingkupi keputusasaan akan arah masa depan negeri dirgahayunkri semoga kelak suatu hari perubahan terjadi sehingga mindset kaburajadulu berubah menjadi pulangajadulu untuk membangun nkri,positif,67.44,positif
ini mah liburan 🗿,ini mah liburan,negatif,67.46,negatif
CW // nganggur Kakak² yg work! WFH di perusahaan luar negeri dengan jam kerja yang kebalik sama waktu Indo apa kesehatan nya aman? Share pengalamannya dong kak https://t.co/1KukWw5Pgm,cw tidak punya pekerjaan kakak² yang work wfh di perusahaan luar negeri dengan jam kerja yang kebalik sama waktu indo apa kesehatan nya aman share pengalamannya dong kak,netral,67.47,netral
"klo saja pindah kewarganegaraan itu gampang, gw pengen jadi warga negara Swiss😌😂 maaf, jiwa nasionalismeku setipis tisu😭",kalau saja pindah kewarganegaraan itu gampang saya pengen jadi warga negara swiss maaf jiwa nasionalismeku setipis tisu,negatif,67.47,negatif
semua orang kalo bisa pindah kayaknya pindah deh,semua orang kalau bisa pindah kayaknya pindah deh,negatif,67.48,negatif
iihh pengen joinn😭,iihh pengen joinn,positif,67.48,positif
Teman-teman yang udah berhasil #kaburajadulu mau tanya deh waktu di Indonesia yang penghasilannya udah &gt;35-100juta tapi kenapa tetap mau #kaburajadulu?,teman teman yang sudah berhasil kaburajadulu mau tanya deh waktu di indonesia yang penghasilannya sudah begitu juta tapi kenapa tetap mau kaburajadulu,negatif,67.5,negatif
aku 25thn dan skrg krja sbgai kasir gaji 350-500/mggu boro2 bs nabung & jalan2 bs ckp untk mkan nyambung ke mnggu brikutnya aja udh alhamdulillah🥲 aku mrasa trtinggal sgt jauh sma yg seusiaku,aku tahun dan skrg krja sbgai kasir gaji mggu boro bisa nabung jalan bisa cakep untk mkan nyambung ke mnggu brikutnya saja udh alhamdulillah aku mrasa trtinggal sangat jauh sama yang seusiaku,positif,67.5,positif
masuk ikut jalur legal. insyaallah kamu akan selamat.,masuk ikut jalur legal insyaallah kamu akan selamat,netral,67.51,netral
wkkwkw,wkkwkw,positif,67.52,positif
ya bgtulah smua klo ud di atas ap lg liat duit ke cuali klo iman y kuat,iya bgtulah smua kalau sudah di atas apa lagi lihat duit ke cuali kalau iman ya kuat,positif,67.54,positif
aku udah kabur kak dr 2th yg lalu 😂,aku sudah kabur kak dr th yang lalu,negatif,67.54,negatif
akhir nya ada yg sadar ayo ke luar negeri ngapain lama² disini buang waktu#kaburajadulu,akhir nya ada yang sadar ayo ke luar negeri sedang apa lama² disini buang waktukaburajadulu,netral,67.54,netral
@worksfess aku umur 25 ada tabungan tp dipake buat persiapan kerja ke luar negeri jd habis gak wise kh?,aku umur ada tabungan tapi dipake buat persiapan kerja ke luar negeri jadi habis gak wise kh,negatif,67.55,negatif
@tanyakanrl lagi join trend #Kaburajadulu kali nder,lagi join trend kaburajadulu kali nder,netral,67.56,netral
@penguincentil sekalian kak @penguincentil minta restu ke presiden petahana. beliau kan pelopor #KaburAjaDulu presiden petahana aja bisa kenapa kita nggak ya ges ya?!! wkwkwkwk ️ https://t.co/jVwChCQBiL,sekalian kak minta restu ke presiden petahana beliau kan pelopor kaburajadulu presiden petahana saja bisa kenapa kita tidak iya ges iya wkwkwkwk,negatif,67.57,negatif
"Gaji di Australia rp 50 juta, pengeluaran rp 30 juta. Nabung rp 20 juta per bulan
Gaji di Indonesia rp 3 juta, pengeluaran 5 juta. Tekor 2 juta",gaji di australia rp juta pengeluaran rp juta nabung rp juta per bulan gaji di indonesia rp juta pengeluaran juta rugi juta,negatif,67.58,negatif
semoga tahun ini buka ya kak🙂#kaburajadulu✌️wkwkwk,semoga tahun ini buka iya kakkaburajaduluwkwkwk,netral,67.58,netral
hapuuus tu orang dalem.,hapuuus tu orang dalem,positif,67.58,positif
EMANG ADA BEASISWA BAHASA JEPANG TANPA BATASAN UMUR DAN LOKASI? Jawabannya: ADA DONG! Cuma di @les_kopula! Yuk follow @les_kopula dulu biar gak ketinggalan infonya! Share juga biar temen kalian yang butuh untuk #KaburAjaDulu bisa ikut #BeasiswaKopula ini ya!,emang ada beasiswa bahasa jepang tanpa batasan umur dan lokasi jawabannya ada dong cuma di yuk follow dulu biar gak ketinggalan infonya share juga biar teman kalian yang butuh untuk kaburajadulu bisa ikut beasiswakopula ini iya,netral,67.59,netral
@IndoPopBase Kabar baik yg mau #kaburajadulu,kabar baik yang mau kaburajadulu,positif,67.6,positif
ingin hidup Damai di negara yang damai,ingin hidup damai di negara yang damai,positif,67.6,positif
kalau gini kan banyak yang setuju #KaburAjaDulu,kalau gini kan banyak yang setuju kaburajadulu,positif,67.6,positif
@ardisatriawan Lagian klo percaya sm pemerintah rukun iman nnt jd nambah ga dlu ya skip!,lagian kalau percaya sm pemerintah rukun iman nnt jadi nambah ga dulu iya skip,negatif,67.6,negatif
Sama bg,sama abang,netral,67.61,netral
lu punya value ga bre pengen digaji gde?klo skil lu masih gampang digantikan orang lain ga usah berharap gaji gde,kamu punya value ga bre pengen digaji gde kalau skil kamu masih gampang digantikan orang lain ga perlu berharap gaji gde,positif,67.61,positif
"klo duit q udah banyak aq tuh PGN bgt sebenernya ke LN tapi setiap inget vt² org yg udah pernah ksna, ttg toilet di LN aq jd g kepengen😔",kalau duit q sudah banyak saya tuh pgn banget sebenernya ke ln tapi setiap inget vt² org yang sudah pernah ksna tentang toilet di ln saya jadi g mau,negatif,67.62,negatif
@txtdrimedia Percaya sama anda Pak @prabowo ?? Big No No. Tambah bagus? No no... Liat kelakuan @DPR_RI korupsi menggika &amp; anda ksh remisi &amp; penghargaan? Pajak? Regulasi ga jelas Polisi &amp; aparat anarkis... pemerintah anda sungguh worst. 11 12 sama @jokowi,percaya sama anda pak big no no tambah bagus no no lihat kelakuan korupsi menggika amp anda ksh remisi amp penghargaan pajak regulasi ga jelas polisi amp aparat anarkis pemerintah anda sungguh worst sama,negatif,67.62,negatif
pantesan aja anak ku pengen banget pindah negara mungkin dia sudah punya firasat,pantesan saja anak ku pengen banget pindah negara mungkin dia sudah punya firasat,negatif,67.62,negatif
@kompascom #kaburajadulu udah ada dr jaman nenek moyang ternyata,kaburajadulu sudah ada dr jaman nenek moyang ternyata,negatif,67.64,negatif
Ini yang sampe sekarang jadi alasan utama ku kerja freelance aja dan kerja remote tapi ambil yang luar negeri. Kerja remote luar tetap ada potensi blackmail sih tapi setidaknya nggak separah kerja disini,ini yang sampai sekarang jadi alasan utama ku kerja freelance saja dan kerja remote tapi ambil yang luar negeri kerja remote luar tetap ada potensi blackmail sih tapi setidaknya tidak separah kerja disini,positif,67.65,positif
dari kemaren lewar iklan canadian visa app terus ya allah tau banget marketnya WNI yang mau #kaburajadulu wkwkwk pengen pindah negara,dari kemarin lewar iklan canadian visa app terus iya allah tahu banget marketnya wni yang mau kaburajadulu wkwkwk pengen pindah negara,negatif,67.65,negatif
p info,p informasi,netral,67.66,netral
pindah aja silahkan 🤪,pindah saja silahkan,negatif,67.67,negatif
"semoga lancar ya bang, doain smga gua juga bisa kabur dari nih negara 🥲",semoga lancar iya bang doain smga saya juga bisa kabur dari ini negara,negatif,67.67,negatif
@jllmisai Premis sewa harga x sama Gaji pun mcm x sama antara bandar dan luar bandar Yg kat negeri SG4 bawah seribu ada je Kat Klang Valley ni takdenya org nak kerja bawah seribu Ada pernah iv ex staff pasti...gaji extra sebab tinggal di tadika+kena masak+jaga yg balik lewat,premis sewa harga x sama gaji pun mcm x sama antara bandar dan luar bandar yang kat negeri sg bawah seribu ada je kat klang valley ini takdenya org nak kerja bawah seribu ada pernah iv mantan staff pasti gaji extra sebab tinggal di tadika kena masak jaga yang balik lewat,positif,67.67,positif
"Cari LPK di kota lu bro, berangkat ke jepang aja. Gue udah 8 tahun di jepang",cari lpk di kota kamu saudara laki-laki berangkat ke jepang saja saya sudah tahun di jepang,netral,67.68,netral
mending kerja di jepang dari pada indonesia kerja serius gaji bercanda😏,lebih baik kerja di jepang dari pada indonesia kerja serius gaji bercanda,negatif,67.69,negatif
@prabowo Mungkinkah di era rezim keberlanjutan Mulyono sang Presiden akan #KaburAjaDulu jg?,mungkinkah di era rezim keberlanjutan mulyono sang presiden akan kaburajadulu juga,negatif,67.7,negatif
nyusul bang,nyusul bang,positif,67.72,positif
Setuju. Saya kerja di indo bertahan sampe 11 thn. Pas keluar cuman dpt 8jt hahhahahaha skrng gw kerja di luar negeri. Lebih enk.,setuju saya kerja di indo bertahan sampai tahun pas keluar cuman dapat jt hahhahahaha skrng saya kerja di luar negeri lebih enk,positif,67.72,positif
MAU IKUTTT,mau ikuttt,netral,67.73,netral
pas jadi paskib doang bang 😭,pas jadi paskib doang bang,negatif,67.73,negatif
Sebelumnya #kaburajadulu dinyinyiri. Kalian sudah punya konsep gak sih? https://t.co/EYTxH8hZPb,sebelumnya kaburajadulu dinyinyiri kalian sudah punya konsep gak sih,netral,67.74,netral
udah sama bang mana gak naek² 🗿🗿seketika merasa ultramen,sudah sama bang mana gak naek² seketika merasa ultramen,netral,67.74,netral
"iyaa kebanyakan secara sejarah revolusi pasti membekaskan luka bagi masyarakat sepanjang masa, tapi justru bisa jadi itu kunci perubahan yang sebenarnya😔",iyaa kebanyakan secara sejarah revolusi pasti membekaskan luka bagi masyarakat sepanjang masa tapi justru bisa jadi itu kunci perubahan yang sebenarnya,positif,67.74,positif
"bismillah...
ya Allah akhir tahun ini atau tahun depan menetap di Madinah Ya Allah.
aaamiiin ya Allah",bismillah iya allah akhir tahun ini atau tahun depan menetap di madinah iya allah aaamiiin iya allah,positif,67.74,positif
di umur gw yg masi 16 ini gw bnr bnr mau kerja keras nabung dikit demi sedikit kalo udah kekumpul dan cukup gw bakal pergi dri negara ini.,di umur saya yang masi ini saya bnr bnr mau kerja keras nabung dikit demi sedikit kalau sudah kekumpul dan cukup saya bakal pergi dari negara ini,positif,67.75,positif
Akhirnya Indonesia kembali membahana di dunia internasional setelah banyak lawatan ke luar negeri untuk menjalin komunikasi dan banyak kerja sama dengan negara lain kali ini Presiden Prabowo Subianto sudah dipastikan akan berpidato di sidang umum PBB 23 September 2025. https://t.co/FU7n3ltXIw,akhirnya indonesia kembali membahana di dunia internasional setelah banyak lawatan ke luar negeri untuk menjalin komunikasi dan banyak kerja sama dengan negara lain kali ini presiden prabowo subianto sudah dipastikan akan berpidato di sidang umum pbb september,netral,67.76,netral
lebih dari ujian chunin 😭,lebih dari ujian chunin,negatif,67.76,negatif
KAK IKUTTTT 🥹🥹🥹,kak ikutttt,positif,67.77,positif
cari sponsor bro....,cari sponsor saudara laki-laki,negatif,67.77,negatif
#KaburAjaDulu ke Jordania,kaburajadulu ke jordania,netral,67.81,netral
buat adik-adik SMA bisa pertimbangkan #KaburAjaDulu kuliah Materials Engineering atau Mining-related Engineering di Jerman 🇩🇪 kuliahnya gratis di sana sejak dihapusnya UN jadinya nilai rapor/ijazah SMA Indonesia 🇮🇩 tidak diakui cari cara ya misalnya consult @schoters_com,buat adik adik sama bisa pertimbangkan kaburajadulu kuliah materials engineering atau mining related engineering di jerman kuliahnya gratis di sana sejak dihapusnya un jadinya nilai rapor ijazah sama indonesia tidak diakui cari cara iya misalnya consult,negatif,67.82,negatif
私もその途中です,私もその途中です,netral,67.83,netral
yukss,yukss,positif,67.83,positif
"kalau bisa kabur lu mau kemana kak
gue sih korea ya",kalau bisa kabur kamu mau kemana kak saya sih korea iya,negatif,67.85,negatif
SUATU HARI NANTI...,suatu hari nanti,netral,67.85,netral
TARGET gaji😩,target gaji,netral,67.86,netral
masalahnya gak punya duit sama gak bisa bahasa asing KLO ada dua² nya juga aku udah bikin trend dari kemarin²,masalahnya gak punya duit sama gak bisa bahasa asing kalau ada dua² nya juga aku sudah bikin trend dari kemarin²,negatif,67.87,negatif
"sabar, lulus s1 aku bakal s2 dan #kaburajadulu dari negara ini!",sabar lulus s aku bakal s dan kaburajadulu dari negara ini,positif,67.88,positif
yukkk pindah ke luar negri😭,yukkk pindah ke luar negri,netral,67.88,netral
coba aja lu bedain syarat lowongan kerja mixue Malaysia Sama di Indonesia beda banget,coba saja kamu bedain syarat lowongan kerja mixue malaysia sama di indonesia beda banget,negatif,67.89,negatif
[AnimalCrossing] Chilling sambil aku sharing tips buat #KaburAjaDulu ke Jepang Senin 1 September 20:00JST || 18:00 WIB https://t.co/gfdFV1EaWd Ini pure pengalaman aku ya yang pernah jadi student dan budak korporat di Jepang #ENVtuber #VTuberUprising #VtuberID https://t.co/LMYxMad9rB,animalcrossing chilling sambil aku sharing tips buat kaburajadulu ke jepang senin september jst wib ini pure pengalaman aku iya yang pernah jadi student dan budak korporat di jepang envtuber vtuberuprising vtuberid,positif,67.9,positif
Ngga saya nanyanya 2 itu sama apa beda?,tidak saya nanyanya itu sama apa beda,negatif,67.91,negatif
terus bilang ke Prabowo pak tolong😹,terus bilang ke prabowo pak tolong,netral,67.97,netral
"aku lagi proses belajar bahasa, semangat kk",aku lagi proses belajar bahasa semangat kakak,netral,67.98,netral
KAK IKUUUUT😭😭,kak ikuuuut,positif,67.99,positif
thanks kak..,terima kasih kak,positif,68.01,positif
@hrdbacot Di indo royal ke temen n ngutangin sodara 60-70% dr penghasilan klo #kaburajadulu org ga ngurusin idup org laen punya bayi punya lansia dapet tunjangan dr negara,di indo royal ke teman dan ngutangin sodara dr penghasilan kalau kaburajadulu org ga ngurusin idup org laen punya bayi punya lanjut usia dapat tunjangan dr negara,negatif,68.01,negatif
AHAHAHAHAHAHAH,ahahahahahahah,negatif,68.02,negatif
@Dialupanama Mauuu kemanaaa?? Akuu bisa ikut gaa??? Aku mau #kaburajadulu,mauuu kemanaaa akuu bisa ikut gaa aku mau kaburajadulu,negatif,68.03,negatif
Kalo aku bisa bahasa inggris kayanya udah cari kerja diluar negeri,kalau aku bisa bahasa inggris kayaknya sudah cari kerja diluar negeri,netral,68.04,netral
KK lihat negara Malaysia beh lebih maju skrg pdlhl kt yg lebih dulu merdeka dr mereka 🤣,kakak lihat negara malaysia beh lebih maju skrg pdlhl kita yang lebih dulu merdeka dr mereka,negatif,68.04,negatif
kalau legal ya aman aja 🙏,kalau legal iya aman saja,positif,68.05,positif
Hi Dreamers Setelah lulus SMA bingung mau lanjut kuliah di mana??? Tenang Loki aja sampe mikir keras Daripada galau mending pilih Dreamile International! Kuliah cepat bisa kerja di kapal pesiar &amp; hotel berbintang Kesempatan kerja luar negeri https://t.co/AyiDQ4tNnR,hai dreamers setelah lulus sama bingung mau lanjut kuliah di mana tenang loki saja sampai mikir keras daripada galau lebih baik pilih dreamile international kuliah cepat bisa kerja di kapal pesiar amp hotel berbintang kesempatan kerja luar negeri,positif,68.07,positif
#patrick out .,patrick out,negatif,68.09,negatif
bukanya harus lpk dll dulu ya? banyak yg simpang siur total biaya lpk sampe brangkat. gw jga pngen,bukanya harus lpk dan lain-lain dulu iya banyak yang simpang siur total biaya lpk sampai brangkat saya juga pngen,netral,68.1,netral
"gua ajh yang gak punya bapa Ema juga bisa nyari kerja walaupun gak kaya orang orang penghasilan sampe 10jt ke atas ,orang mah usaha dulu",saya ajh yang gak punya bapa ema juga bisa mencari kerja walaupun gak kaya orang orang penghasilan sampai jt ke atas orang mah usaha dulu,negatif,68.1,negatif
pengen keluar negri tp bisa gk yah pake tamatan smp? trus bisa dana talang gk,pengen keluar negri tapi bisa gk yah pakai tamatan smp trus bisa dana talang gk,negatif,68.16,negatif
pengen ikutan kabur juga tapi usia sdh 40 th.. 🥺,pengen ikutan kabur juga tapi usia sdh th,negatif,68.17,negatif
suruh bapamu aja jadi presiden,suruh bapamu saja jadi presiden,negatif,68.2,negatif
@0tk0il @Arie_Kriting Mungkin ta-gar #KaburAjaDulu dari twatter Mang Otz..,mungkin ta gar kaburajadulu dari twatter mang otz,netral,68.2,netral
ini mah generasi (C)emas wak😹😹😹,ini mah generasi c emas wak,negatif,68.23,negatif
memang kne ada dokumen tapi dia boleh masuk sempadan Malaysia guna jalan tikus.,memang kne ada dokumen tapi dia boleh masuk sempadan malaysia guna jalan tikus,negatif,68.24,negatif
apakah ini pertanda untuk memulai #KaburAjaDulu ?,apakah ini pertanda untuk memulai kaburajadulu,negatif,68.25,negatif
"aq aja mikirnya gitu,insyallah ad rencana nih ayok kak",saya saja mikirnya gitu insyallah ada rencana ini ayo kak,netral,68.26,netral
permudah dan peringan kan hidup di Indonesia..maka nasionalisme akan melekat dalam jiwa dan raga,permudah dan peringan kan hidup di indonesia maka nasionalisme akan melekat dalam jiwa dan raga,positif,68.27,positif
bismillah latihan #KaburAjaDulu https://t.co/qahW9bKLYA,bismillah latihan kaburajadulu,positif,68.27,positif
Bagi sebagian kita kabur bukan pilihan. Di mana kita berada di situ kita perjuangkan hidup kita! GHOST IN THE CELL. Hantu Dalam Penjara. Horor komedi Joko Anwar dari Come and See Pictures. Di bioskop 2026. #kaburAjaDulu #maukaburkemana https://t.co/q02fLsQuya,bagi sebagian kita kabur bukan pilihan di mana kita berada di situ kita perjuangkan hidup kita ghost in the cell hantu dalam penjara horor komedi joko anwar dari come and see pictures di bioskop kaburajadulu maukaburkemana,netral,68.29,netral
"sabar, 2thn lagi tamat sklh",sabar tahun lagi tamat sekolah,positif,68.3,positif
@triMahadi:#Kaburajadulu. selamatkan generasi2 muda dari kedzoliman dan kepunahan RAS.,kaburajadulu selamatkan generasi muda dari kedzoliman dan kepunahan ras,negatif,68.3,negatif
"tahun ini di kapal pesiar Royal dan seterusnya better kerja diluar indo serius deh 😂🙃
#kaburajadulu",tahun ini di kapal pesiar royal dan seterusnya better kerja diluar indo serius deh kaburajadulu,positif,68.3,positif
mending keluarnegri,lebih baik keluarnegri,netral,68.31,netral
@lynxluna udah siap jadi duta #kaburajadulu pak?,sudah siap jadi duta kaburajadulu pak,positif,68.31,positif
Tiba-tiba ielts biar bisa #kaburajadulu tapi yang pasti gak sekarang,tiba tiba ielts biar bisa kaburajadulu tapi yang pasti gak sekarang,negatif,68.31,negatif
allahumma sholli ala Muhammad 🤲,allahumma sholli ala muhammad,positif,68.33,positif
Sometime kita melupakan luar biasanya kerja sama itu adalah pusaka agung kami. Mari praktikkan dalam kehidupan sehari-hari untuk jaga bangsa dan realisasikan kemakmuran kolektif. Bersatu Jaga Negeri https://t.co/cKC2z5GrAv,sometime kita melupakan luar biasanya kerja sama itu adalah pusaka agung kami mari praktikkan dalam kehidupan sehari hari untuk jaga bangsa dan realisasikan kemakmuran kolektif bersatu jaga negeri,positif,68.36,positif
plan a : menikah dan punya keluarga sendiri plan b : cari kerja di luar negeri dan tinggal di sana dan sekarang mari kita jalankan plan b ‍↕️,plan a menikah dan punya keluarga sendiri plan b cari kerja di luar negeri dan tinggal di sana dan sekarang mari kita jalankan plan b,negatif,68.36,negatif
"sekolah tinggi"" gaji 1 juta🙂",sekolah tinggi gaji juta,negatif,68.36,negatif
#kaburAjaDulu ke negara lain pak kades mungkin lbh dihargai,kaburajadulu ke negara lain pak kades mungkin lbh dihargai,positif,68.37,positif
Tumben mereka pro dengan #KaburAjaDulu ,tumben mereka profesional dengan kaburajadulu,negatif,68.39,negatif
SABAR ANJAY TUNGGU LULUS SEKOLAH GW PINDAH.,sabar anjay tunggu lulus sekolah saya pindah,positif,68.4,positif
bener-bener pengen kerja di luar negeri omg gais plis help,benar benar pengen kerja di luar negeri omg gais plis help,positif,68.4,positif
#kaburajadulu masih berlaku?,kaburajadulu masih berlaku,negatif,68.41,negatif
Siapakah yang seharusnya bertanggungjawab dalam upaya peniadaan plastik? Pemerintah industri atau masyarakat? Senin Indonesian Gelap #KaburAjaDulu Yuki Kato,siapakah yang seharusnya bertanggungjawab dalam upaya peniadaan plastik pemerintah industri atau masyarakat senin indonesian gelap kaburajadulu yuki kato,negatif,68.41,negatif
Jngn pulang,jngn pulang,netral,68.41,netral
last plan,last plan,positif,68.42,positif
di bidang apa bang,di bidang apa bang,negatif,68.42,negatif
@Catatan_ali7 Nasionalisme nggak ada habis #beasiswa #kaburajadulu 🇮🇩,nasionalisme tidak ada habis beasiswa kaburajadulu,positif,68.44,positif
itulah pentingnya feedback bukan hanya dalam hubungan tapi juga tentang negara dan rakyat ☺️,itulah pentingnya feedback bukan hanya dalam hubungan tapi juga tentang negara dan rakyat,netral,68.44,netral
tergantung maunya kemana dulu bg,tergantung maunya kemana dulu abang,negatif,68.46,negatif
@txtdrimedia sy msh percaya Pak dan mmg btul setiap pemerintah butuh waktu untk proses yang penting jangan terus2 omon2 menipu rakyat. Masalahnya DPR itu tdk dlm kendali anda pak?? dan dia ga ada yg ditakutin kecuali dg cara ini,saya masih percaya pak dan mmg btul setiap pemerintah butuh waktu untk proses yang penting jangan terus omon menipu rakyat masalahnya dpr itu tidak dlm kendali anda pak dan dia ga ada yang ditakutin kecuali dg cara ini,positif,68.47,positif
@detikcom Gpp #KaburAjaDulu kan udah pernah,tidak apa-apa kaburajadulu kan sudah pernah,positif,68.47,positif
"ya sbnernya bisa research si, skarang kita juga informasi ga kurang"" ya, balik lg ke personal gmn cara merasiokan +- nya kalo mnurut mereka solusi ydh",iya sbnernya bisa research si skarang kita juga informasi ga kurang iya balik lagi ke personal gmn cara merasiokan nya kalau mnurut mereka solusi ydh,netral,68.47,netral
"IKUT, MAU BUKTIIN SAMA KELUARGA KLO GUA BISA SUKSES",ikut mau buktiin sama keluarga kalau saya bisa sukses,positif,68.48,positif
justru pemasok devisa negara,justru pemasok devisa negara,positif,68.49,positif
pengen ikutan juga 😭,pengen ikutan juga,netral,68.49,netral
tapi rata rata yg merantau di luar negri hidup nya enk pak🗿,tapi rata rata yang merantau di luar negri hidup nya enk pak,negatif,68.5,negatif
Ngurus berkas2 #KaburAjaDulu di tengah kondisi saat ini semoga selalu dilancarkan aamiin,mengurus berkas kaburajadulu di tengah kondisi saat ini semoga selalu dilancarkan aamiin,positif,68.5,positif
di luar negeri bosku👍,di luar negeri bosku,netral,68.51,netral
bismillah nyusul #kaburajadulu🙏,bismillah nyusul kaburajadulu,positif,68.51,positif
Halo minna-san! Buat minna-san yang tertarik #KAburAjaDulu ke Jepang kalian bisa ikutan webinar step-step cara kerja di ke Jepang oleh Kopula dan diakhir kita ada informasi beasiswa bahasa Jepang juga lho! Tunggu apalagi? Yuk daftar sekarang karena webinarnya besok ,halo minna san buat minna san yang tertarik kaburajadulu ke jepang kalian bisa ikutan webinar step step cara kerja di ke jepang oleh kopula dan diakhir kita ada informasi beasiswa bahasa jepang juga lho tunggu apalagi yuk daftar sekarang karena webinarnya besok,positif,68.52,positif
Aku percaya kalau pemerintah sebenernya tau pros cons tiap kebijakan toh ada teknokratnya juga tapi mereka memilih ambil jalan yg ga seharusnya,aku percaya kalau pemerintah sebenernya tahu pros cons tiap kebijakan toh ada teknokratnya juga tapi mereka memilih ambil jalan yang ga seharusnya,negatif,68.52,negatif
kerja dijepang aja deh kalo gini,kerja dijepang saja deh kalau gini,negatif,68.52,negatif
Giliran kemarin ada #Kaburajadulu malah disinisin,giliran kemarin ada kaburajadulu bahkan disinisin,netral,68.54,netral
bertahan hidup😭,bertahan hidup,positif,68.56,positif
bismillahirrahmanirrahim otw ikut #kaburajadulu tapi ke negara kuwait 😊,"bismillahirrahmanirrahim on the way, sedang di jalan ikut kaburajadulu tapi ke negara kuwait",netral,68.56,netral
Pantesan Anggota dHewan Suka Banget Kunjungan Kerja Ke Luar Negri! Selain Bisa Jalan-jalan Gratis Juga Dapet Uang Saku Belasan Juta Anggaran boros DPR seperti kunjungan kerja ke luar negeri memang sebaiknya dihapus saja. Dari dulu sudah banyak dikritik tapi tetap saja https://t.co/ka2YImJAlk,pantesan anggota dhewan suka banget kunjungan kerja ke luar negri selain bisa jalan jalan gratis juga dapat uang saku belasan juta anggaran boros dpr seperti kunjungan kerja ke luar negeri memang sebaiknya dihapus saja dari dulu sudah banyak dikritik tapi tetap saja,negatif,68.57,negatif
@katsudxnn Ini temenku juga wkwkwkwkkwk eh kocak skrg dia malah #kaburajadulu,ini temenku juga wkwkwkwkkwk eh kocak skrg dia bahkan kaburajadulu,negatif,68.57,negatif
@tanyarlfes Bisa kok di toko emas manapun jg bisa. Khusus antam bahkan bisa dijual di luar negeri krn wes akreditasi LBMA jd bisa utk modal #kaburajadulu ke LN,bisa kok di toko emas manapun juga bisa khusus antam bahkan bisa dijual di luar negeri karena wes akreditasi lbma jadi bisa untuk modal kaburajadulu ke ln,positif,68.6,positif
@tanyakanrl Kalo ada kesempatan mending kejar cari kerja atau lanjut studi di luar negeri (kalo aku saranin yg bukan beasiswa indo biar ga wajib mengabdi dan pulang). Beasiswa dari negara sana lebih enak dan abis lulus diutamakan langsung kerja di negara sana. Indo udah kaga bener.,kalau ada kesempatan lebih baik kejar cari kerja atau lanjut studi di luar negeri kalau aku saranin yang bukan beasiswa indo biar ga wajib mengabdi dan pulang beasiswa dari negara sana lebih enak dan habis lulus diutamakan langsung kerja di negara sana indo sudah tidak benar,positif,68.6,positif
"kalau aku sendiri bukan tipikal orang yang suka di atur maslah waktu,jadi aku mendirikan usaha sendiri sesuai keahlian ku dan bukan alasan untuk tidak bisa mendapatkan perkerjaan.",kalau aku sendiri bukan tipikal orang yang suka di atur maslah waktu jadi aku mendirikan usaha sendiri sesuai keahlian ku dan bukan alasan untuk tidak bisa mendapatkan perkerjaan,positif,68.61,positif
"bapak gw kerja di pabrik dari 2013 gaji tetep, paling naik dikit banget",bapak saya kerja di pabrik dari gaji tetep paling naik dikit banget,negatif,68.63,negatif
EH MALAH ADA YG KERJA DI MYANMAR😂,eh bahkan ada yang kerja di myanmar,netral,68.63,netral
wkwk iya mas org org pada fomo dikira enak kali yaa wkwk,wkwk iya mas org org pada fomo dikira enak kali yaa wkwk,positif,68.66,positif
"usia max 25 thn, di pikir 25 tahun ke atas gak butuh duit apa ya... 🥺😩",usia max tahun di pikir tahun ke atas gak butuh duit apa iya,negatif,68.66,negatif
 Sekarang ada bonus demografi tiba-tiba generasi muda yang banyak. Nah mismatchnya faktornya dari skill ini mau tidak mau kita harus menyiapkan lapangan pekerjaan di luar. https://t.co/WBcOoRDugF,sekarang ada bonus demografi tiba tiba generasi muda yang banyak nah mismatchnya faktornya dari skill ini mau tidak mau kita harus menyiapkan lapangan pekerjaan di luar,negatif,68.67,negatif
anak anak sekecil aku gak bisa ajak keluarga kabur dari negara ini ya tuhann berikanlah rezeki saya mau pergi ke jepang😟,anak anak sekecil aku gak bisa ajak keluarga kabur dari negara ini iya tuhann berikanlah rezeki saya mau pergi ke jepang,negatif,68.67,negatif
@mantab Hai kak! Aku buka jasa joki bikin CV bahasa Inggris ATS-friendly &amp; profesional Bisa diskusi bareng biar sesuai kebutuhan Free revisi sampai puas Udah banyak klien yang berhasil lolos kerja magang sampai beasiswa luar negeri ,hai kak aku buka jasa joki bikin cv bahasa inggris ats friendly amp profesional bisa diskusi bareng biar sesuai kebutuhan free revisi sampai puas sudah banyak klien yang berhasil lolos kerja magang sampai beasiswa luar negeri,netral,68.67,netral
doain visa gue lolos biar gua cabut dri konoha #kaburajadulu,doain visa saya lolos biar saya pergi dari konoha kaburajadulu,positif,68.68,positif
"lalu bagaimana dengan pemerintahan skrg?, bukankah Tujuan nasionalisme mempertahankan keutuhan dan kedaulatan negara, dan meningkatkan kesejahteraan rakyat scra mrata",lalu bagaimana dengan pemerintahan skrg bukankah tujuan nasionalisme mempertahankan keutuhan dan kedaulatan negara dan meningkatkan kesejahteraan rakyat scra mrata,negatif,68.69,negatif
ndak ada skolah klo ada skill gaji masa depan bisa cerah bang..fakta itu yg aku liht bang,tidak ada skolah kalau ada skill gaji masa depan bisa cerah bang fakta itu yang aku liht bang,positif,68.69,positif
"gk heran sih, generasi alpha, kaburajadulu, saya generasi z udah mau pulangajadulu😝😝😝☺️?",gk heran sih generasi alpha kaburajadulu saya generasi z sudah mau pulangajadulu,negatif,68.7,negatif
"Yeay! selamat, moga aku bisa nyusul.",yeay selamat moga aku bisa nyusul,positif,68.7,positif
iya kak. aamiin,iya kak aamiin,positif,68.71,positif
"bismillah jepang🤩
#KaburAjaDulu",bismillah jepang kaburajadulu,positif,68.71,positif
"bentar kak, aku lagi mohon² ini sama duit biar dia mau balikan sama aku. nanti baru ikutan trend #kaburajadulu.",sebentar kak aku lagi mohon² ini sama duit biar dia mau balikan sama aku nanti baru ikutan trend kaburajadulu,negatif,68.73,negatif
"mau dong dek,tpi. buat sepupu kk",mau dong adik tapi buat sepupu kakak,netral,68.74,netral
Dia menambahkan penguasaan bahasa asing menjadi modal penting bagi warga Jakarta agar bisa bersaing di pasar kerja termasuk di luar negeri. Sebab selama ini kata Pramono kemampuan berbahasa asing menjadi hambatan bagi pekerja Indonesia yang ingin bekerja di luar negeri.,dia menambahkan penguasaan bahasa asing menjadi modal penting bagi warga jakarta agar bisa bersaing di pasar kerja termasuk di luar negeri sebab selama ini kata pramono kemampuan berbahasa asing menjadi hambatan bagi pekerja indonesia yang ingin bekerja di luar negeri,netral,68.75,netral
tukng sapu aj 2x lipat dari umr😂,tukng sapu saja x lipat dari umr,negatif,68.75,negatif
ya mba itu standar gaji tkw mba👍👍👍,iya mbak itu standar gaji tkw mbak,negatif,68.75,negatif
jdi apaa ka mauuu,jadi apaa kakak mauuu,positif,68.77,positif
kalo nonton konser bisa sampe ke luar negeri gitu kalian kerja n penghasilan per tahunnya brp deh aku jg mau...,kalau nonton konser bisa sampai ke luar negeri gitu kalian kerja dan penghasilan per tahunnya berapa deh aku juga mau,netral,68.77,netral
"Tol, presiden udh bagus ganti pemerintah lah kcoak",tol presiden udh bagus ganti pemerintah lah kcoak,positif,68.77,positif
"ke turki bnyk jga yg kesana jadi house kiping,di otel.ga tau jga entah di byar pke dollar atau lira,tpi klu kerja nany biasanya di byar pke dollar,cma harus selektif aja carinya,b inggris hrus bisa",ke turki banyak juga yang kesana jadi house kiping di otel ga tahu juga entah di bayar pke dollar atau lira tapi klu kerja nany biasanya di bayar pke dollar cma harus selektif saja carinya b inggris harus bisa,positif,68.78,positif
Bukan soal sulitnya mencari lapangan pekerjaan dulu Prabowo punya keinginan #KaburAjaDulu ke Yordania karena persoalan politik pasca kerusuhan mei 1998. Tapi yang pasti gak bisa dipungkiri jika Prabowo ternyata pernah melakukan #KaburAjaDulu ke Timur Tengah pada saat itu. ,bukan soal sulitnya mencari lapangan pekerjaan dulu prabowo punya keinginan kaburajadulu ke yordania karena persoalan politik pasca kerusuhan mei tapi yang pasti gak bisa dipungkiri jika prabowo ternyata pernah melakukan kaburajadulu ke timur tengah pada saat itu,positif,68.79,positif
sedang belajar dengan giat untuk menuju negara jepang,sedang belajar dengan giat untuk menuju negara jepang,netral,68.8,netral
"pengin kerja di luar tapi punya anak balita 1th ,kalau bisa bawa anak juga keluar negri cusss lah",pengin kerja di luar tapi punya anak balita th kalau bisa bawa anak juga keluar negri cusss lah,positif,68.81,positif
"lah mimpi2 gw, cobaan hidup org kan beda.",lah mimpi saya cobaan hidup org kan beda,negatif,68.82,negatif
arigato seng😭,arigato seng,positif,68.82,positif
emang fungsi syarat rata rata tinggi badan 163 cm apa sih dan gunanya apa coba,emang fungsi syarat rata rata tinggi badan cm apa sih dan gunanya apa coba,negatif,68.83,negatif
negara indonesia. baca baca.,negara indonesia baca baca,netral,68.85,netral
konoha harus bisa kuasain 4 elemen😂,konoha harus bisa kuasain elemen,netral,68.87,netral
eh ktemu,eh ktemu,netral,68.88,netral
seito gw ada yg bayar 70j buat bisa kerja ke luar negeri itu juga belom tntu dapet,seito saya ada yang bayar j buat bisa kerja ke luar negeri itu juga belum tntu dapat,netral,68.9,netral
"negara negara lain ga ada batasan umur, selagi punya kemauan ya tetap di kasih",negara negara lain ga ada batasan umur selagi punya kemauan iya tetap di kasih,netral,68.93,netral
"Lah marah2, is everything ok at home? ART masak ga",lah marah is everything ok at home art masak ga,negatif,68.94,negatif
@𝚐𝚊𝚓𝚊𝚑 𝚗𝚐𝚊𝚗𝚐𝚔𝚊𝚗𝚐:@￶wisnu:kenapa g buat uang yg banyak aj kan biar dapet uang banyak 😂😂,𝚗𝚐𝚊𝚗𝚐𝚔𝚊𝚗𝚐 wisnu kenapa g buat uang yang banyak saja kan biar dapat uang banyak,negatif,68.94,negatif
emg punya duit 😂😂,emg punya duit,negatif,68.95,negatif
ojo bali 🤣🤣,ojo bali,netral,68.98,netral
bismillah bisa ke China ya Allah😭,bismillah bisa ke china iya allah,positif,68.99,positif
apalagi yg kerja ditoko kerja dari jam 8 pagi sampai jam 10 malam gajih nya 2jt 🗿,apalagi yang kerja ditoko kerja dari jam pagi sampai jam malam gajih nya jt,positif,68.99,positif
"jujur bang, gw berhari hari muter buat cari kerja. satu pun gak ada yg nyantol bang, sekarang gw lg proses mau ke Jepang. mudah mudahan lancar 👍
btw udh interview hehe",jujur bang saya berhari hari muter buat cari kerja satu pun gak ada yang nyantol bang sekarang saya lagi proses mau ke jepang mudah mudahan lancar ngomong-ngomong udh interview he,positif,69.0,positif
WoW Viral Lagi Nih Anggota DPR Yg Terhormat Kunjungan Kerja Ke Luar Negeri Gak Tahunya Kepergok Mau Wisata. Luar Biasa Dewan Yg Sangat Terhormat Sekali. Saat Dalam Negeri Sedang Ruwet Kalian Wisatawan Ke Luar Negeri https://t.co/FkWk40Sa1e,wow viral lagi ini anggota dpr yang terhormat kunjungan kerja ke luar negeri gak tahunya kepergok mau wisata luar biasa dewan yang sangat terhormat sekali saat dalam negeri sedang ruwet kalian wisatawan ke luar negeri,negatif,69.03,negatif
#punyaduitajadulu,punyaduitajadulu,netral,69.03,netral
aku udh kalian kapan,aku udh kalian kapan,netral,69.03,netral
"betul bang saya lgi nyoba ViSa Lotre itu bang mudah mudahan dapt, saya kerja di kapal IS sebelum nya ni mau nyoba di Darat.",betul bang saya lagi nyoba visa lotre itu bang mudah mudahan dapt saya kerja di kapal is sebelum nya ini mau nyoba di darat,positif,69.05,positif
3 bulan menuju tahun baru dan kita masih di sini? #kaburajadulu,bulan menuju tahun baru dan kita masih di sini kaburajadulu,positif,69.06,positif
Negara yang katanya udah merdeka selama 80th ini kayaknya emang cocok ditinggali buat mereka2 yang banyak duit. Rakyat miskin atau kelas menengah mending kerja keras di luar negeri aja sih.,negara yang katanya sudah merdeka selama th ini kayaknya emang cocok ditinggali buat mereka yang banyak duit rakyat miskin atau kelas menengah lebih baik kerja keras di luar negeri saja sih,negatif,69.07,negatif
Diplomasi luar negeri yang kuat membuka peluang kerja sama baru sedangkan Prabowo Inspektur Upacara menjadi gambaran wibawa Indonesia yang makin dihargai demi #Dirgahayu80NKRI,diplomasi luar negeri yang kuat membuka peluang kerja sama baru sedangkan prabowo inspektur upacara menjadi gambaran wibawa indonesia yang makin dihargai demi dirgahayunkri,positif,69.09,positif
@LillieAurlie Mau ajak #KaburAjaDulu tapi gatau di luar negeri ada yang jual sempol atau gak,mau ajak kaburajadulu tapi gatau di luar negeri ada yang jual sempol atau gak,negatif,69.1,negatif
"makasih sarannya kk,",terima kasih sarannya kakak,positif,69.13,positif
Andai #kaburajadulu segampang itu️,andai kaburajadulu segampang itu,negatif,69.14,negatif
tau gt gw ikut anak anak berangkat ke taiwan ya biar bisa #kaburajadulu,tahu begitu saya ikut anak anak berangkat ke taiwan iya biar bisa kaburajadulu,negatif,69.14,negatif
"fun fact nya NYATA
#kaburajadulu #gassin",fun fact nya nyata kaburajadulu gassin,positif,69.15,positif
pindah aja sekalian kk,pindah saja sekalian kakak,negatif,69.15,negatif
@twistie_donut kamu les bakor buat #KaburAjaDulu yaa kk leah,kamu les bakor buat kaburajadulu yaa kakak leah,negatif,69.19,negatif
Ya betul kak 👍👍👍,iya betul kak,positif,69.21,positif
@worksfess aku dulunya kerja di pabrik tiga tahunan trs pas semester akhir kuliah mutusin kerja jd telesales gituuu digaji cuma 600k sebulan tp itu awal aku masuk kerjaan ke whitecollar jd bisa lamar ke perusahaan call center trs dri karir jd CS aku lamar ke loker luar negeri jd content,aku dulunya kerja di pabrik tiga tahunan terus pas semester akhir kuliah mutusin kerja jadi telesales gituuu digaji cuma ke sebulan tapi itu awal aku masuk kerjaan ke whitecollar jadi bisa lamar ke perusahaan call center terus dari karir jadi cs aku lamar ke loker luar negeri jadi content,negatif,69.23,negatif
pinter bnget pada pindah nanti org luar ke indo 🥰,pinter bnget pada pindah nanti org luar ke indo,negatif,69.27,negatif
wkwk cil,wkwk cil,netral,69.29,netral
@hiifenny beasiswa luar negeri? kan gk mungkin sendirian dia pindah sedangkan aku otomatis harus cari kerja di sana kan :( wkwkwkwk yg ditawarin sekolah negeri tapi kita jg tau kualitasnya gimana ,beasiswa luar negeri kan gk mungkin sendirian dia pindah sedangkan aku otomatis harus cari kerja di sana kan wkwkwkwk yang ditawarin sekolah negeri tapi kita juga tahu kualitasnya bagaimana,positif,69.31,positif
@11bintangkcl Info loker dong kerja apa aja klo bisa luar negeri,informasi loker dong kerja apa saja kalau bisa luar negeri,netral,69.31,netral
Yes yes umur 28 balik indo mau ambil WHV kwkw,yes yes umur balik indo mau ambil whv kwkw,negatif,69.33,negatif
@JhonSitorus_18 Pemerintah juga ga serius utk menindak makanya hal2 begini terjadi berulang2.HTI dan FPI katanya dibubarkan lah tapi ustad2nya tetap bebas khotbah dimana2 hasut2.Dan sebagian muslim yg mabok agama percaya pula sama cerita surganya.masih untung banyak yg berakal sehat,pemerintah juga ga serius untuk menindak makanya hal begini terjadi berulang hti dan fpi katanya dibubarkan lah tapi ustadnya tetap bebas khotbah dimana hasut dan sebagian muslim yang mabok agama percaya pula sama cerita surganya masih untung banyak yang berakal sehat,negatif,69.34,negatif
ini mah jalan²,ini mah jalan²,positif,69.36,positif
mana ada uwang😭😭😭,mana ada uwang,negatif,69.36,negatif
mengiri,mengiri,negatif,69.37,negatif
WKWKWK BANG,wkwkwk bang,positif,69.37,positif
WASPADA TERHADAP TPPO!! Jangan gampang percaya pada tawaran pekerjaan bergaji tinggi di luar negeri jika tidak melalui prosedur resmi. Pastikan semua dokumen perjalanan dan izin kerja valid dan diperoleh melalui jalur yang sah. https://t.co/PFqMwwSIbZ,waspada terhadap tppo jangan gampang percaya pada tawaran pekerjaan bergaji tinggi di luar negeri jika tidak melalui prosedur resmi pastikan semua dokumen perjalanan dan izin kerja valid dan diperoleh melalui jalur yang sah,netral,69.39,netral
lebih mempertanyakan nasionalisme pemerintah terhadap rakyat dan negara beserta fungsinya.,lebih mempertanyakan nasionalisme pemerintah terhadap rakyat dan negara beserta fungsinya,negatif,69.39,negatif
kerja kerja kerja. nabung nabung nabung. pindah ke luar negeri. bye Indonesiaaaaa,kerja kerja kerja nabung nabung nabung pindah ke luar negeri bye indonesiaaaaa,positif,69.4,positif
@Email_external Jujur bukan kalo aku alumni situ aku ga bakalan ada di negeri konoha ini. Aku di sana kerja kak dan emg sama lagi nabung buat lanjut study s2nya di luar wkwk,jujur bukan kalau aku alumni situ aku ga akan ada di negeri konoha ini aku di sana kerja kak dan emg sama lagi nabung buat lanjut study snya di luar wkwk,negatif,69.41,negatif
faktanya kan emng gitu,faktanya kan memang gitu,negatif,69.42,negatif
@mie__iam Bakar kantornya yang lama. Tapi jawaban seriusnya emang harus rajin kirim tiap hari lewat jobstreet + follow irstudents di ig kalo mau kerjaan yang #kaburajadulu. Sama kalo lowongan kreatif bisa ke geometrymedia.,bakar kantornya yang lama tapi jawaban seriusnya emang harus rajin kirim tiap hari lewat jobstreet follow irstudents di ig kalau mau kerjaan yang kaburajadulu sama kalau lowongan kreatif bisa ke geometrymedia,netral,69.42,netral
Emang iya kan bantuan dari pemerintah tuh bukan bikin Indonesia terbantu tapi bikin masyarakat jadi pemalas. Senin Indonesian Gelap #KaburAjaDulu Yuki Kato,emang iya kan bantuan dari pemerintah tuh bukan bikin indonesia terbantu tapi bikin masyarakat jadi pemalas senin indonesian gelap kaburajadulu yuki kato,negatif,69.43,negatif
bener-bener Wakil Rakyat mewakili Rakyat sampe segala aspek sampai #KaburAjaDulu juga diwakili sama mereka,benar benar wakil rakyat mewakili rakyat sampai segala aspek sampai kaburajadulu juga diwakili sama mereka,positif,69.44,positif
lo aja ama keluarga lo,kamu saja sama keluarga kamu,netral,69.44,netral
@tempikslippery kurang tau kalau TFnya tp kalau emaknya punya PT penyalur tenaga kerja ke luar negeri,kurang tahu kalau tfnya tapi kalau emaknya punya pt penyalur tenaga kerja ke luar negeri,netral,69.46,netral
bner bgt,bner banget,positif,69.46,positif
yg pasti untuk gaji UMR seperti saya gk bakal bisa kabur aja dulu😔,yang pasti untuk gaji umr seperti saya gk bakal bisa kabur saja dulu,negatif,69.5,negatif
pengen bgt ikutan trend ini kabur bukan berati g cinta tanah air tp pingin keburu untuk memperbaiki ekonomi kelurga,pengen banget ikutan trend ini kabur bukan berati g cinta tanah air tapi pingin terlanjur untuk memperbaiki ekonomi kelurga,positif,69.5,positif
#punyaduitdulubarukabur,punyaduitdulubarukabur,positif,69.51,positif
Save dlu insya Allah tahun ini bisa kesampaian pindah ke LN 😄🙏🏻,save dulu insya allah tahun ini bisa kesampaian pindah ke ln,positif,69.52,positif
Curiga tuty besok nonton dreamies kapan lagi kerja ke luar negeri sekalian ketemu idol nya konser ,curiga tuty besok nonton dreamies kapan lagi kerja ke luar negeri sekalian ketemu idol nya konser,negatif,69.53,negatif
dengan nasionalisme di konoha bisa dapat kartu bebas korupsi😁,dengan nasionalisme di konoha bisa dapat kartu bebas korupsi,netral,69.53,netral
@letsg0eun ntar keluar hastag #kaburajadulu,nanti keluar hastag kaburajadulu,netral,69.54,netral
@hnirankara Buzzer tuh beneran ga baca yah setidaknya selamatkan dompetmu tapi kayaknya dia kerja sesuai jobdesk... apapun itu ku sudah ga percaya sm pemerintah dan mulai selamatkan apa yg ku punya.. thanks infonya mas kebetulan sy tinggal di desa yg beras dan sayurnya ga import,buzzer tuh beneran ga baca yah setidaknya selamatkan dompetmu tapi kayaknya dia kerja sesuai jobdesk apapun itu ku sudah ga percaya sm pemerintah dan mulai selamatkan apa yang ku punya terima kasih infonya mas kebetulan saya tinggal di desa yang beras dan sayurnya ga import,negatif,69.56,negatif
"2020: #dirumahaja
2025: #kaburajadulu
2030: #ekonomi
2035: #indobubar?",dirumahaja kaburajadulu ekonomi indobubar,negatif,69.56,negatif
@vadjongin @goraici Karena dia pake #kaburajadulu,karena dia pakai kaburajadulu,netral,69.56,netral
@tanyakanrl keterima kerja remote di luar negeri gaji hampir sama kerjaan disini yg 8 jam sehari pdhl kerjanya cm 2 jam ,keterima kerja remote di luar negeri gaji hampir sama kerjaan disini yang jam sehari pdhl kerjanya cm jam,negatif,69.6,negatif
"persyaratan harus good looking tpi gaji cuma 1,2jt🤣",persyaratan harus good looking tapi gaji cuma jt,negatif,69.6,negatif
@levifikri @ivokun Mas @ivokun memang trend setter ini. Magnet bagi para tech bros yg capek dihujat netizen dan ingin #KaburAjaDulu. ,mas memang trend setter ini magnet bagi para tech bros yang capek dihujat netizen dan ingin kaburajadulu,negatif,69.63,negatif
ternyata dia gasalah pilih jalan 😞,ternyata dia gasalah pilih jalan,negatif,69.64,negatif
buat mewujudkan #KaburAjaDulu putra-putri terbaik bangsa deserve a better country!,buat mewujudkan kaburajadulu putra putri terbaik bangsa deserve a better country,positif,69.65,positif
@pmdskd_a14 Semoga disetujui lah kapan lagi bisa #KaburAjaDulu kalau ada kesempatan,semoga disetujui lah kapan lagi bisa kaburajadulu kalau ada kesempatan,netral,69.65,netral
"doain ya kak , aku kaburajadulu bermodal 6juta semoga bisa sampai sana",doain iya kak aku kaburajadulu bermodal juta semoga bisa sampai sana,positif,69.65,positif
bos2 yg punya kantor atau perusahaan apapun mana perduli yg penting untung hahahah,bos yang punya kantor atau perusahaan apapun mana perduli yang penting untung hahahah,positif,69.65,positif
okey gaperlu kabur login epep dulu🗿,okey gaperlu kabur login epep dulu,netral,69.65,netral
Singapore Aman Kah Men ? ada beberapa Brosur disini kerja Di Cafe Ama Hotel gatau bener apa ngga soalnya dikotaku rata2 ya gitu,singapore aman kah men ada beberapa brosur disini kerja di cafe sama hotel gatau benar apa tidak soalnya dikotaku rata iya gitu,negatif,69.66,negatif
@nomerorae @NenkMonica Selama ini yang ngurus coretex orang kita dan anak muda lebih pengen kerja di luar negeri gajinya lebih gede,selama ini yang mengurus coretex orang kita dan anak muda lebih pengen kerja di luar negeri gajinya lebih gede,negatif,69.67,negatif
lu mah bukan trend kabur aja dulu bang tp lu emang jalan2,kamu mah bukan trend kabur saja dulu bang tapi kamu emang jalan,negatif,69.67,negatif
"namanya timnas ya menyeluruh dri semua cabang olhrga🗿.
kam timnas tu TIM NASIONAL",namanya timnas iya menyeluruh dari semua cabang olhrga kam timnas tu tim nasional,netral,69.67,netral
@nashwuu @lunevelous saatnya pindah hayuk #kaburajadulu,saatnya pindah hayuk kaburajadulu,negatif,69.7,negatif
@arsipmim Kelanjutannya dia ikut #KaburAjaDulu ke Yordania bang,kelanjutannya dia ikut kaburajadulu ke yordania bang,negatif,69.71,negatif
pengen cuma masi sekolah 😢😢😢,pengen cuma masi sekolah,netral,69.71,netral
harus belajar dulu and kerjaa🗿👍,harus belajar dulu and kerjaa,negatif,69.72,negatif
Di hari menuju 17an ini gw cm mau berdoa semoga Tuhan selalu memberkati pahlawan dan pejuang kemerdekaan yang sudah berpulang karena di saat mereka bisa #kaburajadulu dengan jutaan alasan yang valid mereka memilih bertahan dan melawan.,di hari menuju an ini saya cm mau berdoa semoga tuhan selalu memberkati pahlawan dan pejuang kemerdekaan yang sudah berpulang karena di saat mereka bisa kaburajadulu dengan jutaan alasan yang valid mereka memilih bertahan dan melawan,positif,69.72,positif
Gajiy,gajiy,negatif,69.72,negatif
ngikut bang,ikut bang,netral,69.73,netral
@primawansatrio jiwa ingin #KaburAjaDulu makin membara,jiwa ingin kaburajadulu makin membara,negatif,69.74,negatif
ada yg bilang oompa loompa,ada yang bilang oompa loompa,netral,69.74,netral
With all due respect bpk2 pejabat harga diri kalian ngga bisa ngasi makan org2 yg kena bencana nyediain tempat utk mereka tidur balikin mata pencaharian mereka. Bantuan dari alien planet saturnus juga selama bisa digunakan mereka ga peduli #hargadiripresiden #indonesiagelap,with all due respect bapak pejabat harga diri kalian tidak bisa ngasi makan org yang kena bencana nyediain tempat untuk mereka tidur balikin mata pencaharian mereka bantuan dari alien planet saturnus juga selama bisa digunakan mereka ga peduli hargadiripresiden indonesiagelap,negatif,69.74,negatif
@txtdrimedia liat orang dilindes aparat kita harus tenang dan tetep percaya sm pemerintah??? DUDEE BETTER YOU STFU DEH KALO GA ADA AKSI,lihat orang dilindes aparat kita harus tenang dan tetep percaya sm pemerintah dudee better you stfu deh kalau ga ada aksi,positif,69.77,positif
ke Malaysia aja lebih mudah 2 THN disana nabung nyicil buat ke jepang lagian Malaysia bahasa gk harus belajar..bisa dipotong gaji,ke malaysia saja lebih mudah tahun disana nabung mencicil buat ke jepang lagian malaysia bahasa gk harus belajar bisa dipotong gaji,negatif,69.78,negatif
@jikajik7 @clesspykreme @tsetchaiklatte @kenstudyy @PNS_Ababil @kemkomdigi Semua bisa kok kalau mau. Buktinya banned live tiktok aja gampang banget. Naikin gaji pejabat gampang banget. Asal mau mah bisa. Aku percaya pemerintah tuh ga bego bego banget menolak aja untuk beneran peduli sama rakyat.,semua bisa kok kalau mau buktinya banned live tiktok saja gampang banget naikin gaji pejabat gampang banget asal mau mah bisa aku percaya pemerintah tuh ga bego bego banget menolak saja untuk beneran peduli sama rakyat,positif,69.8,positif
@`Skipper•>>,skipper,negatif,69.8,negatif
"ada dana talangan Korea Jerman Jepang, masih mudah gass, keluar negeri emang gak bikin kaya tapi apa2 yang gw inginkan terpenuhi",ada dana talangan korea jerman jepang masih mudah gass keluar negeri emang gak bikin kaya tapi apa yang saya inginkan terpenuhi,negatif,69.8,negatif
"gak juga bang, yg penting ada pengalaman sama sertifikat pendukung aja",gak juga bang yang penting ada pengalaman sama sertifikat pendukung saja,netral,69.8,netral
Menjadi perantau di luar negeri alias diaspora tidaklah mudah. Kerja keras harus dilakukan jika ingin bertahan hidup. Kesulitan sering dialami dan ditangani sendiri. #Tokoh #AdadiKompas https://t.co/lAEqWYjQqR,menjadi perantau di luar negeri alias diaspora tidaklah mudah kerja keras harus dilakukan jika ingin bertahan hidup kesulitan sering dialami dan ditangani sendiri tokoh adadikompas,positif,69.8,positif
haii guys im indonesian gue mau pindah kerja anjj ga kuat gw di sini. Yang punya background lulusan metallurgical engineering yg kerja di luar negeri wni dm gue pliss gue ikut kerja lah anjir ga punya ordal guee,haii teman-teman im indonesian saya mau pindah kerja anjj ga kuat saya di sini yang punya background lulusan metallurgical engineering yang kerja di luar negeri wni dm saya pliss saya ikut kerja lah anjing ga punya ordal guee,negatif,69.81,negatif
@SahroniNasdem hastag #KaburAjaDulu jadi kenyataan,hastag kaburajadulu jadi kenyataan,negatif,69.82,negatif
trend ini gaboleh berakhir sampe aku bisa post juga,trend ini gaboleh berakhir sampai aku bisa post juga,positif,69.83,positif
"real bgt lgi kak, skrang emng sesusah itu cri kerja 😔",real banget lagi kak skrang memang sesusah itu cri kerja,negatif,69.83,negatif
Setiap orang yg kuliah atau belajar ataupun kerja di luar negeri di pastikan mereka pandai berbahasa internasional (walo cuma 50%) dn minimal mereka belajar dulu agar dapat berkomunikasi di negeri tsb. #CobaTestBahasanya,setiap orang yang kuliah atau belajar ataupun kerja di luar negeri di pastikan mereka pandai berbahasa internasional walo cuma dn minimal mereka belajar dulu agar dapat berkomunikasi di negeri tsb cobatestbahasanya,netral,69.86,netral
@skindamarin Maksih osh pndapatnya. Sbnernya mo cari yg ibu kosnya tinggal di kosan jua tp kok mager pindahan yak wkwk Trkait rumah ragu sih. Makin lama makin mahal kan harganya wkwk. Tp blm tentu jua menetap dsini kan pen ikutan hashtag #kaburajadulu ,maksih osh pndapatnya sbnernya mau cari yang ibu kosnya tinggal di kosan jua tapi kok mager pindahan yak wkwk trkait rumah ragu sih makin lama makin mahal kan harganya wkwk tapi belum tentu jua menetap dsini kan pen ikutan hashtag kaburajadulu,negatif,69.87,negatif
@KangManto123 Sudah sesuai skenario #KaburAjaDulu #TolakRUUKejaksaan,sudah sesuai skenario kaburajadulu tolakruukejaksaan,negatif,69.87,negatif
Udah lama gak #KaburAjaDulu ! Yuk yang mau kabur ke Jepang via jalur akademik ke kampus paling SDGs se-Jepang free via MEXT University Recommendation easy and simple way tinggal bergantung ke nasib monggo dicobaaaa! https://t.co/MwJg0B9ddg,sudah lama gak kaburajadulu yuk yang mau kabur ke jepang via jalur akademik ke kampus paling sdgs se jepang free via mext university recommendation easy and simple way tinggal bergantung ke nasib monggo dicobaaaa,positif,69.88,positif
bukannya tiket ditanggung perusahaan di jepang,bukannya tiket ditanggung perusahaan di jepang,negatif,69.89,negatif
"harap kamu masuk secara legal ya,kami disini tak halang mau masuk yang penting legal",harap kamu masuk secara legal iya kami disini tidak halang mau masuk yang penting legal,netral,69.9,netral
@ramyeog Dek papap butuh duit buat #KaburAjaDulu.,adik papap butuh duit buat kaburajadulu,negatif,69.9,negatif
"wkwk bener banget, bapak sy guru gajinya kecil. ga cukup buat nafkah ber4. pdhl guru sangat berjasa klo dipikir2🥴",wkwk benar banget bapak saya guru gajinya kecil ga cukup buat nafkah ber pdhl guru sangat berjasa kalau dipikir,negatif,69.92,negatif
bikin usaha aja ga si,bikin usaha saja ga si,negatif,69.95,negatif
Jalur P to P kalau mau cepat.,jalur p to p kalau mau cepat,netral,69.95,netral
"Dan aq salah satunya yg # kaburaja dulu. Dah lbh 25 thun kabur.
Dispointed with my country",dan saya salah satunya yang kaburaja dulu deh lbh thun kabur dispointed with my country,netral,69.96,netral
udah yapping nya?,sudah yapping nya,positif,69.96,positif
@senjatanuklir Eko udh di china sahroni kabar terakhir di sg. Wowww the real #kaburajadulu,eko udh di china sahroni kabar terakhir di sg wowww the real kaburajadulu,netral,69.96,netral
nampaknya bisa di fikirkan buat ikut trend ini,nampaknya bisa di fikirkan buat ikut trend ini,positif,69.98,positif
@tweetmiliter Pemerintah aja percaya kok jadi ga heran yg di bawah ikut percaya,pemerintah saja percaya kok jadi ga heran yang di bawah ikut percaya,positif,69.99,positif
sama gua juga.. kerja luar negri gak pakai ijazah😂,sama saya juga kerja luar negri gak pakai ijazah,netral,69.99,netral
"gw nggak bisa ngasih loker
tapi kalo lu sendiri mau niat nyari
mungkin banyak lpk yang bener² bisa ngeberangkatin",saya tidak bisa memberikan loker tapi kalau kamu sendiri mau niat mencari mungkin banyak lpk yang bener² bisa ngeberangkatin,netral,69.99,netral
@carien🇦🇪 punya duit dulu baru bisa #kaburajadulu 😭😭,punya duit dulu baru bisa kaburajadulu,negatif,69.99,negatif
